Refrigerante,temperature_c,state_name,pressure_bar,pressure_psi
R-134a,-50,Saturated Liquid (Bubble Point),0.3322,4.82
R-134a,-50,Saturated Vapor (Dew Point),0.3322,4.82
R-134a,-45,Saturated Liquid (Bubble Point),0.4334,6.29
R-134a,-45,Saturated Vapor (Dew Point),0.4334,6.29
R-134a,-40,Saturated Liquid (Bubble Point),0.5614,8.14
R-134a,-40,Saturated Vapor (Dew Point),0.5614,8.14
R-134a,-35,Saturated Liquid (Bubble Point),0.7196,10.44
R-134a,-35,Saturated Vapor (Dew Point),0.7196,10.44
R-134a,-30,Saturated Liquid (Bubble Point),0.9129,13.24
R-134a,-30,Saturated Vapor (Dew Point),0.9129,13.24
R-134a,-25,Saturated Liquid (Bubble Point),1.1469,16.63
R-134a,-25,Saturated Vapor (Dew Point),1.1469,16.63
R-134a,-20,Saturated Liquid (Bubble Point),1.4273,20.7
R-134a,-20,Saturated Vapor (Dew Point),1.4273,20.7
R-134a,-15,Saturated Liquid (Bubble Point),1.7604,25.53
R-134a,-15,Saturated Vapor (Dew Point),1.7604,25.53
R-134a,-10,Saturated Liquid (Bubble Point),2.1526,31.22
R-134a,-10,Saturated Vapor (Dew Point),2.1526,31.22
R-134a,-5,Saturated Liquid (Bubble Point),2.6105,37.86
R-134a,-5,Saturated Vapor (Dew Point),2.6105,37.86
R-134a,0,Saturated Liquid (Bubble Point),3.1406,45.55
R-134a,0,Saturated Vapor (Dew Point),3.1406,45.55
R-134a,5,Saturated Liquid (Bubble Point),3.7496,54.38
R-134a,5,Saturated Vapor (Dew Point),3.7496,54.38
R-134a,10,Saturated Liquid (Bubble Point),4.4437,64.45
R-134a,10,Saturated Vapor (Dew Point),4.4437,64.45
R-134a,15,Saturated Liquid (Bubble Point),5.2291,75.84
R-134a,15,Saturated Vapor (Dew Point),5.2291,75.84
R-134a,20,Saturated Liquid (Bubble Point),6.1115,88.64
R-134a,20,Saturated Vapor (Dew Point),6.1115,88.64
R-134a,25,Saturated Liquid (Bubble Point),7.0959,102.92
R-134a,25,Saturated Vapor (Dew Point),7.0959,102.92
R-134a,30,Saturated Liquid (Bubble Point),8.187,118.74
R-134a,30,Saturated Vapor (Dew Point),8.187,118.74
R-134a,35,Saturated Liquid (Bubble Point),9.3885,136.17
R-134a,35,Saturated Vapor (Dew Point),9.3885,136.17
R-134a,40,Saturated Liquid (Bubble Point),10.7035,155.24
R-134a,40,Saturated Vapor (Dew Point),10.7035,155.24
R-134a,45,Saturated Liquid (Bubble Point),12.1344,175.99
R-134a,45,Saturated Vapor (Dew Point),12.1344,175.99
R-134a,50,Saturated Liquid (Bubble Point),13.6825,198.45
R-134a,50,Saturated Vapor (Dew Point),13.6825,198.45
R-134a,55,Saturated Liquid (Bubble Point),15.3487,222.61
R-134a,55,Saturated Vapor (Dew Point),15.3487,222.61
R-134a,60,Saturated Liquid (Bubble Point),17.1328,248.49
R-134a,60,Saturated Vapor (Dew Point),17.1328,248.49
R-134a,65,Saturated Liquid (Bubble Point),19.0344,276.07
R-134a,65,Saturated Vapor (Dew Point),19.0344,276.07
R-134a,70,Saturated Liquid (Bubble Point),21.0524,305.34
R-134a,70,Saturated Vapor (Dew Point),21.0524,305.34
R-600a,-50,Saturated Liquid (Bubble Point),0.1671,2.42
R-600a,-50,Saturated Vapor (Dew Point),0.1671,2.42
R-600a,-45,Saturated Liquid (Bubble Point),0.2188,3.17
R-600a,-45,Saturated Vapor (Dew Point),0.2188,3.17
R-600a,-40,Saturated Liquid (Bubble Point),0.2833,4.11
R-600a,-40,Saturated Vapor (Dew Point),0.2833,4.11
R-600a,-35,Saturated Liquid (Bubble Point),0.3627,5.26
R-600a,-35,Saturated Vapor (Dew Point),0.3627,5.26
R-600a,-30,Saturated Liquid (Bubble Point),0.4597,6.67
R-600a,-30,Saturated Vapor (Dew Point),0.4597,6.67
R-600a,-25,Saturated Liquid (Bubble Point),0.5829,8.45
R-600a,-25,Saturated Vapor (Dew Point),0.5829,8.45
R-600a,-20,Saturated Liquid (Bubble Point),0.7356,10.67
R-600a,-20,Saturated Vapor (Dew Point),0.7356,10.67
R-600a,-15,Saturated Liquid (Bubble Point),0.92,13.34
R-600a,-15,Saturated Vapor (Dew Point),0.92,13.34
R-600a,-10,Saturated Liquid (Bubble Point),1.1409,16.55
R-600a,-10,Saturated Vapor (Dew Point),1.1409,16.55
R-600a,-5,Saturated Liquid (Bubble Point),1.4034,20.35
R-600a,-5,Saturated Vapor (Dew Point),1.4034,20.35
R-600a,0,Saturated Liquid (Bubble Point),1.7128,24.84
R-600a,0,Saturated Vapor (Dew Point),1.7128,24.84
R-600a,5,Saturated Liquid (Bubble Point),2.0747,30.09
R-600a,5,Saturated Vapor (Dew Point),2.0747,30.09
R-600a,10,Saturated Liquid (Bubble Point),2.4949,36.18
R-600a,10,Saturated Vapor (Dew Point),2.4949,36.18
R-600a,15,Saturated Liquid (Bubble Point),2.9792,43.21
R-600a,15,Saturated Vapor (Dew Point),2.9792,43.21
R-600a,20,Saturated Liquid (Bubble Point),3.5337,51.25
R-600a,20,Saturated Vapor (Dew Point),3.5337,51.25
R-600a,25,Saturated Liquid (Bubble Point),4.1643,60.4
R-600a,25,Saturated Vapor (Dew Point),4.1643,60.4
R-600a,30,Saturated Liquid (Bubble Point),4.8766,70.73
R-600a,30,Saturated Vapor (Dew Point),4.8766,70.73
R-600a,35,Saturated Liquid (Bubble Point),5.6763,82.33
R-600a,35,Saturated Vapor (Dew Point),5.6763,82.33
R-600a,40,Saturated Liquid (Bubble Point),6.5685,95.27
R-600a,40,Saturated Vapor (Dew Point),6.5685,95.27
R-600a,45,Saturated Liquid (Bubble Point),7.5581,109.62
R-600a,45,Saturated Vapor (Dew Point),7.5581,109.62
R-600a,50,Saturated Liquid (Bubble Point),8.6494,125.45
R-600a,50,Saturated Vapor (Dew Point),8.6494,125.45
R-600a,55,Saturated Liquid (Bubble Point),9.8461,142.81
R-600a,55,Saturated Vapor (Dew Point),9.8461,142.81
R-600a,60,Saturated Liquid (Bubble Point),11.1515,161.74
R-600a,60,Saturated Vapor (Dew Point),11.1515,161.74
R-600a,65,Saturated Liquid (Bubble Point),12.5681,182.29
R-600a,65,Saturated Vapor (Dew Point),12.5681,182.29
R-600a,70,Saturated Liquid (Bubble Point),14.0976,204.47
R-600a,70,Saturated Vapor (Dew Point),14.0976,204.47
R-290,-50,Saturated Liquid (Bubble Point),0.7014,10.17
R-290,-50,Saturated Vapor (Dew Point),0.7014,10.17
R-290,-45,Saturated Liquid (Bubble Point),0.9042,13.11
R-290,-45,Saturated Vapor (Dew Point),0.9042,13.11
R-290,-40,Saturated Liquid (Bubble Point),1.1533,16.73
R-290,-40,Saturated Vapor (Dew Point),1.1533,16.73
R-290,-35,Saturated Liquid (Bubble Point),1.456,21.12
R-290,-35,Saturated Vapor (Dew Point),1.456,21.12
R-290,-30,Saturated Liquid (Bubble Point),1.8203,26.4
R-290,-30,Saturated Vapor (Dew Point),1.8203,26.4
R-290,-25,Saturated Liquid (Bubble Point),2.2548,32.7
R-290,-25,Saturated Vapor (Dew Point),2.2548,32.7
R-290,-20,Saturated Liquid (Bubble Point),2.7681,40.15
R-290,-20,Saturated Vapor (Dew Point),2.7681,40.15
R-290,-15,Saturated Liquid (Bubble Point),3.3693,48.87
R-290,-15,Saturated Vapor (Dew Point),3.3693,48.87
R-290,-10,Saturated Liquid (Bubble Point),4.0675,58.99
R-290,-10,Saturated Vapor (Dew Point),4.0675,58.99
R-290,-5,Saturated Liquid (Bubble Point),4.8717,70.66
R-290,-5,Saturated Vapor (Dew Point),4.8717,70.66
R-290,0,Saturated Liquid (Bubble Point),5.7907,83.99
R-290,0,Saturated Vapor (Dew Point),5.7907,83.99
R-290,5,Saturated Liquid (Bubble Point),6.8329,99.1
R-290,5,Saturated Vapor (Dew Point),6.8329,99.1
R-290,10,Saturated Liquid (Bubble Point),8.006,116.12
R-290,10,Saturated Vapor (Dew Point),8.006,116.12
R-290,15,Saturated Liquid (Bubble Point),9.3172,135.13
R-290,15,Saturated Vapor (Dew Point),9.3172,135.13
R-290,20,Saturated Liquid (Bubble Point),10.7725,156.24
R-290,20,Saturated Vapor (Dew Point),10.7725,156.24
R-290,25,Saturated Liquid (Bubble Point),12.3771,179.51
R-290,25,Saturated Vapor (Dew Point),12.3771,179.51
R-290,30,Saturated Liquid (Bubble Point),14.135,205.01
R-290,30,Saturated Vapor (Dew Point),14.135,205.01
R-290,35,Saturated Liquid (Bubble Point),16.0489,232.77
R-290,35,Saturated Vapor (Dew Point),16.0489,232.77
R-290,40,Saturated Liquid (Bubble Point),18.1206,262.82
R-290,40,Saturated Vapor (Dew Point),18.1206,262.82
R-290,45,Saturated Liquid (Bubble Point),20.3502,295.16
R-290,45,Saturated Vapor (Dew Point),20.3502,295.16
R-290,50,Saturated Liquid (Bubble Point),22.7372,329.78
R-290,50,Saturated Vapor (Dew Point),22.7372,329.78
R-290,55,Saturated Liquid (Bubble Point),25.2797,366.65
R-290,55,Saturated Vapor (Dew Point),25.2797,366.65
R-290,60,Saturated Liquid (Bubble Point),27.975,405.74
R-290,60,Saturated Vapor (Dew Point),27.975,405.74
R-290,65,Saturated Liquid (Bubble Point),30.8199,447.01
R-290,65,Saturated Vapor (Dew Point),30.8199,447.01
R-290,70,Saturated Liquid (Bubble Point),33.8108,490.38
R-290,70,Saturated Vapor (Dew Point),33.8108,490.38
R-12,-50,Saturated Liquid (Bubble Point),0.3777,5.48
R-12,-50,Saturated Vapor (Dew Point),0.3777,5.48
R-12,-45,Saturated Liquid (Bubble Point),0.4902,7.11
R-12,-45,Saturated Vapor (Dew Point),0.4902,7.11
R-12,-40,Saturated Liquid (Bubble Point),0.6329,9.18
R-12,-40,Saturated Vapor (Dew Point),0.6329,9.18
R-12,-35,Saturated Liquid (Bubble Point),0.8158,11.83
R-12,-35,Saturated Vapor (Dew Point),0.8158,11.83
R-12,-30,Saturated Liquid (Bubble Point),1.0409,15.1
R-12,-30,Saturated Vapor (Dew Point),1.0409,15.1
R-12,-25,Saturated Liquid (Bubble Point),1.3151,19.07
R-12,-25,Saturated Vapor (Dew Point),1.3151,19.07
R-12,-20,Saturated Liquid (Bubble Point),1.6459,23.87
R-12,-20,Saturated Vapor (Dew Point),1.6459,23.87
R-12,-15,Saturated Liquid (Bubble Point),2.0417,29.61
R-12,-15,Saturated Vapor (Dew Point),2.0417,29.61
R-12,-10,Saturated Liquid (Bubble Point),2.5108,36.42
R-12,-10,Saturated Vapor (Dew Point),2.5108,36.42
R-12,-5,Saturated Liquid (Bubble Point),3.0623,44.42
R-12,-5,Saturated Vapor (Dew Point),3.0623,44.42
R-12,0,Saturated Liquid (Bubble Point),3.7054,53.74
R-12,0,Saturated Vapor (Dew Point),3.7054,53.74
R-12,5,Saturated Liquid (Bubble Point),4.4493,64.53
R-12,5,Saturated Vapor (Dew Point),4.4493,64.53
R-12,10,Saturated Liquid (Bubble Point),5.3035,76.92
R-12,10,Saturated Vapor (Dew Point),5.3035,76.92
R-12,15,Saturated Liquid (Bubble Point),6.2769,91.04
R-12,15,Saturated Vapor (Dew Point),6.2769,91.04
R-12,20,Saturated Liquid (Bubble Point),7.3784,107.01
R-12,20,Saturated Vapor (Dew Point),7.3784,107.01
R-12,25,Saturated Liquid (Bubble Point),8.6163,124.97
R-12,25,Saturated Vapor (Dew Point),8.6163,124.97
R-12,30,Saturated Liquid (Bubble Point),9.9983,145.01
R-12,30,Saturated Vapor (Dew Point),9.9983,145.01
R-12,35,Saturated Liquid (Bubble Point),11.5312,167.25
R-12,35,Saturated Vapor (Dew Point),11.5312,167.25
R-12,40,Saturated Liquid (Bubble Point),13.221,191.76
R-12,40,Saturated Vapor (Dew Point),13.221,191.76
R-12,45,Saturated Liquid (Bubble Point),15.0728,218.61
R-12,45,Saturated Vapor (Dew Point),15.0728,218.61
R-12,50,Saturated Liquid (Bubble Point),17.0904,247.88
R-12,50,Saturated Vapor (Dew Point),17.0904,247.88
R-12,55,Saturated Liquid (Bubble Point),19.2767,279.59
R-12,55,Saturated Vapor (Dew Point),19.2767,279.59
R-12,60,Saturated Liquid (Bubble Point),21.6334,313.77
R-12,60,Saturated Vapor (Dew Point),21.6334,313.77
R-12,65,Saturated Liquid (Bubble Point),24.161,350.43
R-12,65,Saturated Vapor (Dew Point),24.161,350.43
R-12,70,Saturated Liquid (Bubble Point),26.8595,389.56
R-12,70,Saturated Vapor (Dew Point),26.8595,389.56
R-401A,-50,Saturated Liquid (Bubble Point),0.4365,6.33
R-401A,-50,Saturated Vapor (Dew Point),0.3929,5.7
R-401A,-45,Saturated Liquid (Bubble Point),0.5634,8.17
R-401A,-45,Saturated Vapor (Dew Point),0.5094,7.39
R-401A,-40,Saturated Liquid (Bubble Point),0.7291,10.57
R-401A,-40,Saturated Vapor (Dew Point),0.6581,9.54
R-401A,-35,Saturated Liquid (Bubble Point),0.9352,13.56
R-401A,-35,Saturated Vapor (Dew Point),0.8476,12.29
R-401A,-30,Saturated Liquid (Bubble Point),1.1874,17.22
R-401A,-30,Saturated Vapor (Dew Point),1.0805,15.67
R-401A,-25,Saturated Liquid (Bubble Point),1.4931,21.66
R-401A,-25,Saturated Vapor (Dew Point),1.3639,19.78
R-401A,-20,Saturated Liquid (Bubble Point),1.8601,26.98
R-401A,-20,Saturated Vapor (Dew Point),1.7054,24.74
R-401A,-15,Saturated Liquid (Bubble Point),2.2969,33.31
R-401A,-15,Saturated Vapor (Dew Point),2.1133,30.65
R-401A,-10,Saturated Liquid (Bubble Point),2.8123,40.79
R-401A,-10,Saturated Vapor (Dew Point),2.5961,37.65
R-401A,-5,Saturated Liquid (Bubble Point),3.4151,49.53
R-401A,-5,Saturated Vapor (Dew Point),3.1629,45.87
R-401A,0,Saturated Liquid (Bubble Point),4.1146,59.68
R-401A,0,Saturated Vapor (Dew Point),3.8226,55.44
R-401A,5,Saturated Liquid (Bubble Point),4.9201,71.36
R-401A,5,Saturated Vapor (Dew Point),4.5846,66.49
R-401A,10,Saturated Liquid (Bubble Point),5.8404,84.71
R-401A,10,Saturated Vapor (Dew Point),5.4579,79.16
R-401A,15,Saturated Liquid (Bubble Point),6.8844,99.85
R-401A,15,Saturated Vapor (Dew Point),6.4514,93.57
R-401A,20,Saturated Liquid (Bubble Point),8.0603,116.9
R-401A,20,Saturated Vapor (Dew Point),7.5736,109.85
R-401A,25,Saturated Liquid (Bubble Point),9.3757,135.98
R-401A,25,Saturated Vapor (Dew Point),8.8323,128.1
R-401A,30,Saturated Liquid (Bubble Point),10.8376,157.19
R-401A,30,Saturated Vapor (Dew Point),10.2349,148.44
R-401A,35,Saturated Liquid (Bubble Point),12.4519,180.6
R-401A,35,Saturated Vapor (Dew Point),11.7875,170.96
R-401A,40,Saturated Liquid (Bubble Point),14.2236,206.3
R-401A,40,Saturated Vapor (Dew Point),13.4957,195.74
R-401A,45,Saturated Liquid (Bubble Point),16.1565,234.33
R-401A,45,Saturated Vapor (Dew Point),15.3638,222.83
R-401A,50,Saturated Liquid (Bubble Point),18.2536,264.75
R-401A,50,Saturated Vapor (Dew Point),17.395,252.29
R-401A,55,Saturated Liquid (Bubble Point),20.5165,297.57
R-401A,55,Saturated Vapor (Dew Point),19.5914,284.15
R-401A,60,Saturated Liquid (Bubble Point),22.9457,332.8
R-401A,60,Saturated Vapor (Dew Point),21.954,318.42
R-401A,65,Saturated Liquid (Bubble Point),25.5408,370.44
R-401A,65,Saturated Vapor (Dew Point),24.4829,355.1
R-401A,70,Saturated Liquid (Bubble Point),28.3007,410.47
R-401A,70,Saturated Vapor (Dew Point),27.1771,394.17
R-401B,-50,Saturated Liquid (Bubble Point),0.4785,6.94
R-401B,-50,Saturated Vapor (Dew Point),0.4311,6.25
R-401B,-45,Saturated Liquid (Bubble Point),0.6188,8.98
R-401B,-45,Saturated Vapor (Dew Point),0.5578,8.09
R-401B,-40,Saturated Liquid (Bubble Point),0.8006,11.61
R-401B,-40,Saturated Vapor (Dew Point),0.7232,10.49
R-401B,-35,Saturated Liquid (Bubble Point),1.025,14.87
R-401B,-35,Saturated Vapor (Dew Point),0.9297,13.48
R-401B,-30,Saturated Liquid (Bubble Point),1.2989,18.84
R-401B,-30,Saturated Vapor (Dew Point),1.1829,17.16
R-401B,-25,Saturated Liquid (Bubble Point),1.6303,23.65
R-401B,-25,Saturated Vapor (Dew Point),1.4903,21.62
R-401B,-20,Saturated Liquid (Bubble Point),2.0273,29.4
R-401B,-20,Saturated Vapor (Dew Point),1.8601,26.98
R-401B,-15,Saturated Liquid (Bubble Point),2.4987,36.24
R-401B,-15,Saturated Vapor (Dew Point),2.3006,33.37
R-401B,-10,Saturated Liquid (Bubble Point),3.0536,44.29
R-401B,-10,Saturated Vapor (Dew Point),2.8211,40.92
R-401B,-5,Saturated Liquid (Bubble Point),3.7014,53.68
R-401B,-5,Saturated Vapor (Dew Point),3.4305,49.76
R-401B,0,Saturated Liquid (Bubble Point),4.4513,64.56
R-401B,0,Saturated Vapor (Dew Point),4.1385,60.02
R-401B,5,Saturated Liquid (Bubble Point),5.3129,77.06
R-401B,5,Saturated Vapor (Dew Point),4.9543,71.86
R-401B,10,Saturated Liquid (Bubble Point),6.2952,91.3
R-401B,10,Saturated Vapor (Dew Point),5.8872,85.39
R-401B,15,Saturated Liquid (Bubble Point),7.407,107.43
R-401B,15,Saturated Vapor (Dew Point),6.9462,100.75
R-401B,20,Saturated Liquid (Bubble Point),8.6565,125.55
R-401B,20,Saturated Vapor (Dew Point),8.1397,118.06
R-401B,25,Saturated Liquid (Bubble Point),10.0511,145.78
R-401B,25,Saturated Vapor (Dew Point),9.4754,137.43
R-401B,30,Saturated Liquid (Bubble Point),11.5975,168.21
R-401B,30,Saturated Vapor (Dew Point),10.9603,158.97
R-401B,35,Saturated Liquid (Bubble Point),13.3013,192.92
R-401B,35,Saturated Vapor (Dew Point),12.6005,182.76
R-401B,40,Saturated Liquid (Bubble Point),15.1671,219.98
R-401B,40,Saturated Vapor (Dew Point),14.4011,208.87
R-401B,45,Saturated Liquid (Bubble Point),17.1984,249.44
R-401B,45,Saturated Vapor (Dew Point),16.3659,237.37
R-401B,50,Saturated Liquid (Bubble Point),19.3974,281.34
R-401B,50,Saturated Vapor (Dew Point),18.4976,268.29
R-401B,55,Saturated Liquid (Bubble Point),21.7653,315.68
R-401B,55,Saturated Vapor (Dew Point),20.7978,301.65
R-401B,60,Saturated Liquid (Bubble Point),24.3021,352.47
R-401B,60,Saturated Vapor (Dew Point),23.2671,337.46
R-401B,65,Saturated Liquid (Bubble Point),27.007,391.7
R-401B,65,Saturated Vapor (Dew Point),25.9049,375.72
R-401B,70,Saturated Liquid (Bubble Point),29.8782,433.35
R-401B,70,Saturated Vapor (Dew Point),28.7099,416.4
R-409A,-50,Saturated Liquid (Bubble Point),0.4739,6.87
R-409A,-50,Saturated Vapor (Dew Point),0.4269,6.19
R-409A,-45,Saturated Liquid (Bubble Point),0.6106,8.86
R-409A,-45,Saturated Vapor (Dew Point),0.5525,8.01
R-409A,-40,Saturated Liquid (Bubble Point),0.7868,11.41
R-409A,-40,Saturated Vapor (Dew Point),0.7106,10.31
R-409A,-35,Saturated Liquid (Bubble Point),1.0075,14.61
R-409A,-35,Saturated Vapor (Dew Point),0.9138,13.25
R-409A,-30,Saturated Liquid (Bubble Point),1.2773,18.53
R-409A,-30,Saturated Vapor (Dew Point),1.163,16.87
R-409A,-25,Saturated Liquid (Bubble Point),1.6038,23.26
R-409A,-25,Saturated Vapor (Dew Point),1.4658,21.26
R-409A,-20,Saturated Liquid (Bubble Point),1.9954,28.94
R-409A,-20,Saturated Vapor (Dew Point),1.8304,26.55
R-409A,-15,Saturated Liquid (Bubble Point),2.4608,35.69
R-409A,-15,Saturated Vapor (Dew Point),2.2652,32.85
R-409A,-10,Saturated Liquid (Bubble Point),3.0092,43.65
R-409A,-10,Saturated Vapor (Dew Point),2.7793,40.31
R-409A,-5,Saturated Liquid (Bubble Point),3.6502,52.94
R-409A,-5,Saturated Vapor (Dew Point),3.3821,49.05
R-409A,0,Saturated Liquid (Bubble Point),4.3932,63.72
R-409A,0,Saturated Vapor (Dew Point),4.0831,59.22
R-409A,5,Saturated Liquid (Bubble Point),5.248,76.12
R-409A,5,Saturated Vapor (Dew Point),4.892,70.95
R-409A,10,Saturated Liquid (Bubble Point),6.2239,90.27
R-409A,10,Saturated Vapor (Dew Point),5.8184,84.39
R-409A,15,Saturated Liquid (Bubble Point),7.33,106.31
R-409A,15,Saturated Vapor (Dew Point),6.8713,99.66
R-409A,20,Saturated Liquid (Bubble Point),8.575,124.37
R-409A,20,Saturated Vapor (Dew Point),8.0598,116.9
R-409A,25,Saturated Liquid (Bubble Point),9.9668,144.56
R-409A,25,Saturated Vapor (Dew Point),9.392,136.22
R-409A,30,Saturated Liquid (Bubble Point),11.5126,166.98
R-409A,30,Saturated Vapor (Dew Point),10.8754,157.73
R-409A,35,Saturated Liquid (Bubble Point),13.2185,191.72
R-409A,35,Saturated Vapor (Dew Point),12.5166,181.54
R-409A,40,Saturated Liquid (Bubble Point),15.0897,218.86
R-409A,40,Saturated Vapor (Dew Point),14.3211,207.71
R-409A,45,Saturated Liquid (Bubble Point),17.1302,248.45
R-409A,45,Saturated Vapor (Dew Point),16.2935,236.32
R-409A,50,Saturated Liquid (Bubble Point),19.3428,280.54
R-409A,50,Saturated Vapor (Dew Point),18.437,267.41
R-409A,55,Saturated Liquid (Bubble Point),21.729,315.15
R-409A,55,Saturated Vapor (Dew Point),20.7536,301.01
R-409A,60,Saturated Liquid (Bubble Point),24.2895,352.29
R-409A,60,Saturated Vapor (Dew Point),23.2444,337.13
R-409A,65,Saturated Liquid (Bubble Point),27.0235,391.94
R-409A,65,Saturated Vapor (Dew Point),25.9091,375.78
R-409A,70,Saturated Liquid (Bubble Point),29.9295,434.09
R-409A,70,Saturated Vapor (Dew Point),28.7466,416.93
R-413A,-50,Saturated Liquid (Bubble Point),0.4956,7.19
R-413A,-50,Saturated Vapor (Dew Point),0.4478,6.49
R-413A,-45,Saturated Liquid (Bubble Point),0.6407,9.29
R-413A,-45,Saturated Vapor (Dew Point),0.5778,8.38
R-413A,-40,Saturated Liquid (Bubble Point),0.8231,11.94
R-413A,-40,Saturated Vapor (Dew Point),0.7456,10.81
R-413A,-35,Saturated Liquid (Bubble Point),1.0466,15.18
R-413A,-35,Saturated Vapor (Dew Point),0.9519,13.81
R-413A,-30,Saturated Liquid (Bubble Point),1.3175,19.11
R-413A,-30,Saturated Vapor (Dew Point),1.203,17.45
R-413A,-25,Saturated Liquid (Bubble Point),1.643,23.83
R-413A,-25,Saturated Vapor (Dew Point),1.5058,21.84
R-413A,-20,Saturated Liquid (Bubble Point),2.0303,29.45
R-413A,-20,Saturated Vapor (Dew Point),1.8675,27.09
R-413A,-15,Saturated Liquid (Bubble Point),2.4871,36.07
R-413A,-15,Saturated Vapor (Dew Point),2.2956,33.29
R-413A,-10,Saturated Liquid (Bubble Point),3.0214,43.82
R-413A,-10,Saturated Vapor (Dew Point),2.7979,40.58
R-413A,-5,Saturated Liquid (Bubble Point),3.641,52.81
R-413A,-5,Saturated Vapor (Dew Point),3.3824,49.06
R-413A,0,Saturated Liquid (Bubble Point),4.3538,63.15
R-413A,0,Saturated Vapor (Dew Point),4.057,58.84
R-413A,5,Saturated Liquid (Bubble Point),5.1677,74.95
R-413A,5,Saturated Vapor (Dew Point),4.8296,70.05
R-413A,10,Saturated Liquid (Bubble Point),6.0899,88.33
R-413A,10,Saturated Vapor (Dew Point),5.7075,82.78
R-413A,15,Saturated Liquid (Bubble Point),7.1273,103.37
R-413A,15,Saturated Vapor (Dew Point),6.6981,97.15
R-413A,20,Saturated Liquid (Bubble Point),8.2862,120.18
R-413A,20,Saturated Vapor (Dew Point),7.8077,113.24
R-413A,25,Saturated Liquid (Bubble Point),9.5722,138.83
R-413A,25,Saturated Vapor (Dew Point),9.0422,131.15
R-413A,30,Saturated Liquid (Bubble Point),10.9898,159.39
R-413A,30,Saturated Vapor (Dew Point),10.4067,150.94
R-413A,35,Saturated Liquid (Bubble Point),12.5429,181.92
R-413A,35,Saturated Vapor (Dew Point),11.9053,172.67
R-413A,40,Saturated Liquid (Bubble Point),14.2342,206.45
R-413A,40,Saturated Vapor (Dew Point),13.541,196.4
R-413A,45,Saturated Liquid (Bubble Point),16.0653,233.01
R-413A,45,Saturated Vapor (Dew Point),15.316,222.14
R-413A,50,Saturated Liquid (Bubble Point),18.0369,261.6
R-413A,50,Saturated Vapor (Dew Point),17.2314,249.92
R-413A,55,Saturated Liquid (Bubble Point),20.1488,292.23
R-413A,55,Saturated Vapor (Dew Point),19.2873,279.74
R-413A,60,Saturated Liquid (Bubble Point),22.3999,324.88
R-413A,60,Saturated Vapor (Dew Point),21.4829,311.58
R-413A,65,Saturated Liquid (Bubble Point),24.7883,359.53
R-413A,65,Saturated Vapor (Dew Point),23.8166,345.43
R-413A,70,Saturated Liquid (Bubble Point),27.3117,396.12
R-413A,70,Saturated Vapor (Dew Point),26.2863,381.25
R-426A,-50,Saturated Liquid (Bubble Point),0.3702,5.37
R-426A,-50,Saturated Vapor (Dew Point),0.3336,4.84
R-426A,-45,Saturated Liquid (Bubble Point),0.4819,6.99
R-426A,-45,Saturated Vapor (Dew Point),0.4336,6.29
R-426A,-40,Saturated Liquid (Bubble Point),0.6229,9.04
R-426A,-40,Saturated Vapor (Dew Point),0.5629,8.16
R-426A,-35,Saturated Liquid (Bubble Point),0.7967,11.56
R-426A,-35,Saturated Vapor (Dew Point),0.7229,10.49
R-426A,-30,Saturated Liquid (Bubble Point),1.0086,14.63
R-426A,-30,Saturated Vapor (Dew Point),0.9189,13.33
R-426A,-25,Saturated Liquid (Bubble Point),1.2645,18.34
R-426A,-25,Saturated Vapor (Dew Point),1.1565,16.77
R-426A,-20,Saturated Liquid (Bubble Point),1.5707,22.78
R-426A,-20,Saturated Vapor (Dew Point),1.4418,20.91
R-426A,-15,Saturated Liquid (Bubble Point),1.9337,28.05
R-426A,-15,Saturated Vapor (Dew Point),1.7812,25.83
R-426A,-10,Saturated Liquid (Bubble Point),2.3602,34.23
R-426A,-10,Saturated Vapor (Dew Point),2.1815,31.64
R-426A,-5,Saturated Liquid (Bubble Point),2.8572,41.44
R-426A,-5,Saturated Vapor (Dew Point),2.6495,38.43
R-426A,0,Saturated Liquid (Bubble Point),3.4317,49.77
R-426A,0,Saturated Vapor (Dew Point),3.1922,46.3
R-426A,5,Saturated Liquid (Bubble Point),4.0904,59.33
R-426A,5,Saturated Vapor (Dew Point),3.8164,55.35
R-426A,10,Saturated Liquid (Bubble Point),4.84,70.2
R-426A,10,Saturated Vapor (Dew Point),4.5289,65.69
R-426A,15,Saturated Liquid (Bubble Point),5.6868,82.48
R-426A,15,Saturated Vapor (Dew Point),5.3361,77.39
R-426A,20,Saturated Liquid (Bubble Point),6.6366,96.26
R-426A,20,Saturated Vapor (Dew Point),6.244,90.56
R-426A,25,Saturated Liquid (Bubble Point),7.6947,111.6
R-426A,25,Saturated Vapor (Dew Point),7.2582,105.27
R-426A,30,Saturated Liquid (Bubble Point),8.8656,128.58
R-426A,30,Saturated Vapor (Dew Point),8.3834,121.59
R-426A,35,Saturated Liquid (Bubble Point),10.153,147.26
R-426A,35,Saturated Vapor (Dew Point),9.6238,139.58
R-426A,40,Saturated Liquid (Bubble Point),11.5601,167.67
R-426A,40,Saturated Vapor (Dew Point),10.9828,159.29
R-426A,45,Saturated Liquid (Bubble Point),13.089,189.84
R-426A,45,Saturated Vapor (Dew Point),12.4627,180.76
R-426A,50,Saturated Liquid (Bubble Point),14.7408,213.8
R-426A,50,Saturated Vapor (Dew Point),14.0653,204
R-426A,55,Saturated Liquid (Bubble Point),16.5162,239.55
R-426A,55,Saturated Vapor (Dew Point),15.7912,229.03
R-426A,60,Saturated Liquid (Bubble Point),18.4149,267.09
R-426A,60,Saturated Vapor (Dew Point),17.6407,255.86
R-426A,65,Saturated Liquid (Bubble Point),20.4359,296.4
R-426A,65,Saturated Vapor (Dew Point),19.6129,284.46
R-426A,70,Saturated Liquid (Bubble Point),22.5779,327.47
R-426A,70,Saturated Vapor (Dew Point),21.7067,314.83
R-437A,-50,Saturated Liquid (Bubble Point),0.4406,6.39
R-437A,-50,Saturated Vapor (Dew Point),0.3977,5.77
R-437A,-45,Saturated Liquid (Bubble Point),0.5738,8.32
R-437A,-45,Saturated Vapor (Dew Point),0.517,7.5
R-437A,-40,Saturated Liquid (Bubble Point),0.7389,10.72
R-437A,-40,Saturated Vapor (Dew Point),0.6687,9.7
R-437A,-35,Saturated Liquid (Bubble Point),0.9417,13.66
R-437A,-35,Saturated Vapor (Dew Point),0.8557,12.41
R-437A,-30,Saturated Liquid (Bubble Point),1.188,17.23
R-437A,-30,Saturated Vapor (Dew Point),1.0838,15.72
R-437A,-25,Saturated Liquid (Bubble Point),1.4844,21.53
R-437A,-25,Saturated Vapor (Dew Point),1.3594,19.72
R-437A,-20,Saturated Liquid (Bubble Point),1.8377,26.65
R-437A,-20,Saturated Vapor (Dew Point),1.6891,24.5
R-437A,-15,Saturated Liquid (Bubble Point),2.2551,32.71
R-437A,-15,Saturated Vapor (Dew Point),2.08,30.17
R-437A,-10,Saturated Liquid (Bubble Point),2.7438,39.8
R-437A,-10,Saturated Vapor (Dew Point),2.5393,36.83
R-437A,-5,Saturated Liquid (Bubble Point),3.3114,48.03
R-437A,-5,Saturated Vapor (Dew Point),3.0745,44.59
R-437A,0,Saturated Liquid (Bubble Point),3.9652,57.51
R-437A,0,Saturated Vapor (Dew Point),3.6929,53.56
R-437A,5,Saturated Liquid (Bubble Point),4.7124,68.35
R-437A,5,Saturated Vapor (Dew Point),4.4019,63.84
R-437A,10,Saturated Liquid (Bubble Point),5.5599,80.64
R-437A,10,Saturated Vapor (Dew Point),5.2084,75.54
R-437A,15,Saturated Liquid (Bubble Point),6.5142,94.48
R-437A,15,Saturated Vapor (Dew Point),6.1193,88.75
R-437A,20,Saturated Liquid (Bubble Point),7.5811,109.95
R-437A,20,Saturated Vapor (Dew Point),7.1404,103.56
R-437A,25,Saturated Liquid (Bubble Point),8.7658,127.14
R-437A,25,Saturated Vapor (Dew Point),8.2775,120.05
R-437A,30,Saturated Liquid (Bubble Point),10.0727,146.09
R-437A,30,Saturated Vapor (Dew Point),9.535,138.29
R-437A,35,Saturated Liquid (Bubble Point),11.5055,166.87
R-437A,35,Saturated Vapor (Dew Point),10.9171,158.34
R-437A,40,Saturated Liquid (Bubble Point),13.0666,189.52
R-437A,40,Saturated Vapor (Dew Point),12.4266,180.23
R-437A,45,Saturated Liquid (Bubble Point),14.7578,214.04
R-437A,45,Saturated Vapor (Dew Point),14.0656,204
R-437A,50,Saturated Liquid (Bubble Point),16.5798,240.47
R-437A,50,Saturated Vapor (Dew Point),15.8353,229.67
R-437A,55,Saturated Liquid (Bubble Point),18.5326,268.79
R-437A,55,Saturated Vapor (Dew Point),17.7359,257.24
R-437A,60,Saturated Liquid (Bubble Point),20.6154,299
R-437A,60,Saturated Vapor (Dew Point),19.7668,286.69
R-437A,65,Saturated Liquid (Bubble Point),22.8266,331.07
R-437A,65,Saturated Vapor (Dew Point),21.9268,318.02
R-437A,70,Saturated Liquid (Bubble Point),25.1644,364.98
R-437A,70,Saturated Vapor (Dew Point),24.2142,351.2
R-600,-50,Saturated Liquid (Bubble Point),0.0987,1.43
R-600,-50,Saturated Vapor (Dew Point),0.0987,1.43
R-600,-45,Saturated Liquid (Bubble Point),0.1307,1.9
R-600,-45,Saturated Vapor (Dew Point),0.1307,1.9
R-600,-40,Saturated Liquid (Bubble Point),0.1711,2.48
R-600,-40,Saturated Vapor (Dew Point),0.1711,2.48
R-600,-35,Saturated Liquid (Bubble Point),0.2214,3.21
R-600,-35,Saturated Vapor (Dew Point),0.2214,3.21
R-600,-30,Saturated Liquid (Bubble Point),0.2834,4.11
R-600,-30,Saturated Vapor (Dew Point),0.2834,4.11
R-600,-25,Saturated Liquid (Bubble Point),0.3593,5.21
R-600,-25,Saturated Vapor (Dew Point),0.3593,5.21
R-600,-20,Saturated Liquid (Bubble Point),0.4513,6.55
R-600,-20,Saturated Vapor (Dew Point),0.4513,6.55
R-600,-15,Saturated Liquid (Bubble Point),0.5666,8.22
R-600,-15,Saturated Vapor (Dew Point),0.5666,8.22
R-600,-10,Saturated Liquid (Bubble Point),0.709,10.28
R-600,-10,Saturated Vapor (Dew Point),0.709,10.28
R-600,-5,Saturated Liquid (Bubble Point),0.88,12.76
R-600,-5,Saturated Vapor (Dew Point),0.88,12.76
R-600,0,Saturated Liquid (Bubble Point),1.0837,15.72
R-600,0,Saturated Vapor (Dew Point),1.0837,15.72
R-600,5,Saturated Liquid (Bubble Point),1.3244,19.21
R-600,5,Saturated Vapor (Dew Point),1.3244,19.21
R-600,10,Saturated Liquid (Bubble Point),1.6068,23.3
R-600,10,Saturated Vapor (Dew Point),1.6068,23.3
R-600,15,Saturated Liquid (Bubble Point),1.9357,28.08
R-600,15,Saturated Vapor (Dew Point),1.9357,28.08
R-600,20,Saturated Liquid (Bubble Point),2.3164,33.6
R-600,20,Saturated Vapor (Dew Point),2.3164,33.6
R-600,25,Saturated Liquid (Bubble Point),2.7538,39.94
R-600,25,Saturated Vapor (Dew Point),2.7538,39.94
R-600,30,Saturated Liquid (Bubble Point),3.2532,47.18
R-600,30,Saturated Vapor (Dew Point),3.2532,47.18
R-600,35,Saturated Liquid (Bubble Point),3.8199,55.4
R-600,35,Saturated Vapor (Dew Point),3.8199,55.4
R-600,40,Saturated Liquid (Bubble Point),4.459,64.67
R-600,40,Saturated Vapor (Dew Point),4.459,64.67
R-600,45,Saturated Liquid (Bubble Point),5.1754,75.06
R-600,45,Saturated Vapor (Dew Point),5.1754,75.06
R-600,50,Saturated Liquid (Bubble Point),5.9741,86.65
R-600,50,Saturated Vapor (Dew Point),5.9741,86.65
R-600,55,Saturated Liquid (Bubble Point),6.8593,99.49
R-600,55,Saturated Vapor (Dew Point),6.8593,99.49
R-600,60,Saturated Liquid (Bubble Point),7.8353,113.64
R-600,60,Saturated Vapor (Dew Point),7.8353,113.64
R-600,65,Saturated Liquid (Bubble Point),8.9058,129.17
R-600,65,Saturated Vapor (Dew Point),8.9058,129.17
R-600,70,Saturated Liquid (Bubble Point),10.0738,146.11
R-600,70,Saturated Vapor (Dew Point),10.0738,146.11
R-1234yf,-50,Saturated Liquid (Bubble Point),0.3983,5.78
R-1234yf,-50,Saturated Vapor (Dew Point),0.3983,5.78
R-1234yf,-45,Saturated Liquid (Bubble Point),0.5164,7.49
R-1234yf,-45,Saturated Vapor (Dew Point),0.5164,7.49
R-1234yf,-40,Saturated Liquid (Bubble Point),0.6624,9.61
R-1234yf,-40,Saturated Vapor (Dew Point),0.6624,9.61
R-1234yf,-35,Saturated Liquid (Bubble Point),0.8407,12.19
R-1234yf,-35,Saturated Vapor (Dew Point),0.8407,12.19
R-1234yf,-30,Saturated Liquid (Bubble Point),1.0564,15.32
R-1234yf,-30,Saturated Vapor (Dew Point),1.0564,15.32
R-1234yf,-25,Saturated Liquid (Bubble Point),1.3148,19.07
R-1234yf,-25,Saturated Vapor (Dew Point),1.3148,19.07
R-1234yf,-20,Saturated Liquid (Bubble Point),1.6215,23.52
R-1234yf,-20,Saturated Vapor (Dew Point),1.6215,23.52
R-1234yf,-15,Saturated Liquid (Bubble Point),1.9823,28.75
R-1234yf,-15,Saturated Vapor (Dew Point),1.9823,28.75
R-1234yf,-10,Saturated Liquid (Bubble Point),2.403,34.85
R-1234yf,-10,Saturated Vapor (Dew Point),2.403,34.85
R-1234yf,-5,Saturated Liquid (Bubble Point),2.8895,41.91
R-1234yf,-5,Saturated Vapor (Dew Point),2.8895,41.91
R-1234yf,0,Saturated Liquid (Bubble Point),3.4475,50
R-1234yf,0,Saturated Vapor (Dew Point),3.4475,50
R-1234yf,5,Saturated Liquid (Bubble Point),4.0825,59.21
R-1234yf,5,Saturated Vapor (Dew Point),4.0825,59.21
R-1234yf,10,Saturated Liquid (Bubble Point),4.7998,69.62
R-1234yf,10,Saturated Vapor (Dew Point),4.7998,69.62
R-1234yf,15,Saturated Liquid (Bubble Point),5.6041,81.28
R-1234yf,15,Saturated Vapor (Dew Point),5.6041,81.28
R-1234yf,20,Saturated Liquid (Bubble Point),6.4996,94.27
R-1234yf,20,Saturated Vapor (Dew Point),6.4996,94.27
R-1234yf,25,Saturated Liquid (Bubble Point),7.4899,108.63
R-1234yf,25,Saturated Vapor (Dew Point),7.4899,108.63
R-1234yf,30,Saturated Liquid (Bubble Point),8.578,124.41
R-1234yf,30,Saturated Vapor (Dew Point),8.578,124.41
R-1234yf,35,Saturated Liquid (Bubble Point),9.7661,141.65
R-1234yf,35,Saturated Vapor (Dew Point),9.7661,141.65
R-1234yf,40,Saturated Liquid (Bubble Point),11.0556,160.35
R-1234yf,40,Saturated Vapor (Dew Point),11.0556,160.35
R-1234yf,45,Saturated Liquid (Bubble Point),12.4473,180.53
R-1234yf,45,Saturated Vapor (Dew Point),12.4473,180.53
R-1234yf,50,Saturated Liquid (Bubble Point),13.941,202.2
R-1234yf,50,Saturated Vapor (Dew Point),13.941,202.2
R-1234yf,55,Saturated Liquid (Bubble Point),15.5361,225.33
R-1234yf,55,Saturated Vapor (Dew Point),15.5361,225.33
R-1234yf,60,Saturated Liquid (Bubble Point),17.2316,249.92
R-1234yf,60,Saturated Vapor (Dew Point),17.2316,249.92
R-1234yf,65,Saturated Liquid (Bubble Point),19.0258,275.95
R-1234yf,65,Saturated Vapor (Dew Point),19.0258,275.95
R-1234yf,70,Saturated Liquid (Bubble Point),20.9171,303.38
R-1234yf,70,Saturated Vapor (Dew Point),20.9171,303.38
R-415B,-50,Saturated Liquid (Bubble Point),0.3954,5.73
R-415B,-50,Saturated Vapor (Dew Point),0.3565,5.17
R-415B,-45,Saturated Liquid (Bubble Point),0.5129,7.44
R-415B,-45,Saturated Vapor (Dew Point),0.4617,6.7
R-415B,-40,Saturated Liquid (Bubble Point),0.6621,9.6
R-415B,-40,Saturated Vapor (Dew Point),0.5986,8.68
R-415B,-35,Saturated Liquid (Bubble Point),0.8457,12.27
R-415B,-35,Saturated Vapor (Dew Point),0.7678,11.14
R-415B,-30,Saturated Liquid (Bubble Point),1.0694,15.51
R-415B,-30,Saturated Vapor (Dew Point),0.9747,14.14
R-415B,-25,Saturated Liquid (Bubble Point),1.3392,19.42
R-415B,-25,Saturated Vapor (Dew Point),1.2253,17.77
R-415B,-20,Saturated Liquid (Bubble Point),1.6616,24.1
R-415B,-20,Saturated Vapor (Dew Point),1.5259,22.13
R-415B,-15,Saturated Liquid (Bubble Point),2.0436,29.64
R-415B,-15,Saturated Vapor (Dew Point),1.8832,27.31
R-415B,-10,Saturated Liquid (Bubble Point),2.492,36.14
R-415B,-10,Saturated Vapor (Dew Point),2.3042,33.42
R-415B,-5,Saturated Liquid (Bubble Point),3.0141,43.72
R-415B,-5,Saturated Vapor (Dew Point),2.796,40.55
R-415B,0,Saturated Liquid (Bubble Point),3.6171,52.46
R-415B,0,Saturated Vapor (Dew Point),3.3658,48.82
R-415B,5,Saturated Liquid (Bubble Point),4.3081,62.48
R-415B,5,Saturated Vapor (Dew Point),4.0207,58.32
R-415B,10,Saturated Liquid (Bubble Point),5.094,73.88
R-415B,10,Saturated Vapor (Dew Point),4.7678,69.15
R-415B,15,Saturated Liquid (Bubble Point),5.9812,86.75
R-415B,15,Saturated Vapor (Dew Point),5.6137,81.42
R-415B,20,Saturated Liquid (Bubble Point),6.9757,101.17
R-415B,20,Saturated Vapor (Dew Point),6.5646,95.21
R-415B,25,Saturated Liquid (Bubble Point),8.083,117.23
R-415B,25,Saturated Vapor (Dew Point),7.6262,110.61
R-415B,30,Saturated Liquid (Bubble Point),9.3077,135
R-415B,30,Saturated Vapor (Dew Point),8.8034,127.68
R-415B,35,Saturated Liquid (Bubble Point),10.6538,154.52
R-415B,35,Saturated Vapor (Dew Point),10.1006,146.5
R-415B,40,Saturated Liquid (Bubble Point),12.1243,175.85
R-415B,40,Saturated Vapor (Dew Point),11.521,167.1
R-415B,45,Saturated Liquid (Bubble Point),13.7213,199.01
R-415B,45,Saturated Vapor (Dew Point),13.0672,189.52
R-415B,50,Saturated Liquid (Bubble Point),15.4461,224.03
R-415B,50,Saturated Vapor (Dew Point),14.7408,213.8
R-415B,55,Saturated Liquid (Bubble Point),17.2991,250.9
R-415B,55,Saturated Vapor (Dew Point),16.5425,239.93
R-415B,60,Saturated Liquid (Bubble Point),19.2799,279.63
R-415B,60,Saturated Vapor (Dew Point),18.4723,267.92
R-415B,65,Saturated Liquid (Bubble Point),21.3875,310.2
R-415B,65,Saturated Vapor (Dew Point),20.5294,297.75
R-415B,70,Saturated Liquid (Bubble Point),23.6202,342.58
R-415B,70,Saturated Vapor (Dew Point),22.7122,329.41
R-424A,-50,Saturated Liquid (Bubble Point),0.6069,8.8
R-424A,-50,Saturated Vapor (Dew Point),0.5458,7.92
R-424A,-45,Saturated Liquid (Bubble Point),0.7851,11.39
R-424A,-45,Saturated Vapor (Dew Point),0.7092,10.29
R-424A,-40,Saturated Liquid (Bubble Point),1.0043,14.57
R-424A,-40,Saturated Vapor (Dew Point),0.9113,13.22
R-424A,-35,Saturated Liquid (Bubble Point),1.2715,18.44
R-424A,-35,Saturated Vapor (Dew Point),1.1584,16.8
R-424A,-30,Saturated Liquid (Bubble Point),1.5935,23.11
R-424A,-30,Saturated Vapor (Dew Point),1.4576,21.14
R-424A,-25,Saturated Liquid (Bubble Point),1.9781,28.69
R-424A,-25,Saturated Vapor (Dew Point),1.8163,26.34
R-424A,-20,Saturated Liquid (Bubble Point),2.4331,35.29
R-424A,-20,Saturated Vapor (Dew Point),2.2421,32.52
R-424A,-15,Saturated Liquid (Bubble Point),2.9663,43.02
R-424A,-15,Saturated Vapor (Dew Point),2.7431,39.79
R-424A,-10,Saturated Liquid (Bubble Point),3.586,52.01
R-424A,-10,Saturated Vapor (Dew Point),3.3272,48.26
R-424A,-5,Saturated Liquid (Bubble Point),4.2999,62.37
R-424A,-5,Saturated Vapor (Dew Point),4.0025,58.05
R-424A,0,Saturated Liquid (Bubble Point),5.1159,74.2
R-424A,0,Saturated Vapor (Dew Point),4.7768,69.28
R-424A,5,Saturated Liquid (Bubble Point),6.0411,87.62
R-424A,5,Saturated Vapor (Dew Point),5.6575,82.05
R-424A,10,Saturated Liquid (Bubble Point),7.0823,102.72
R-424A,10,Saturated Vapor (Dew Point),6.6515,96.47
R-424A,15,Saturated Liquid (Bubble Point),8.2454,119.59
R-424A,15,Saturated Vapor (Dew Point),7.7652,112.62
R-424A,20,Saturated Liquid (Bubble Point),9.5356,138.3
R-424A,20,Saturated Vapor (Dew Point),9.004,130.59
R-424A,25,Saturated Liquid (Bubble Point),10.9572,158.92
R-424A,25,Saturated Vapor (Dew Point),10.3726,150.44
R-424A,30,Saturated Liquid (Bubble Point),12.5133,181.49
R-424A,30,Saturated Vapor (Dew Point),11.8746,172.23
R-424A,35,Saturated Liquid (Bubble Point),14.2062,206.04
R-424A,35,Saturated Vapor (Dew Point),13.5125,195.98
R-424A,40,Saturated Liquid (Bubble Point),16.037,232.6
R-424A,40,Saturated Vapor (Dew Point),15.2881,221.74
R-424A,45,Saturated Liquid (Bubble Point),18.0058,261.15
R-424A,45,Saturated Vapor (Dew Point),17.2017,249.49
R-424A,50,Saturated Liquid (Bubble Point),20.1121,291.7
R-424A,50,Saturated Vapor (Dew Point),19.2532,279.24
R-424A,55,Saturated Liquid (Bubble Point),22.3543,324.22
R-424A,55,Saturated Vapor (Dew Point),21.4412,310.98
R-424A,60,Saturated Liquid (Bubble Point),24.7306,358.69
R-424A,60,Saturated Vapor (Dew Point),23.7641,344.67
R-424A,65,Saturated Liquid (Bubble Point),27.2386,395.06
R-424A,65,Saturated Vapor (Dew Point),26.2198,380.29
R-424A,70,Saturated Liquid (Bubble Point),29.8763,433.32
R-424A,70,Saturated Vapor (Dew Point),28.8058,417.79
R-513A,-50,Saturated Liquid (Bubble Point),0.3824,5.55
R-513A,-50,Saturated Vapor (Dew Point),0.3824,5.55
R-513A,-45,Saturated Liquid (Bubble Point),0.4996,7.25
R-513A,-45,Saturated Vapor (Dew Point),0.4996,7.25
R-513A,-40,Saturated Liquid (Bubble Point),0.6453,9.36
R-513A,-40,Saturated Vapor (Dew Point),0.6453,9.36
R-513A,-35,Saturated Liquid (Bubble Point),0.8247,11.96
R-513A,-35,Saturated Vapor (Dew Point),0.8247,11.96
R-513A,-30,Saturated Liquid (Bubble Point),1.0432,15.13
R-513A,-30,Saturated Vapor (Dew Point),1.0432,15.13
R-513A,-25,Saturated Liquid (Bubble Point),1.3068,18.95
R-513A,-25,Saturated Vapor (Dew Point),1.3068,18.95
R-513A,-20,Saturated Liquid (Bubble Point),1.6216,23.52
R-513A,-20,Saturated Vapor (Dew Point),1.6216,23.52
R-513A,-15,Saturated Liquid (Bubble Point),1.9943,28.93
R-513A,-15,Saturated Vapor (Dew Point),1.9943,28.93
R-513A,-10,Saturated Liquid (Bubble Point),2.4316,35.27
R-513A,-10,Saturated Vapor (Dew Point),2.4316,35.27
R-513A,-5,Saturated Liquid (Bubble Point),2.9404,42.65
R-513A,-5,Saturated Vapor (Dew Point),2.9404,42.65
R-513A,0,Saturated Liquid (Bubble Point),3.5274,51.16
R-513A,0,Saturated Vapor (Dew Point),3.5274,51.16
R-513A,5,Saturated Liquid (Bubble Point),4.1994,60.91
R-513A,5,Saturated Vapor (Dew Point),4.1994,60.91
R-513A,10,Saturated Liquid (Bubble Point),4.9626,71.98
R-513A,10,Saturated Vapor (Dew Point),4.9626,71.98
R-513A,15,Saturated Liquid (Bubble Point),5.8233,84.46
R-513A,15,Saturated Vapor (Dew Point),5.8233,84.46
R-513A,20,Saturated Liquid (Bubble Point),6.7867,98.43
R-513A,20,Saturated Vapor (Dew Point),6.7867,98.43
R-513A,25,Saturated Liquid (Bubble Point),7.8579,113.97
R-513A,25,Saturated Vapor (Dew Point),7.8579,113.97
R-513A,30,Saturated Liquid (Bubble Point),9.041,131.13
R-513A,30,Saturated Vapor (Dew Point),9.041,131.13
R-513A,35,Saturated Liquid (Bubble Point),10.3394,149.96
R-513A,35,Saturated Vapor (Dew Point),10.3394,149.96
R-513A,40,Saturated Liquid (Bubble Point),11.7557,170.5
R-513A,40,Saturated Vapor (Dew Point),11.7557,170.5
R-513A,45,Saturated Liquid (Bubble Point),13.2916,192.78
R-513A,45,Saturated Vapor (Dew Point),13.2916,192.78
R-513A,50,Saturated Liquid (Bubble Point),14.948,216.8
R-513A,50,Saturated Vapor (Dew Point),14.948,216.8
R-513A,55,Saturated Liquid (Bubble Point),16.7251,242.58
R-513A,55,Saturated Vapor (Dew Point),16.7251,242.58
R-513A,60,Saturated Liquid (Bubble Point),18.6224,270.1
R-513A,60,Saturated Vapor (Dew Point),18.6224,270.1
R-513A,65,Saturated Liquid (Bubble Point),20.639,299.34
R-513A,65,Saturated Vapor (Dew Point),20.639,299.34
R-513A,70,Saturated Liquid (Bubble Point),22.7734,330.3
R-513A,70,Saturated Vapor (Dew Point),22.7734,330.3
R-22,-50,Saturated Liquid (Bubble Point),0.6525,9.46
R-22,-50,Saturated Vapor (Dew Point),0.6525,9.46
R-22,-45,Saturated Liquid (Bubble Point),0.848,12.3
R-22,-45,Saturated Vapor (Dew Point),0.848,12.3
R-22,-40,Saturated Liquid (Bubble Point),1.09,15.81
R-22,-40,Saturated Vapor (Dew Point),1.09,15.81
R-22,-35,Saturated Liquid (Bubble Point),1.3865,20.11
R-22,-35,Saturated Vapor (Dew Point),1.3865,20.11
R-22,-30,Saturated Liquid (Bubble Point),1.7459,25.32
R-22,-30,Saturated Vapor (Dew Point),1.7459,25.32
R-22,-25,Saturated Liquid (Bubble Point),2.1774,31.58
R-22,-25,Saturated Vapor (Dew Point),2.1774,31.58
R-22,-20,Saturated Liquid (Bubble Point),2.6908,39.03
R-22,-20,Saturated Vapor (Dew Point),2.6908,39.03
R-22,-15,Saturated Liquid (Bubble Point),3.2959,47.8
R-22,-15,Saturated Vapor (Dew Point),3.2959,47.8
R-22,-10,Saturated Liquid (Bubble Point),4.003,58.06
R-22,-10,Saturated Vapor (Dew Point),4.003,58.06
R-22,-5,Saturated Liquid (Bubble Point),4.8224,69.94
R-22,-5,Saturated Vapor (Dew Point),4.8224,69.94
R-22,0,Saturated Liquid (Bubble Point),5.7642,83.6
R-22,0,Saturated Vapor (Dew Point),5.7642,83.6
R-22,5,Saturated Liquid (Bubble Point),6.8382,99.18
R-22,5,Saturated Vapor (Dew Point),6.8382,99.18
R-22,10,Saturated Liquid (Bubble Point),8.0538,116.81
R-22,10,Saturated Vapor (Dew Point),8.0538,116.81
R-22,15,Saturated Liquid (Bubble Point),9.4195,136.62
R-22,15,Saturated Vapor (Dew Point),9.4195,136.62
R-22,20,Saturated Liquid (Bubble Point),10.9432,158.72
R-22,20,Saturated Vapor (Dew Point),10.9432,158.72
R-22,25,Saturated Liquid (Bubble Point),12.6316,183.21
R-22,25,Saturated Vapor (Dew Point),12.6316,183.21
R-22,30,Saturated Liquid (Bubble Point),14.4902,210.16
R-22,30,Saturated Vapor (Dew Point),14.4902,210.16
R-22,35,Saturated Liquid (Bubble Point),16.5234,239.65
R-22,35,Saturated Vapor (Dew Point),16.5234,239.65
R-22,40,Saturated Liquid (Bubble Point),18.7342,271.72
R-22,40,Saturated Vapor (Dew Point),18.7342,271.72
R-22,45,Saturated Liquid (Bubble Point),21.1243,306.38
R-22,45,Saturated Vapor (Dew Point),21.1243,306.38
R-22,50,Saturated Liquid (Bubble Point),23.6944,343.66
R-22,50,Saturated Vapor (Dew Point),23.6944,343.66
R-22,55,Saturated Liquid (Bubble Point),26.4436,383.53
R-22,55,Saturated Vapor (Dew Point),26.4436,383.53
R-22,60,Saturated Liquid (Bubble Point),29.3705,425.98
R-22,60,Saturated Vapor (Dew Point),29.3705,425.98
R-22,65,Saturated Liquid (Bubble Point),32.4727,470.98
R-22,65,Saturated Vapor (Dew Point),32.4727,470.98
R-22,70,Saturated Liquid (Bubble Point),35.7473,518.47
R-22,70,Saturated Vapor (Dew Point),35.7473,518.47
R-410A,-50,Saturated Liquid (Bubble Point),1.1416,16.56
R-410A,-50,Saturated Vapor (Dew Point),1.0325,14.97
R-410A,-45,Saturated Liquid (Bubble Point),1.456,21.12
R-410A,-45,Saturated Vapor (Dew Point),1.3228,19.19
R-410A,-40,Saturated Liquid (Bubble Point),1.837,26.64
R-410A,-40,Saturated Vapor (Dew Point),1.676,24.31
R-410A,-35,Saturated Liquid (Bubble Point),2.2937,33.27
R-410A,-35,Saturated Vapor (Dew Point),2.1013,30.48
R-410A,-30,Saturated Liquid (Bubble Point),2.8357,41.13
R-410A,-30,Saturated Vapor (Dew Point),2.608,37.83
R-410A,-25,Saturated Liquid (Bubble Point),3.4726,50.37
R-410A,-25,Saturated Vapor (Dew Point),3.2058,46.5
R-410A,-20,Saturated Liquid (Bubble Point),4.214,61.12
R-410A,-20,Saturated Vapor (Dew Point),3.9043,56.63
R-410A,-15,Saturated Liquid (Bubble Point),5.0692,73.52
R-410A,-15,Saturated Vapor (Dew Point),4.7129,68.35
R-410A,-10,Saturated Liquid (Bubble Point),6.047,87.71
R-410A,-10,Saturated Vapor (Dew Point),5.6406,81.81
R-410A,-5,Saturated Liquid (Bubble Point),7.1558,103.79
R-410A,-5,Saturated Vapor (Dew Point),6.6961,97.12
R-410A,0,Saturated Liquid (Bubble Point),8.4027,121.87
R-410A,0,Saturated Vapor (Dew Point),7.8869,114.39
R-410A,5,Saturated Liquid (Bubble Point),9.7941,142.05
R-410A,5,Saturated Vapor (Dew Point),9.2198,133.72
R-410A,10,Saturated Liquid (Bubble Point),11.3351,164.4
R-410A,10,Saturated Vapor (Dew Point),10.7004,155.2
R-410A,15,Saturated Liquid (Bubble Point),13.0295,188.98
R-410A,15,Saturated Vapor (Dew Point),12.3331,178.88
R-410A,20,Saturated Liquid (Bubble Point),14.8799,215.82
R-410A,20,Saturated Vapor (Dew Point),14.1209,204.81
R-410A,25,Saturated Liquid (Bubble Point),16.8876,244.93
R-410A,25,Saturated Vapor (Dew Point),16.0656,233.01
R-410A,30,Saturated Liquid (Bubble Point),19.0524,276.33
R-410A,30,Saturated Vapor (Dew Point),18.1676,263.5
R-410A,35,Saturated Liquid (Bubble Point),21.3733,309.99
R-410A,35,Saturated Vapor (Dew Point),20.4263,296.26
R-410A,40,Saturated Liquid (Bubble Point),23.8482,345.89
R-410A,40,Saturated Vapor (Dew Point),22.8399,331.27
R-410A,45,Saturated Liquid (Bubble Point),26.4746,383.98
R-410A,45,Saturated Vapor (Dew Point),25.406,368.48
R-410A,50,Saturated Liquid (Bubble Point),29.2494,424.23
R-410A,50,Saturated Vapor (Dew Point),28.1219,407.87
R-410A,55,Saturated Liquid (Bubble Point),32.17,466.59
R-410A,55,Saturated Vapor (Dew Point),30.9845,449.39
R-410A,60,Saturated Liquid (Bubble Point),35.234,511.03
R-410A,60,Saturated Vapor (Dew Point),33.9913,493
R-410A,65,Saturated Liquid (Bubble Point),38.4403,557.53
R-410A,65,Saturated Vapor (Dew Point),37.1407,538.68
R-410A,70,Saturated Liquid (Bubble Point),41.7893,606.1
R-410A,70,Saturated Vapor (Dew Point),40.4325,586.42
R-404A,-50,Saturated Liquid (Bubble Point),0.9053,13.13
R-404A,-50,Saturated Vapor (Dew Point),0.817,11.85
R-404A,-45,Saturated Liquid (Bubble Point),1.1605,16.83
R-404A,-45,Saturated Vapor (Dew Point),1.0522,15.26
R-404A,-40,Saturated Liquid (Bubble Point),1.4714,21.34
R-404A,-40,Saturated Vapor (Dew Point),1.3399,19.43
R-404A,-35,Saturated Liquid (Bubble Point),1.8459,26.77
R-404A,-35,Saturated Vapor (Dew Point),1.6879,24.48
R-404A,-30,Saturated Liquid (Bubble Point),2.2925,33.25
R-404A,-30,Saturated Vapor (Dew Point),2.1047,30.53
R-404A,-25,Saturated Liquid (Bubble Point),2.8198,40.9
R-404A,-25,Saturated Vapor (Dew Point),2.5986,37.69
R-404A,-20,Saturated Liquid (Bubble Point),3.4363,49.84
R-404A,-20,Saturated Vapor (Dew Point),3.1784,46.1
R-404A,-15,Saturated Liquid (Bubble Point),4.1506,60.2
R-404A,-15,Saturated Vapor (Dew Point),3.8526,55.88
R-404A,-10,Saturated Liquid (Bubble Point),4.9709,72.1
R-404A,-10,Saturated Vapor (Dew Point),4.6296,67.15
R-404A,-5,Saturated Liquid (Bubble Point),5.9048,85.64
R-404A,-5,Saturated Vapor (Dew Point),5.5171,80.02
R-404A,0,Saturated Liquid (Bubble Point),6.9594,100.94
R-404A,0,Saturated Vapor (Dew Point),6.5226,94.6
R-404A,5,Saturated Liquid (Bubble Point),8.1408,118.07
R-404A,5,Saturated Vapor (Dew Point),7.6527,110.99
R-404A,10,Saturated Liquid (Bubble Point),9.4544,137.12
R-404A,10,Saturated Vapor (Dew Point),8.9128,129.27
R-404A,15,Saturated Liquid (Bubble Point),10.9042,158.15
R-404A,15,Saturated Vapor (Dew Point),10.3077,149.5
R-404A,20,Saturated Liquid (Bubble Point),12.4932,181.2
R-404A,20,Saturated Vapor (Dew Point),11.8407,171.74
R-404A,25,Saturated Liquid (Bubble Point),14.2235,206.3
R-404A,25,Saturated Vapor (Dew Point),13.5144,196.01
R-404A,30,Saturated Liquid (Bubble Point),16.0959,233.45
R-404A,30,Saturated Vapor (Dew Point),15.3299,222.34
R-404A,35,Saturated Liquid (Bubble Point),18.11,262.66
R-404A,35,Saturated Vapor (Dew Point),17.2874,250.73
R-404A,40,Saturated Liquid (Bubble Point),20.2649,293.92
R-404A,40,Saturated Vapor (Dew Point),19.3862,281.17
R-404A,45,Saturated Liquid (Bubble Point),22.559,327.19
R-404A,45,Saturated Vapor (Dew Point),21.6248,313.64
R-404A,50,Saturated Liquid (Bubble Point),24.9903,362.45
R-404A,50,Saturated Vapor (Dew Point),24.0014,348.11
R-404A,55,Saturated Liquid (Bubble Point),27.5567,399.68
R-404A,55,Saturated Vapor (Dew Point),26.514,384.55
R-404A,60,Saturated Liquid (Bubble Point),30.2568,438.84
R-404A,60,Saturated Vapor (Dew Point),29.1608,422.94
R-404A,65,Saturated Liquid (Bubble Point),33.0896,479.93
R-404A,65,Saturated Vapor (Dew Point),31.9405,463.26
R-404A,70,Saturated Liquid (Bubble Point),36.0558,522.95
R-404A,70,Saturated Vapor (Dew Point),34.8532,505.5
R-407C,-50,Saturated Liquid (Bubble Point),0.7758,11.25
R-407C,-50,Saturated Vapor (Dew Point),0.5962,8.65
R-407C,-45,Saturated Liquid (Bubble Point),0.9981,14.48
R-407C,-45,Saturated Vapor (Dew Point),0.7758,11.25
R-407C,-40,Saturated Liquid (Bubble Point),1.2703,18.42
R-407C,-40,Saturated Vapor (Dew Point),0.9981,14.48
R-407C,-35,Saturated Liquid (Bubble Point),1.6001,23.21
R-407C,-35,Saturated Vapor (Dew Point),1.2703,18.42
R-407C,-30,Saturated Liquid (Bubble Point),1.9956,28.94
R-407C,-30,Saturated Vapor (Dew Point),1.6001,23.21
R-407C,-25,Saturated Liquid (Bubble Point),2.4654,35.76
R-407C,-25,Saturated Vapor (Dew Point),1.9956,28.94
R-407C,-20,Saturated Liquid (Bubble Point),3.0184,43.78
R-407C,-20,Saturated Vapor (Dew Point),2.4654,35.76
R-407C,-15,Saturated Liquid (Bubble Point),3.6633,53.13
R-407C,-15,Saturated Vapor (Dew Point),3.0184,43.78
R-407C,-10,Saturated Liquid (Bubble Point),4.4089,63.95
R-407C,-10,Saturated Vapor (Dew Point),3.6633,53.13
R-407C,-5,Saturated Liquid (Bubble Point),5.2639,76.35
R-407C,-5,Saturated Vapor (Dew Point),4.4089,63.95
R-407C,0,Saturated Liquid (Bubble Point),6.2363,90.45
R-407C,0,Saturated Vapor (Dew Point),5.2639,76.35
R-407C,5,Saturated Liquid (Bubble Point),7.3337,106.37
R-407C,5,Saturated Vapor (Dew Point),6.2363,90.45
R-407C,10,Saturated Liquid (Bubble Point),8.5629,124.19
R-407C,10,Saturated Vapor (Dew Point),7.3337,106.37
R-407C,15,Saturated Liquid (Bubble Point),9.9298,144.02
R-407C,15,Saturated Vapor (Dew Point),8.5629,124.19
R-407C,20,Saturated Liquid (Bubble Point),11.4392,165.91
R-407C,20,Saturated Vapor (Dew Point),9.9298,144.02
R-407C,25,Saturated Liquid (Bubble Point),13.0948,189.93
R-407C,25,Saturated Vapor (Dew Point),11.4392,165.91
R-407C,30,Saturated Liquid (Bubble Point),14.8993,216.1
R-407C,30,Saturated Vapor (Dew Point),13.0948,189.93
R-407C,35,Saturated Liquid (Bubble Point),16.8541,244.45
R-407C,35,Saturated Vapor (Dew Point),14.8993,216.1
R-407C,40,Saturated Liquid (Bubble Point),18.9592,274.98
R-407C,40,Saturated Vapor (Dew Point),16.8541,244.45
R-407C,45,Saturated Liquid (Bubble Point),21.2141,307.68
R-407C,45,Saturated Vapor (Dew Point),18.9592,274.98
R-407C,50,Saturated Liquid (Bubble Point),23.6169,342.53
R-407C,50,Saturated Vapor (Dew Point),21.2141,307.68
R-407C,55,Saturated Liquid (Bubble Point),26.1652,379.5
R-407C,55,Saturated Vapor (Dew Point),23.6169,342.53
R-407C,60,Saturated Liquid (Bubble Point),28.8564,418.53
R-407C,60,Saturated Vapor (Dew Point),26.1652,379.5
R-407C,65,Saturated Liquid (Bubble Point),31.6873,459.59
R-407C,65,Saturated Vapor (Dew Point),28.8564,418.53
R-407C,70,Saturated Liquid (Bubble Point),34.6554,502.64
R-407C,70,Saturated Vapor (Dew Point),31.6873,459.59
R-507A,-50,Saturated Liquid (Bubble Point),0.9165,13.29
R-507A,-50,Saturated Vapor (Dew Point),0.9165,13.29
R-507A,-45,Saturated Liquid (Bubble Point),1.1746,17.04
R-507A,-45,Saturated Vapor (Dew Point),1.1746,17.04
R-507A,-40,Saturated Liquid (Bubble Point),1.4886,21.59
R-507A,-40,Saturated Vapor (Dew Point),1.4886,21.59
R-507A,-35,Saturated Liquid (Bubble Point),1.8668,27.08
R-507A,-35,Saturated Vapor (Dew Point),1.8668,27.08
R-507A,-30,Saturated Liquid (Bubble Point),2.3175,33.61
R-507A,-30,Saturated Vapor (Dew Point),2.3175,33.61
R-507A,-25,Saturated Liquid (Bubble Point),2.8492,41.32
R-507A,-25,Saturated Vapor (Dew Point),2.8492,41.32
R-507A,-20,Saturated Liquid (Bubble Point),3.4706,50.34
R-507A,-20,Saturated Vapor (Dew Point),3.4706,50.34
R-507A,-15,Saturated Liquid (Bubble Point),4.19,60.77
R-507A,-15,Saturated Vapor (Dew Point),4.19,60.77
R-507A,-10,Saturated Liquid (Bubble Point),5.0155,72.74
R-507A,-10,Saturated Vapor (Dew Point),5.0155,72.74
R-507A,-5,Saturated Liquid (Bubble Point),5.9547,86.37
R-507A,-5,Saturated Vapor (Dew Point),5.9547,86.37
R-507A,0,Saturated Liquid (Bubble Point),7.0145,101.74
R-507A,0,Saturated Vapor (Dew Point),7.0145,101.74
R-507A,5,Saturated Liquid (Bubble Point),8.2008,118.94
R-507A,5,Saturated Vapor (Dew Point),8.2008,118.94
R-507A,10,Saturated Liquid (Bubble Point),9.5187,138.06
R-507A,10,Saturated Vapor (Dew Point),9.5187,138.06
R-507A,15,Saturated Liquid (Bubble Point),10.9723,159.14
R-507A,15,Saturated Vapor (Dew Point),10.9723,159.14
R-507A,20,Saturated Liquid (Bubble Point),12.5643,182.23
R-507A,20,Saturated Vapor (Dew Point),12.5643,182.23
R-507A,25,Saturated Liquid (Bubble Point),14.2964,207.35
R-507A,25,Saturated Vapor (Dew Point),14.2964,207.35
R-507A,30,Saturated Liquid (Bubble Point),16.1695,234.52
R-507A,30,Saturated Vapor (Dew Point),16.1695,234.52
R-507A,35,Saturated Liquid (Bubble Point),18.183,263.72
R-507A,35,Saturated Vapor (Dew Point),18.183,263.72
R-507A,40,Saturated Liquid (Bubble Point),20.336,294.95
R-507A,40,Saturated Vapor (Dew Point),20.336,294.95
R-507A,45,Saturated Liquid (Bubble Point),22.6267,328.17
R-507A,45,Saturated Vapor (Dew Point),22.6267,328.17
R-507A,50,Saturated Liquid (Bubble Point),25.0534,363.37
R-507A,50,Saturated Vapor (Dew Point),25.0534,363.37
R-507A,55,Saturated Liquid (Bubble Point),27.6142,400.51
R-507A,55,Saturated Vapor (Dew Point),27.6142,400.51
R-507A,60,Saturated Liquid (Bubble Point),30.3078,439.58
R-507A,60,Saturated Vapor (Dew Point),30.3078,439.58
R-507A,65,Saturated Liquid (Bubble Point),33.1338,480.57
R-507A,65,Saturated Vapor (Dew Point),33.1338,480.57
R-507A,70,Saturated Liquid (Bubble Point),36.0932,523.49
R-507A,70,Saturated Vapor (Dew Point),36.0932,523.49
R-32,-50,Saturated Liquid (Bubble Point),1.1427,16.57
R-32,-50,Saturated Vapor (Dew Point),1.1427,16.57
R-32,-45,Saturated Liquid (Bubble Point),1.4577,21.14
R-32,-45,Saturated Vapor (Dew Point),1.4577,21.14
R-32,-40,Saturated Liquid (Bubble Point),1.8397,26.68
R-32,-40,Saturated Vapor (Dew Point),1.8397,26.68
R-32,-35,Saturated Liquid (Bubble Point),2.2984,33.34
R-32,-35,Saturated Vapor (Dew Point),2.2984,33.34
R-32,-30,Saturated Liquid (Bubble Point),2.8434,41.24
R-32,-30,Saturated Vapor (Dew Point),2.8434,41.24
R-32,-25,Saturated Liquid (Bubble Point),3.485,50.55
R-32,-25,Saturated Vapor (Dew Point),3.485,50.55
R-32,-20,Saturated Liquid (Bubble Point),4.2332,61.4
R-32,-20,Saturated Vapor (Dew Point),4.2332,61.4
R-32,-15,Saturated Liquid (Bubble Point),5.0981,73.94
R-32,-15,Saturated Vapor (Dew Point),5.0981,73.94
R-32,-10,Saturated Liquid (Bubble Point),6.0891,88.32
R-32,-10,Saturated Vapor (Dew Point),6.0891,88.32
R-32,-5,Saturated Liquid (Bubble Point),7.2153,104.65
R-32,-5,Saturated Vapor (Dew Point),7.2153,104.65
R-32,0,Saturated Liquid (Bubble Point),8.4849,123.06
R-32,0,Saturated Vapor (Dew Point),8.4849,123.06
R-32,5,Saturated Liquid (Bubble Point),9.9051,143.66
R-32,5,Saturated Vapor (Dew Point),9.9051,143.66
R-32,10,Saturated Liquid (Bubble Point),11.482,166.53
R-32,10,Saturated Vapor (Dew Point),11.482,166.53
R-32,15,Saturated Liquid (Bubble Point),13.2205,191.75
R-32,15,Saturated Vapor (Dew Point),13.2205,191.75
R-32,20,Saturated Liquid (Bubble Point),15.1238,219.35
R-32,20,Saturated Vapor (Dew Point),15.1238,219.35
R-32,25,Saturated Liquid (Bubble Point),17.1941,249.38
R-32,25,Saturated Vapor (Dew Point),17.1941,249.38
R-32,30,Saturated Liquid (Bubble Point),19.4319,281.84
R-32,30,Saturated Vapor (Dew Point),19.4319,281.84
R-32,35,Saturated Liquid (Bubble Point),21.8366,316.71
R-32,35,Saturated Vapor (Dew Point),21.8366,316.71
R-32,40,Saturated Liquid (Bubble Point),24.4063,353.98
R-32,40,Saturated Vapor (Dew Point),24.4063,353.98
R-32,45,Saturated Liquid (Bubble Point),27.1382,393.61
R-32,45,Saturated Vapor (Dew Point),27.1382,393.61
R-32,50,Saturated Liquid (Bubble Point),30.0289,435.53
R-32,50,Saturated Vapor (Dew Point),30.0289,435.53
R-32,55,Saturated Liquid (Bubble Point),33.0746,479.71
R-32,55,Saturated Vapor (Dew Point),33.0746,479.71
R-32,60,Saturated Liquid (Bubble Point),36.2716,526.08
R-32,60,Saturated Vapor (Dew Point),36.2716,526.08
R-32,65,Saturated Liquid (Bubble Point),39.6167,574.59
R-32,65,Saturated Vapor (Dew Point),39.6167,574.59
R-32,70,Saturated Liquid (Bubble Point),43.1079,625.23
R-32,70,Saturated Vapor (Dew Point),43.1079,625.23
R-407A,-50,Saturated Liquid (Bubble Point),0.8273,12
R-407A,-50,Saturated Vapor (Dew Point),0.6539,9.48
R-407A,-45,Saturated Liquid (Bubble Point),1.0629,15.42
R-407A,-45,Saturated Vapor (Dew Point),0.8488,12.31
R-407A,-40,Saturated Liquid (Bubble Point),1.3508,19.59
R-407A,-40,Saturated Vapor (Dew Point),1.0892,15.8
R-407A,-35,Saturated Liquid (Bubble Point),1.699,24.64
R-407A,-35,Saturated Vapor (Dew Point),1.3828,20.06
R-407A,-30,Saturated Liquid (Bubble Point),2.1157,30.69
R-407A,-30,Saturated Vapor (Dew Point),1.7374,25.2
R-407A,-25,Saturated Liquid (Bubble Point),2.6098,37.85
R-407A,-25,Saturated Vapor (Dew Point),2.1615,31.35
R-407A,-20,Saturated Liquid (Bubble Point),3.1899,46.27
R-407A,-20,Saturated Vapor (Dew Point),2.6638,38.63
R-407A,-15,Saturated Liquid (Bubble Point),3.8651,56.06
R-407A,-15,Saturated Vapor (Dew Point),3.253,47.18
R-407A,-10,Saturated Liquid (Bubble Point),4.6441,67.36
R-407A,-10,Saturated Vapor (Dew Point),3.9382,57.12
R-407A,-5,Saturated Liquid (Bubble Point),5.5352,80.28
R-407A,-5,Saturated Vapor (Dew Point),4.728,68.57
R-407A,0,Saturated Liquid (Bubble Point),6.5464,94.95
R-407A,0,Saturated Vapor (Dew Point),5.6308,81.67
R-407A,5,Saturated Liquid (Bubble Point),7.6849,111.46
R-407A,5,Saturated Vapor (Dew Point),6.6544,96.51
R-407A,10,Saturated Liquid (Bubble Point),8.9571,129.91
R-407A,10,Saturated Vapor (Dew Point),7.806,113.22
R-407A,15,Saturated Liquid (Bubble Point),10.3685,150.38
R-407A,15,Saturated Vapor (Dew Point),9.0919,131.87
R-407A,20,Saturated Liquid (Bubble Point),11.9232,172.93
R-407A,20,Saturated Vapor (Dew Point),10.5174,152.54
R-407A,25,Saturated Liquid (Bubble Point),13.6246,197.61
R-407A,25,Saturated Vapor (Dew Point),12.0867,175.3
R-407A,30,Saturated Liquid (Bubble Point),15.4746,224.44
R-407A,30,Saturated Vapor (Dew Point),13.8029,200.19
R-407A,35,Saturated Liquid (Bubble Point),17.4741,253.44
R-407A,35,Saturated Vapor (Dew Point),15.6679,227.24
R-407A,40,Saturated Liquid (Bubble Point),19.6227,284.6
R-407A,40,Saturated Vapor (Dew Point),17.6822,256.46
R-407A,45,Saturated Liquid (Bubble Point),21.9192,317.91
R-407A,45,Saturated Vapor (Dew Point),19.8457,287.84
R-407A,50,Saturated Liquid (Bubble Point),24.3616,353.34
R-407A,50,Saturated Vapor (Dew Point),22.1569,321.36
R-407A,55,Saturated Liquid (Bubble Point),26.9474,390.84
R-407A,55,Saturated Vapor (Dew Point),24.6138,356.99
R-407A,60,Saturated Liquid (Bubble Point),29.6738,430.38
R-407A,60,Saturated Vapor (Dew Point),27.2138,394.7
R-407A,65,Saturated Liquid (Bubble Point),32.5383,471.93
R-407A,65,Saturated Vapor (Dew Point),29.9541,434.45
R-407A,70,Saturated Liquid (Bubble Point),35.5386,515.44
R-407A,70,Saturated Vapor (Dew Point),32.8322,476.19
R-407F,-50,Saturated Liquid (Bubble Point),0.8703,12.62
R-407F,-50,Saturated Vapor (Dew Point),0.6776,9.83
R-407F,-45,Saturated Liquid (Bubble Point),1.1168,16.2
R-407F,-45,Saturated Vapor (Dew Point),0.8792,12.75
R-407F,-40,Saturated Liquid (Bubble Point),1.4179,20.56
R-407F,-40,Saturated Vapor (Dew Point),1.1278,16.36
R-407F,-35,Saturated Liquid (Bubble Point),1.7816,25.84
R-407F,-35,Saturated Vapor (Dew Point),1.4312,20.76
R-407F,-30,Saturated Liquid (Bubble Point),2.2165,32.15
R-407F,-30,Saturated Vapor (Dew Point),1.7975,26.07
R-407F,-25,Saturated Liquid (Bubble Point),2.7317,39.62
R-407F,-25,Saturated Vapor (Dew Point),2.2355,32.42
R-407F,-20,Saturated Liquid (Bubble Point),3.3362,48.39
R-407F,-20,Saturated Vapor (Dew Point),2.7541,39.94
R-407F,-15,Saturated Liquid (Bubble Point),4.0392,58.58
R-407F,-15,Saturated Vapor (Dew Point),3.3623,48.77
R-407F,-10,Saturated Liquid (Bubble Point),4.8496,70.34
R-407F,-10,Saturated Vapor (Dew Point),4.0695,59.02
R-407F,-5,Saturated Liquid (Bubble Point),5.7762,83.78
R-407F,-5,Saturated Vapor (Dew Point),4.8844,70.84
R-407F,0,Saturated Liquid (Bubble Point),6.8269,99.02
R-407F,0,Saturated Vapor (Dew Point),5.8158,84.35
R-407F,5,Saturated Liquid (Bubble Point),8.0093,116.16
R-407F,5,Saturated Vapor (Dew Point),6.8716,99.66
R-407F,10,Saturated Liquid (Bubble Point),9.3297,135.32
R-407F,10,Saturated Vapor (Dew Point),8.0594,116.89
R-407F,15,Saturated Liquid (Bubble Point),10.7938,156.55
R-407F,15,Saturated Vapor (Dew Point),9.3855,136.13
R-407F,20,Saturated Liquid (Bubble Point),12.4058,179.93
R-407F,20,Saturated Vapor (Dew Point),10.8554,157.44
R-407F,25,Saturated Liquid (Bubble Point),14.169,205.5
R-407F,25,Saturated Vapor (Dew Point),12.4734,180.91
R-407F,30,Saturated Liquid (Bubble Point),16.0853,233.3
R-407F,30,Saturated Vapor (Dew Point),14.2427,206.57
R-407F,35,Saturated Liquid (Bubble Point),18.1554,263.32
R-407F,35,Saturated Vapor (Dew Point),16.1651,234.46
R-407F,40,Saturated Liquid (Bubble Point),20.3788,295.57
R-407F,40,Saturated Vapor (Dew Point),18.2414,264.57
R-407F,45,Saturated Liquid (Bubble Point),22.7543,330.02
R-407F,45,Saturated Vapor (Dew Point),20.471,296.91
R-407F,50,Saturated Liquid (Bubble Point),25.2795,366.65
R-407F,50,Saturated Vapor (Dew Point),22.8525,331.45
R-407F,55,Saturated Liquid (Bubble Point),27.9517,405.41
R-407F,55,Saturated Vapor (Dew Point),25.3836,368.16
R-407F,60,Saturated Liquid (Bubble Point),30.7678,446.25
R-407F,60,Saturated Vapor (Dew Point),28.0616,407
R-407F,65,Saturated Liquid (Bubble Point),33.7249,489.14
R-407F,65,Saturated Vapor (Dew Point),30.8834,447.93
R-407F,70,Saturated Liquid (Bubble Point),36.8205,534.04
R-407F,70,Saturated Vapor (Dew Point),33.8461,490.9
R-422D,-50,Saturated Liquid (Bubble Point),0.7566,10.97
R-422D,-50,Saturated Vapor (Dew Point),0.6817,9.89
R-422D,-45,Saturated Liquid (Bubble Point),0.9739,14.13
R-422D,-45,Saturated Vapor (Dew Point),0.8816,12.79
R-422D,-40,Saturated Liquid (Bubble Point),1.24,17.98
R-422D,-40,Saturated Vapor (Dew Point),1.1272,16.35
R-422D,-35,Saturated Liquid (Bubble Point),1.5621,22.66
R-422D,-35,Saturated Vapor (Dew Point),1.426,20.68
R-422D,-30,Saturated Liquid (Bubble Point),1.9482,28.26
R-422D,-30,Saturated Vapor (Dew Point),1.7856,25.9
R-422D,-25,Saturated Liquid (Bubble Point),2.4065,34.9
R-422D,-25,Saturated Vapor (Dew Point),2.214,32.11
R-422D,-20,Saturated Liquid (Bubble Point),2.9453,42.72
R-422D,-20,Saturated Vapor (Dew Point),2.7196,39.44
R-422D,-15,Saturated Liquid (Bubble Point),3.5729,51.82
R-422D,-15,Saturated Vapor (Dew Point),3.3107,48.02
R-422D,-10,Saturated Liquid (Bubble Point),4.2975,62.33
R-422D,-10,Saturated Vapor (Dew Point),3.9955,57.95
R-422D,-5,Saturated Liquid (Bubble Point),5.1271,74.36
R-422D,-5,Saturated Vapor (Dew Point),4.7822,69.36
R-422D,0,Saturated Liquid (Bubble Point),6.0692,88.03
R-422D,0,Saturated Vapor (Dew Point),5.6784,82.36
R-422D,5,Saturated Liquid (Bubble Point),7.1304,103.42
R-422D,5,Saturated Vapor (Dew Point),6.6912,97.05
R-422D,10,Saturated Liquid (Bubble Point),8.3169,120.63
R-422D,10,Saturated Vapor (Dew Point),7.8269,113.52
R-422D,15,Saturated Liquid (Bubble Point),9.6337,139.72
R-422D,15,Saturated Vapor (Dew Point),9.091,131.85
R-422D,20,Saturated Liquid (Bubble Point),11.0849,160.77
R-422D,20,Saturated Vapor (Dew Point),10.4881,152.12
R-422D,25,Saturated Liquid (Bubble Point),12.6736,183.82
R-422D,25,Saturated Vapor (Dew Point),12.0215,174.36
R-422D,30,Saturated Liquid (Bubble Point),14.4017,208.88
R-422D,30,Saturated Vapor (Dew Point),13.6936,198.61
R-422D,35,Saturated Liquid (Bubble Point),16.27,235.98
R-422D,35,Saturated Vapor (Dew Point),15.5058,224.89
R-422D,40,Saturated Liquid (Bubble Point),18.2784,265.11
R-422D,40,Saturated Vapor (Dew Point),17.4583,253.21
R-422D,45,Saturated Liquid (Bubble Point),20.426,296.26
R-422D,45,Saturated Vapor (Dew Point),19.5504,283.55
R-422D,50,Saturated Liquid (Bubble Point),22.7112,329.4
R-422D,50,Saturated Vapor (Dew Point),21.7807,315.9
R-422D,55,Saturated Liquid (Bubble Point),25.1318,364.51
R-422D,55,Saturated Vapor (Dew Point),24.1474,350.23
R-422D,60,Saturated Liquid (Bubble Point),27.6858,401.55
R-422D,60,Saturated Vapor (Dew Point),26.6484,386.5
R-422D,65,Saturated Liquid (Bubble Point),30.3713,440.5
R-422D,65,Saturated Vapor (Dew Point),29.2814,424.69
R-422D,70,Saturated Liquid (Bubble Point),33.187,481.34
R-422D,70,Saturated Vapor (Dew Point),32.0451,464.78
R-427A,-50,Saturated Liquid (Bubble Point),0.7482,10.85
R-427A,-50,Saturated Vapor (Dew Point),0.6741,9.78
R-427A,-45,Saturated Liquid (Bubble Point),0.9633,13.97
R-427A,-45,Saturated Vapor (Dew Point),0.8719,12.65
R-427A,-40,Saturated Liquid (Bubble Point),1.227,17.8
R-427A,-40,Saturated Vapor (Dew Point),1.1152,16.17
R-427A,-35,Saturated Liquid (Bubble Point),1.5466,22.43
R-427A,-35,Saturated Vapor (Dew Point),1.4115,20.47
R-427A,-30,Saturated Liquid (Bubble Point),1.9301,27.99
R-427A,-30,Saturated Vapor (Dew Point),1.7685,25.65
R-427A,-25,Saturated Liquid (Bubble Point),2.386,34.61
R-427A,-25,Saturated Vapor (Dew Point),2.1944,31.83
R-427A,-20,Saturated Liquid (Bubble Point),2.9227,42.39
R-427A,-20,Saturated Vapor (Dew Point),2.6978,39.13
R-427A,-15,Saturated Liquid (Bubble Point),3.5491,51.47
R-427A,-15,Saturated Vapor (Dew Point),3.2872,47.68
R-427A,-10,Saturated Liquid (Bubble Point),4.2736,61.98
R-427A,-10,Saturated Vapor (Dew Point),3.9714,57.6
R-427A,-5,Saturated Liquid (Bubble Point),5.1046,74.04
R-427A,-5,Saturated Vapor (Dew Point),4.7589,69.02
R-427A,0,Saturated Liquid (Bubble Point),6.0502,87.75
R-427A,0,Saturated Vapor (Dew Point),5.6577,82.06
R-427A,5,Saturated Liquid (Bubble Point),7.1177,103.23
R-427A,5,Saturated Vapor (Dew Point),6.6756,96.82
R-427A,10,Saturated Liquid (Bubble Point),8.3137,120.58
R-427A,10,Saturated Vapor (Dew Point),7.8195,113.41
R-427A,15,Saturated Liquid (Bubble Point),9.6441,139.88
R-427A,15,Saturated Vapor (Dew Point),9.0955,131.92
R-427A,20,Saturated Liquid (Bubble Point),11.1136,161.19
R-427A,20,Saturated Vapor (Dew Point),10.5089,152.42
R-427A,25,Saturated Liquid (Bubble Point),12.726,184.57
R-427A,25,Saturated Vapor (Dew Point),12.0637,174.97
R-427A,30,Saturated Liquid (Bubble Point),14.4837,210.07
R-427A,30,Saturated Vapor (Dew Point),13.763,199.62
R-427A,35,Saturated Liquid (Bubble Point),16.3881,237.69
R-427A,35,Saturated Vapor (Dew Point),15.6087,226.39
R-427A,40,Saturated Liquid (Bubble Point),18.4397,267.45
R-427A,40,Saturated Vapor (Dew Point),17.6014,255.29
R-427A,45,Saturated Liquid (Bubble Point),20.6376,299.32
R-427A,45,Saturated Vapor (Dew Point),19.7409,286.32
R-427A,50,Saturated Liquid (Bubble Point),22.9803,333.3
R-427A,50,Saturated Vapor (Dew Point),22.0259,319.46
R-427A,55,Saturated Liquid (Bubble Point),25.4656,369.35
R-427A,55,Saturated Vapor (Dew Point),24.4545,354.68
R-427A,60,Saturated Liquid (Bubble Point),28.0909,407.42
R-427A,60,Saturated Vapor (Dew Point),27.0241,391.95
R-427A,65,Saturated Liquid (Bubble Point),30.8534,447.49
R-427A,65,Saturated Vapor (Dew Point),29.7321,431.23
R-427A,70,Saturated Liquid (Bubble Point),33.7508,489.52
R-427A,70,Saturated Vapor (Dew Point),32.5758,472.47
R-448A,-50,Saturated Liquid (Bubble Point),0.8602,12.48
R-448A,-50,Saturated Vapor (Dew Point),0.6733,9.76
R-448A,-45,Saturated Liquid (Bubble Point),1.1043,16.02
R-448A,-45,Saturated Vapor (Dew Point),0.8735,12.67
R-448A,-40,Saturated Liquid (Bubble Point),1.4023,20.34
R-448A,-40,Saturated Vapor (Dew Point),1.1206,16.25
R-448A,-35,Saturated Liquid (Bubble Point),1.7625,25.56
R-448A,-35,Saturated Vapor (Dew Point),1.4221,20.63
R-448A,-30,Saturated Liquid (Bubble Point),2.1934,31.81
R-448A,-30,Saturated Vapor (Dew Point),1.7863,25.91
R-448A,-25,Saturated Liquid (Bubble Point),2.7041,39.22
R-448A,-25,Saturated Vapor (Dew Point),2.2217,32.22
R-448A,-20,Saturated Liquid (Bubble Point),3.3036,47.92
R-448A,-20,Saturated Vapor (Dew Point),2.7375,39.7
R-448A,-15,Saturated Liquid (Bubble Point),4.0012,58.03
R-448A,-15,Saturated Vapor (Dew Point),3.3426,48.48
R-448A,-10,Saturated Liquid (Bubble Point),4.8058,69.7
R-448A,-10,Saturated Vapor (Dew Point),4.0464,58.69
R-448A,-5,Saturated Liquid (Bubble Point),5.7261,83.05
R-448A,-5,Saturated Vapor (Dew Point),4.8577,70.45
R-448A,0,Saturated Liquid (Bubble Point),6.7704,98.2
R-448A,0,Saturated Vapor (Dew Point),5.7852,83.91
R-448A,5,Saturated Liquid (Bubble Point),7.9461,115.25
R-448A,5,Saturated Vapor (Dew Point),6.8371,99.16
R-448A,10,Saturated Liquid (Bubble Point),9.2598,134.3
R-448A,10,Saturated Vapor (Dew Point),8.0209,116.33
R-448A,15,Saturated Liquid (Bubble Point),10.7173,155.44
R-448A,15,Saturated Vapor (Dew Point),9.3431,135.51
R-448A,20,Saturated Liquid (Bubble Point),12.323,178.73
R-448A,20,Saturated Vapor (Dew Point),10.8094,156.78
R-448A,25,Saturated Liquid (Bubble Point),14.0802,204.22
R-448A,25,Saturated Vapor (Dew Point),12.4241,180.2
R-448A,30,Saturated Liquid (Bubble Point),15.9911,231.93
R-448A,30,Saturated Vapor (Dew Point),14.1905,205.82
R-448A,35,Saturated Liquid (Bubble Point),18.0565,261.89
R-448A,35,Saturated Vapor (Dew Point),16.1107,233.67
R-448A,40,Saturated Liquid (Bubble Point),20.2762,294.08
R-448A,40,Saturated Vapor (Dew Point),18.1854,263.76
R-448A,45,Saturated Liquid (Bubble Point),22.6487,328.49
R-448A,45,Saturated Vapor (Dew Point),20.4142,296.08
R-448A,50,Saturated Liquid (Bubble Point),25.1719,365.09
R-448A,50,Saturated Vapor (Dew Point),22.7958,330.63
R-448A,55,Saturated Liquid (Bubble Point),27.8431,403.83
R-448A,55,Saturated Vapor (Dew Point),25.328,367.35
R-448A,60,Saturated Liquid (Bubble Point),30.6591,444.67
R-448A,60,Saturated Vapor (Dew Point),28.008,406.22
R-448A,65,Saturated Liquid (Bubble Point),33.6169,487.57
R-448A,65,Saturated Vapor (Dew Point),30.8326,447.19
R-448A,70,Saturated Liquid (Bubble Point),36.7139,532.49
R-448A,70,Saturated Vapor (Dew Point),33.7988,490.21
R-449A,-50,Saturated Liquid (Bubble Point),0.8653,12.55
R-449A,-50,Saturated Vapor (Dew Point),0.6809,9.88
R-449A,-45,Saturated Liquid (Bubble Point),1.1107,16.11
R-449A,-45,Saturated Vapor (Dew Point),0.8831,12.81
R-449A,-40,Saturated Liquid (Bubble Point),1.4102,20.45
R-449A,-40,Saturated Vapor (Dew Point),1.1325,16.43
R-449A,-35,Saturated Liquid (Bubble Point),1.7722,25.7
R-449A,-35,Saturated Vapor (Dew Point),1.4368,20.84
R-449A,-30,Saturated Liquid (Bubble Point),2.2051,31.98
R-449A,-30,Saturated Vapor (Dew Point),1.8041,26.17
R-449A,-25,Saturated Liquid (Bubble Point),2.7181,39.42
R-449A,-25,Saturated Vapor (Dew Point),2.2431,32.53
R-449A,-20,Saturated Liquid (Bubble Point),3.3201,48.15
R-449A,-20,Saturated Vapor (Dew Point),2.7628,40.07
R-449A,-15,Saturated Liquid (Bubble Point),4.0204,58.31
R-449A,-15,Saturated Vapor (Dew Point),3.3724,48.91
R-449A,-10,Saturated Liquid (Bubble Point),4.8279,70.02
R-449A,-10,Saturated Vapor (Dew Point),4.0809,59.19
R-449A,-5,Saturated Liquid (Bubble Point),5.7513,83.42
R-449A,-5,Saturated Vapor (Dew Point),4.8974,71.03
R-449A,0,Saturated Liquid (Bubble Point),6.7988,98.61
R-449A,0,Saturated Vapor (Dew Point),5.8305,84.56
R-449A,5,Saturated Liquid (Bubble Point),7.9778,115.71
R-449A,5,Saturated Vapor (Dew Point),6.8882,99.91
R-449A,10,Saturated Liquid (Bubble Point),9.2948,134.81
R-449A,10,Saturated Vapor (Dew Point),8.078,117.16
R-449A,15,Saturated Liquid (Bubble Point),10.7554,155.99
R-449A,15,Saturated Vapor (Dew Point),9.4063,136.43
R-449A,20,Saturated Liquid (Bubble Point),12.3641,179.33
R-449A,20,Saturated Vapor (Dew Point),10.8786,157.78
R-449A,25,Saturated Liquid (Bubble Point),14.1242,204.85
R-449A,25,Saturated Vapor (Dew Point),12.4993,181.29
R-449A,30,Saturated Liquid (Bubble Point),16.0375,232.6
R-449A,30,Saturated Vapor (Dew Point),14.2716,206.99
R-449A,35,Saturated Liquid (Bubble Point),18.1049,262.59
R-449A,35,Saturated Vapor (Dew Point),16.1972,234.92
R-449A,40,Saturated Liquid (Bubble Point),20.3261,294.81
R-449A,40,Saturated Vapor (Dew Point),18.2769,265.09
R-449A,45,Saturated Liquid (Bubble Point),22.6996,329.23
R-449A,45,Saturated Vapor (Dew Point),20.5104,297.48
R-449A,50,Saturated Liquid (Bubble Point),25.2233,365.83
R-449A,50,Saturated Vapor (Dew Point),22.896,332.08
R-449A,55,Saturated Liquid (Bubble Point),27.8944,404.57
R-449A,55,Saturated Vapor (Dew Point),25.4316,368.85
R-449A,60,Saturated Liquid (Bubble Point),30.7098,445.41
R-449A,60,Saturated Vapor (Dew Point),28.1143,407.76
R-449A,65,Saturated Liquid (Bubble Point),33.6665,488.29
R-449A,65,Saturated Vapor (Dew Point),30.9411,448.76
R-449A,70,Saturated Liquid (Bubble Point),36.762,533.19
R-449A,70,Saturated Vapor (Dew Point),33.9091,491.81
R-452A,-50,Saturated Liquid (Bubble Point),0.9218,13.37
R-452A,-50,Saturated Vapor (Dew Point),0.832,12.07
R-452A,-45,Saturated Liquid (Bubble Point),1.1813,17.13
R-452A,-45,Saturated Vapor (Dew Point),1.0712,15.54
R-452A,-40,Saturated Liquid (Bubble Point),1.4974,21.72
R-452A,-40,Saturated Vapor (Dew Point),1.3637,19.78
R-452A,-35,Saturated Liquid (Bubble Point),1.8784,27.24
R-452A,-35,Saturated Vapor (Dew Point),1.7177,24.91
R-452A,-30,Saturated Liquid (Bubble Point),2.3327,33.83
R-452A,-30,Saturated Vapor (Dew Point),2.1416,31.06
R-452A,-25,Saturated Liquid (Bubble Point),2.8693,41.62
R-452A,-25,Saturated Vapor (Dew Point),2.6442,38.35
R-452A,-20,Saturated Liquid (Bubble Point),3.4971,50.72
R-452A,-20,Saturated Vapor (Dew Point),3.2345,46.91
R-452A,-15,Saturated Liquid (Bubble Point),4.2248,61.28
R-452A,-15,Saturated Vapor (Dew Point),3.9212,56.87
R-452A,-10,Saturated Liquid (Bubble Point),5.0609,73.4
R-452A,-10,Saturated Vapor (Dew Point),4.7129,68.36
R-452A,-5,Saturated Liquid (Bubble Point),6.0136,87.22
R-452A,-5,Saturated Vapor (Dew Point),5.6181,81.48
R-452A,0,Saturated Liquid (Bubble Point),7.0901,102.83
R-452A,0,Saturated Vapor (Dew Point),6.6442,96.37
R-452A,5,Saturated Liquid (Bubble Point),8.297,120.34
R-452A,5,Saturated Vapor (Dew Point),7.7982,113.1
R-452A,10,Saturated Liquid (Bubble Point),9.6399,139.81
R-452A,10,Saturated Vapor (Dew Point),9.0861,131.78
R-452A,15,Saturated Liquid (Bubble Point),11.1233,161.33
R-452A,15,Saturated Vapor (Dew Point),10.5128,152.48
R-452A,20,Saturated Liquid (Bubble Point),12.7506,184.93
R-452A,20,Saturated Vapor (Dew Point),12.0822,175.24
R-452A,25,Saturated Liquid (Bubble Point),14.5238,210.65
R-452A,25,Saturated Vapor (Dew Point),13.7969,200.11
R-452A,30,Saturated Liquid (Bubble Point),16.4441,238.5
R-452A,30,Saturated Vapor (Dew Point),15.6583,227.11
R-452A,35,Saturated Liquid (Bubble Point),18.5113,268.48
R-452A,35,Saturated Vapor (Dew Point),17.6668,256.24
R-452A,40,Saturated Liquid (Bubble Point),20.7244,300.58
R-452A,40,Saturated Vapor (Dew Point),19.8217,287.49
R-452A,45,Saturated Liquid (Bubble Point),23.0816,334.77
R-452A,45,Saturated Vapor (Dew Point),22.1215,320.85
R-452A,50,Saturated Liquid (Bubble Point),25.5806,371.02
R-452A,50,Saturated Vapor (Dew Point),24.5641,356.27
R-452A,55,Saturated Liquid (Bubble Point),28.2191,409.28
R-452A,55,Saturated Vapor (Dew Point),27.1471,393.74
R-452A,60,Saturated Liquid (Bubble Point),30.9949,449.54
R-452A,60,Saturated Vapor (Dew Point),29.8682,433.2
R-452A,65,Saturated Liquid (Bubble Point),33.9063,491.77
R-452A,65,Saturated Vapor (Dew Point),32.7255,474.64
R-452A,70,Saturated Liquid (Bubble Point),36.953,535.96
R-452A,70,Saturated Vapor (Dew Point),35.7181,518.05
R-417A,-50,Saturated Liquid (Bubble Point),0.6208,9
R-417A,-50,Saturated Vapor (Dew Point),0.5584,8.1
R-417A,-45,Saturated Liquid (Bubble Point),0.8026,11.64
R-417A,-45,Saturated Vapor (Dew Point),0.7252,10.52
R-417A,-40,Saturated Liquid (Bubble Point),1.0262,14.88
R-417A,-40,Saturated Vapor (Dew Point),0.9313,13.51
R-417A,-35,Saturated Liquid (Bubble Point),1.2985,18.83
R-417A,-35,Saturated Vapor (Dew Point),1.1833,17.16
R-417A,-30,Saturated Liquid (Bubble Point),1.6266,23.59
R-417A,-30,Saturated Vapor (Dew Point),1.4882,21.58
R-417A,-25,Saturated Liquid (Bubble Point),2.018,29.27
R-417A,-25,Saturated Vapor (Dew Point),1.8533,26.88
R-417A,-20,Saturated Liquid (Bubble Point),2.4806,35.98
R-417A,-20,Saturated Vapor (Dew Point),2.2865,33.16
R-417A,-15,Saturated Liquid (Bubble Point),3.0224,43.84
R-417A,-15,Saturated Vapor (Dew Point),2.7956,40.55
R-417A,-10,Saturated Liquid (Bubble Point),3.6514,52.96
R-417A,-10,Saturated Vapor (Dew Point),3.3888,49.15
R-417A,-5,Saturated Liquid (Bubble Point),4.3755,63.46
R-417A,-5,Saturated Vapor (Dew Point),4.074,59.09
R-417A,0,Saturated Liquid (Bubble Point),5.2023,75.45
R-417A,0,Saturated Vapor (Dew Point),4.8588,70.47
R-417A,5,Saturated Liquid (Bubble Point),6.1389,89.04
R-417A,5,Saturated Vapor (Dew Point),5.7507,83.41
R-417A,10,Saturated Liquid (Bubble Point),7.1919,104.31
R-417A,10,Saturated Vapor (Dew Point),6.7563,97.99
R-417A,15,Saturated Liquid (Bubble Point),8.367,121.35
R-417A,15,Saturated Vapor (Dew Point),7.8819,114.32
R-417A,20,Saturated Liquid (Bubble Point),9.6692,140.24
R-417A,20,Saturated Vapor (Dew Point),9.1328,132.46
R-417A,25,Saturated Liquid (Bubble Point),11.1026,161.03
R-417A,25,Saturated Vapor (Dew Point),10.5133,152.48
R-417A,30,Saturated Liquid (Bubble Point),12.6701,183.77
R-417A,30,Saturated Vapor (Dew Point),12.0269,174.44
R-417A,35,Saturated Liquid (Bubble Point),14.3738,208.47
R-417A,35,Saturated Vapor (Dew Point),13.6759,198.35
R-417A,40,Saturated Liquid (Bubble Point),16.2144,235.17
R-417A,40,Saturated Vapor (Dew Point),15.4617,224.25
R-417A,45,Saturated Liquid (Bubble Point),18.1921,263.86
R-417A,45,Saturated Vapor (Dew Point),17.3847,252.14
R-417A,50,Saturated Liquid (Bubble Point),20.3061,294.52
R-417A,50,Saturated Vapor (Dew Point),19.4442,282.02
R-417A,55,Saturated Liquid (Bubble Point),22.5547,327.13
R-417A,55,Saturated Vapor (Dew Point),21.6392,313.85
R-417A,60,Saturated Liquid (Bubble Point),24.9361,361.67
R-417A,60,Saturated Vapor (Dew Point),23.9677,347.62
R-417A,65,Saturated Liquid (Bubble Point),27.448,398.1
R-417A,65,Saturated Vapor (Dew Point),26.4277,383.3
R-417A,70,Saturated Liquid (Bubble Point),30.0885,436.4
R-417A,70,Saturated Vapor (Dew Point),29.017,420.86
R-422A,-50,Saturated Liquid (Bubble Point),0.906,13.14
R-422A,-50,Saturated Vapor (Dew Point),0.8177,11.86
R-422A,-45,Saturated Liquid (Bubble Point),1.1614,16.84
R-422A,-45,Saturated Vapor (Dew Point),1.053,15.27
R-422A,-40,Saturated Liquid (Bubble Point),1.4724,21.36
R-422A,-40,Saturated Vapor (Dew Point),1.3408,19.45
R-422A,-35,Saturated Liquid (Bubble Point),1.8471,26.79
R-422A,-35,Saturated Vapor (Dew Point),1.6891,24.5
R-422A,-30,Saturated Liquid (Bubble Point),2.2939,33.27
R-422A,-30,Saturated Vapor (Dew Point),2.106,30.54
R-422A,-25,Saturated Liquid (Bubble Point),2.8212,40.92
R-422A,-25,Saturated Vapor (Dew Point),2.6001,37.71
R-422A,-20,Saturated Liquid (Bubble Point),3.4378,49.86
R-422A,-20,Saturated Vapor (Dew Point),3.1799,46.12
R-422A,-15,Saturated Liquid (Bubble Point),4.1521,60.22
R-422A,-15,Saturated Vapor (Dew Point),3.8541,55.9
R-422A,-10,Saturated Liquid (Bubble Point),4.9722,72.12
R-422A,-10,Saturated Vapor (Dew Point),4.6309,67.17
R-422A,-5,Saturated Liquid (Bubble Point),5.9058,85.66
R-422A,-5,Saturated Vapor (Dew Point),5.5183,80.04
R-422A,0,Saturated Liquid (Bubble Point),6.9598,100.94
R-422A,0,Saturated Vapor (Dew Point),6.5233,94.61
R-422A,5,Saturated Liquid (Bubble Point),8.1405,118.07
R-422A,5,Saturated Vapor (Dew Point),7.6526,110.99
R-422A,10,Saturated Liquid (Bubble Point),9.4529,137.1
R-422A,10,Saturated Vapor (Dew Point),8.9118,129.25
R-422A,15,Saturated Liquid (Bubble Point),10.9012,158.11
R-422A,15,Saturated Vapor (Dew Point),10.3053,149.47
R-422A,20,Saturated Liquid (Bubble Point),12.4884,181.13
R-422A,20,Saturated Vapor (Dew Point),11.8367,171.68
R-422A,25,Saturated Liquid (Bubble Point),14.2164,206.19
R-422A,25,Saturated Vapor (Dew Point),13.5082,195.92
R-422A,30,Saturated Liquid (Bubble Point),16.0859,233.31
R-422A,30,Saturated Vapor (Dew Point),15.3211,222.21
R-422A,35,Saturated Liquid (Bubble Point),18.0967,262.47
R-422A,35,Saturated Vapor (Dew Point),17.2755,250.56
R-422A,40,Saturated Liquid (Bubble Point),20.2479,293.67
R-422A,40,Saturated Vapor (Dew Point),19.3707,280.95
R-422A,45,Saturated Liquid (Bubble Point),22.5376,326.88
R-422A,45,Saturated Vapor (Dew Point),21.6052,313.36
R-422A,50,Saturated Liquid (Bubble Point),24.9641,362.07
R-422A,50,Saturated Vapor (Dew Point),23.9772,347.76
R-422A,55,Saturated Liquid (Bubble Point),27.5253,399.22
R-422A,55,Saturated Vapor (Dew Point),26.4848,384.13
R-422A,60,Saturated Liquid (Bubble Point),30.2198,438.3
R-422A,60,Saturated Vapor (Dew Point),29.1261,422.44
R-422A,65,Saturated Liquid (Bubble Point),33.0469,479.31
R-422A,65,Saturated Vapor (Dew Point),31.9002,462.67
R-422A,70,Saturated Liquid (Bubble Point),36.0072,522.24
R-422A,70,Saturated Vapor (Dew Point),34.807,504.83
R-438A,-50,Saturated Liquid (Bubble Point),0.749,10.86
R-438A,-50,Saturated Vapor (Dew Point),0.6749,9.79
R-438A,-45,Saturated Liquid (Bubble Point),0.9644,13.99
R-438A,-45,Saturated Vapor (Dew Point),0.8729,12.66
R-438A,-40,Saturated Liquid (Bubble Point),1.2283,17.82
R-438A,-40,Saturated Vapor (Dew Point),1.1165,16.19
R-438A,-35,Saturated Liquid (Bubble Point),1.5482,22.45
R-438A,-35,Saturated Vapor (Dew Point),1.413,20.49
R-438A,-30,Saturated Liquid (Bubble Point),1.932,28.02
R-438A,-30,Saturated Vapor (Dew Point),1.7703,25.68
R-438A,-25,Saturated Liquid (Bubble Point),2.3882,34.64
R-438A,-25,Saturated Vapor (Dew Point),2.1965,31.86
R-438A,-20,Saturated Liquid (Bubble Point),2.9252,42.43
R-438A,-20,Saturated Vapor (Dew Point),2.7001,39.16
R-438A,-15,Saturated Liquid (Bubble Point),3.5517,51.51
R-438A,-15,Saturated Vapor (Dew Point),3.2898,47.71
R-438A,-10,Saturated Liquid (Bubble Point),4.2763,62.02
R-438A,-10,Saturated Vapor (Dew Point),3.9741,57.64
R-438A,-5,Saturated Liquid (Bubble Point),5.1072,74.07
R-438A,-5,Saturated Vapor (Dew Point),4.7616,69.06
R-438A,0,Saturated Liquid (Bubble Point),6.0525,87.78
R-438A,0,Saturated Vapor (Dew Point),5.6602,82.09
R-438A,5,Saturated Liquid (Bubble Point),7.1194,103.26
R-438A,5,Saturated Vapor (Dew Point),6.6776,96.85
R-438A,10,Saturated Liquid (Bubble Point),8.3145,120.59
R-438A,10,Saturated Vapor (Dew Point),7.8207,113.43
R-438A,15,Saturated Liquid (Bubble Point),9.6436,139.87
R-438A,15,Saturated Vapor (Dew Point),9.0956,131.92
R-438A,20,Saturated Liquid (Bubble Point),11.1114,161.16
R-438A,20,Saturated Vapor (Dew Point),10.5074,152.4
R-438A,25,Saturated Liquid (Bubble Point),12.7213,184.51
R-438A,25,Saturated Vapor (Dew Point),12.0601,174.92
R-438A,30,Saturated Liquid (Bubble Point),14.4761,209.96
R-438A,30,Saturated Vapor (Dew Point),13.7567,199.52
R-438A,35,Saturated Liquid (Bubble Point),16.3769,237.53
R-438A,35,Saturated Vapor (Dew Point),15.599,226.24
R-438A,40,Saturated Liquid (Bubble Point),18.4241,267.22
R-438A,40,Saturated Vapor (Dew Point),17.5877,255.09
R-438A,45,Saturated Liquid (Bubble Point),20.6168,299.02
R-438A,45,Saturated Vapor (Dew Point),19.7223,286.05
R-438A,50,Saturated Liquid (Bubble Point),22.9536,332.91
R-438A,50,Saturated Vapor (Dew Point),22.0018,319.11
R-438A,55,Saturated Liquid (Bubble Point),25.4322,368.86
R-438A,55,Saturated Vapor (Dew Point),24.4239,354.24
R-438A,60,Saturated Liquid (Bubble Point),28.0501,406.83
R-438A,60,Saturated Vapor (Dew Point),26.9864,391.41
R-438A,65,Saturated Liquid (Bubble Point),30.8045,446.78
R-438A,65,Saturated Vapor (Dew Point),29.6865,430.57
R-438A,70,Saturated Liquid (Bubble Point),33.6933,488.68
R-438A,70,Saturated Vapor (Dew Point),32.5218,471.69
R-453A,-50,Saturated Liquid (Bubble Point),0.7178,10.41
R-453A,-50,Saturated Vapor (Dew Point),0.6465,9.38
R-453A,-45,Saturated Liquid (Bubble Point),0.9251,13.42
R-453A,-45,Saturated Vapor (Dew Point),0.837,12.14
R-453A,-40,Saturated Liquid (Bubble Point),1.1793,17.1
R-453A,-40,Saturated Vapor (Dew Point),1.0716,15.54
R-453A,-35,Saturated Liquid (Bubble Point),1.4879,21.58
R-453A,-35,Saturated Vapor (Dew Point),1.3575,19.69
R-453A,-30,Saturated Liquid (Bubble Point),1.8586,26.96
R-453A,-30,Saturated Vapor (Dew Point),1.7023,24.69
R-453A,-25,Saturated Liquid (Bubble Point),2.2997,33.35
R-453A,-25,Saturated Vapor (Dew Point),2.1143,30.67
R-453A,-20,Saturated Liquid (Bubble Point),2.8197,40.9
R-453A,-20,Saturated Vapor (Dew Point),2.6017,37.73
R-453A,-15,Saturated Liquid (Bubble Point),3.4272,49.71
R-453A,-15,Saturated Vapor (Dew Point),3.1732,46.02
R-453A,-10,Saturated Liquid (Bubble Point),4.1308,59.91
R-453A,-10,Saturated Vapor (Dew Point),3.8373,55.66
R-453A,-5,Saturated Liquid (Bubble Point),4.9389,71.63
R-453A,-5,Saturated Vapor (Dew Point),4.6026,66.76
R-453A,0,Saturated Liquid (Bubble Point),5.8595,84.98
R-453A,0,Saturated Vapor (Dew Point),5.4772,79.44
R-453A,5,Saturated Liquid (Bubble Point),6.9,100.08
R-453A,5,Saturated Vapor (Dew Point),6.469,93.82
R-453A,10,Saturated Liquid (Bubble Point),8.0674,117.01
R-453A,10,Saturated Vapor (Dew Point),7.5848,110.01
R-453A,15,Saturated Liquid (Bubble Point),9.3676,135.87
R-453A,15,Saturated Vapor (Dew Point),8.8312,128.09
R-453A,20,Saturated Liquid (Bubble Point),10.8056,156.72
R-453A,20,Saturated Vapor (Dew Point),10.2136,148.14
R-453A,25,Saturated Liquid (Bubble Point),12.3853,179.63
R-453A,25,Saturated Vapor (Dew Point),11.7362,170.22
R-453A,30,Saturated Liquid (Bubble Point),14.1096,204.64
R-453A,30,Saturated Vapor (Dew Point),13.4024,194.39
R-453A,35,Saturated Liquid (Bubble Point),15.9801,231.77
R-453A,35,Saturated Vapor (Dew Point),15.2143,220.67
R-453A,40,Saturated Liquid (Bubble Point),17.9976,261.03
R-453A,40,Saturated Vapor (Dew Point),17.173,249.07
R-453A,45,Saturated Liquid (Bubble Point),20.1614,292.42
R-453A,45,Saturated Vapor (Dew Point),19.2784,279.61
R-453A,50,Saturated Liquid (Bubble Point),22.4703,325.91
R-453A,50,Saturated Vapor (Dew Point),21.5295,312.26
R-453A,55,Saturated Liquid (Bubble Point),24.9222,361.47
R-453A,55,Saturated Vapor (Dew Point),23.9245,347
R-453A,60,Saturated Liquid (Bubble Point),27.5145,399.07
R-453A,60,Saturated Vapor (Dew Point),26.4609,383.78
R-453A,65,Saturated Liquid (Bubble Point),30.2446,438.66
R-453A,65,Saturated Vapor (Dew Point),29.1362,422.59
R-453A,70,Saturated Liquid (Bubble Point),33.1096,480.22
R-453A,70,Saturated Vapor (Dew Point),31.9475,463.36
R-502,-50,Saturated Liquid (Bubble Point),0.8388,12.17
R-502,-50,Saturated Vapor (Dew Point),0.8388,12.17
R-502,-45,Saturated Liquid (Bubble Point),1.0773,15.62
R-502,-45,Saturated Vapor (Dew Point),1.0773,15.62
R-502,-40,Saturated Liquid (Bubble Point),1.3687,19.85
R-502,-40,Saturated Vapor (Dew Point),1.3687,19.85
R-502,-35,Saturated Liquid (Bubble Point),1.721,24.96
R-502,-35,Saturated Vapor (Dew Point),1.721,24.96
R-502,-30,Saturated Liquid (Bubble Point),2.1426,31.08
R-502,-30,Saturated Vapor (Dew Point),2.1426,31.08
R-502,-25,Saturated Liquid (Bubble Point),2.6423,38.32
R-502,-25,Saturated Vapor (Dew Point),2.6423,38.32
R-502,-20,Saturated Liquid (Bubble Point),3.229,46.83
R-502,-20,Saturated Vapor (Dew Point),3.229,46.83
R-502,-15,Saturated Liquid (Bubble Point),3.9117,56.73
R-502,-15,Saturated Vapor (Dew Point),3.9117,56.73
R-502,-10,Saturated Liquid (Bubble Point),4.6991,68.15
R-502,-10,Saturated Vapor (Dew Point),4.6991,68.15
R-502,-5,Saturated Liquid (Bubble Point),5.5998,81.22
R-502,-5,Saturated Vapor (Dew Point),5.5998,81.22
R-502,0,Saturated Liquid (Bubble Point),6.6216,96.04
R-502,0,Saturated Vapor (Dew Point),6.6216,96.04
R-502,5,Saturated Liquid (Bubble Point),7.772,112.72
R-502,5,Saturated Vapor (Dew Point),7.772,112.72
R-502,10,Saturated Liquid (Bubble Point),9.0572,131.36
R-502,10,Saturated Vapor (Dew Point),9.0572,131.36
R-502,15,Saturated Liquid (Bubble Point),10.4829,152.04
R-502,15,Saturated Vapor (Dew Point),10.4829,152.04
R-502,20,Saturated Liquid (Bubble Point),12.0532,174.82
R-502,20,Saturated Vapor (Dew Point),12.0532,174.82
R-502,25,Saturated Liquid (Bubble Point),13.7714,199.74
R-502,25,Saturated Vapor (Dew Point),13.7714,199.74
R-502,30,Saturated Liquid (Bubble Point),15.6394,226.83
R-502,30,Saturated Vapor (Dew Point),15.6394,226.83
R-502,35,Saturated Liquid (Bubble Point),17.6582,256.11
R-502,35,Saturated Vapor (Dew Point),17.6582,256.11
R-502,40,Saturated Liquid (Bubble Point),19.8272,287.57
R-502,40,Saturated Vapor (Dew Point),19.8272,287.57
R-502,45,Saturated Liquid (Bubble Point),22.1454,321.19
R-502,45,Saturated Vapor (Dew Point),22.1454,321.19
R-502,50,Saturated Liquid (Bubble Point),24.6105,356.95
R-502,50,Saturated Vapor (Dew Point),24.6105,356.95
R-502,55,Saturated Liquid (Bubble Point),27.22,394.79
R-502,55,Saturated Vapor (Dew Point),27.22,394.79
R-502,60,Saturated Liquid (Bubble Point),29.9711,434.7
R-502,60,Saturated Vapor (Dew Point),29.9711,434.7
R-502,65,Saturated Liquid (Bubble Point),32.8611,476.61
R-502,65,Saturated Vapor (Dew Point),32.8611,476.61
R-502,70,Saturated Liquid (Bubble Point),35.8876,520.51
R-502,70,Saturated Vapor (Dew Point),35.8876,520.51
R-454B,-50,Saturated Liquid (Bubble Point),1.1029,16
R-454B,-50,Saturated Vapor (Dew Point),0.9971,14.46
R-454B,-45,Saturated Liquid (Bubble Point),1.4079,20.42
R-454B,-45,Saturated Vapor (Dew Point),1.2786,18.54
R-454B,-40,Saturated Liquid (Bubble Point),1.7782,25.79
R-454B,-40,Saturated Vapor (Dew Point),1.6217,23.52
R-454B,-35,Saturated Liquid (Bubble Point),2.2229,32.24
R-454B,-35,Saturated Vapor (Dew Point),2.0355,29.52
R-454B,-30,Saturated Liquid (Bubble Point),2.7516,39.91
R-454B,-30,Saturated Vapor (Dew Point),2.5294,36.69
R-454B,-25,Saturated Liquid (Bubble Point),3.3743,48.94
R-454B,-25,Saturated Vapor (Dew Point),3.1133,45.16
R-454B,-20,Saturated Liquid (Bubble Point),4.1007,59.48
R-454B,-20,Saturated Vapor (Dew Point),3.7971,55.07
R-454B,-15,Saturated Liquid (Bubble Point),4.9406,71.66
R-454B,-15,Saturated Vapor (Dew Point),4.5904,66.58
R-454B,-10,Saturated Liquid (Bubble Point),5.9033,85.62
R-454B,-10,Saturated Vapor (Dew Point),5.5029,79.81
R-454B,-5,Saturated Liquid (Bubble Point),6.9975,101.49
R-454B,-5,Saturated Vapor (Dew Point),6.5435,94.91
R-454B,0,Saturated Liquid (Bubble Point),8.2314,119.39
R-454B,0,Saturated Vapor (Dew Point),7.7206,111.98
R-454B,5,Saturated Liquid (Bubble Point),9.6118,139.41
R-454B,5,Saturated Vapor (Dew Point),9.0416,131.14
R-454B,10,Saturated Liquid (Bubble Point),11.1447,161.64
R-454B,10,Saturated Vapor (Dew Point),10.5129,152.48
R-454B,15,Saturated Liquid (Bubble Point),12.8349,186.15
R-454B,15,Saturated Vapor (Dew Point),12.1397,176.07
R-454B,20,Saturated Liquid (Bubble Point),14.6855,213
R-454B,20,Saturated Vapor (Dew Point),13.9259,201.98
R-454B,25,Saturated Liquid (Bubble Point),16.6987,242.19
R-454B,25,Saturated Vapor (Dew Point),15.8739,230.23
R-454B,30,Saturated Liquid (Bubble Point),18.875,273.76
R-454B,30,Saturated Vapor (Dew Point),17.9849,260.85
R-454B,35,Saturated Liquid (Bubble Point),21.2138,307.68
R-454B,35,Saturated Vapor (Dew Point),20.2588,293.83
R-454B,40,Saturated Liquid (Bubble Point),23.7133,343.93
R-454B,40,Saturated Vapor (Dew Point),22.6944,329.15
R-454B,45,Saturated Liquid (Bubble Point),26.3711,382.48
R-454B,45,Saturated Vapor (Dew Point),25.2892,366.79
R-454B,50,Saturated Liquid (Bubble Point),29.1837,423.28
R-454B,50,Saturated Vapor (Dew Point),28.0403,406.69
R-454B,55,Saturated Liquid (Bubble Point),32.1479,466.27
R-454B,55,Saturated Vapor (Dew Point),30.9443,448.81
R-454B,60,Saturated Liquid (Bubble Point),35.2602,511.41
R-454B,60,Saturated Vapor (Dew Point),33.9977,493.1
R-454B,65,Saturated Liquid (Bubble Point),38.5179,558.66
R-454B,65,Saturated Vapor (Dew Point),37.1975,539.51
R-454B,70,Saturated Liquid (Bubble Point),41.9195,607.99
R-454B,70,Saturated Vapor (Dew Point),40.5416,588.01
R-454C,-50,Saturated Liquid (Bubble Point),0.8449,12.25
R-454C,-50,Saturated Vapor (Dew Point),0.762,11.05
R-454C,-45,Saturated Liquid (Bubble Point),1.085,15.74
R-454C,-45,Saturated Vapor (Dew Point),0.983,14.26
R-454C,-40,Saturated Liquid (Bubble Point),1.3783,19.99
R-454C,-40,Saturated Vapor (Dew Point),1.2541,18.19
R-454C,-35,Saturated Liquid (Bubble Point),1.7332,25.14
R-454C,-35,Saturated Vapor (Dew Point),1.5833,22.96
R-454C,-30,Saturated Liquid (Bubble Point),2.158,31.3
R-454C,-30,Saturated Vapor (Dew Point),1.9791,28.7
R-454C,-25,Saturated Liquid (Bubble Point),2.6618,38.61
R-454C,-25,Saturated Vapor (Dew Point),2.4502,35.54
R-454C,-20,Saturated Liquid (Bubble Point),3.2537,47.19
R-454C,-20,Saturated Vapor (Dew Point),3.0058,43.6
R-454C,-15,Saturated Liquid (Bubble Point),3.943,57.19
R-454C,-15,Saturated Vapor (Dew Point),3.655,53.01
R-454C,-10,Saturated Liquid (Bubble Point),4.7387,68.73
R-454C,-10,Saturated Vapor (Dew Point),4.4071,63.92
R-454C,-5,Saturated Liquid (Bubble Point),5.6497,81.94
R-454C,-5,Saturated Vapor (Dew Point),5.271,76.45
R-454C,0,Saturated Liquid (Bubble Point),6.6844,96.95
R-454C,0,Saturated Vapor (Dew Point),6.2552,90.72
R-454C,5,Saturated Liquid (Bubble Point),7.8504,113.86
R-454C,5,Saturated Vapor (Dew Point),7.3678,106.86
R-454C,10,Saturated Liquid (Bubble Point),9.1545,132.78
R-454C,10,Saturated Vapor (Dew Point),8.6159,124.96
R-454C,15,Saturated Liquid (Bubble Point),10.6028,153.78
R-454C,15,Saturated Vapor (Dew Point),10.0058,145.12
R-454C,20,Saturated Liquid (Bubble Point),12.1999,176.94
R-454C,20,Saturated Vapor (Dew Point),11.5429,167.42
R-454C,25,Saturated Liquid (Bubble Point),13.9495,202.32
R-454C,25,Saturated Vapor (Dew Point),13.2311,191.9
R-454C,30,Saturated Liquid (Bubble Point),15.8539,229.94
R-454C,30,Saturated Vapor (Dew Point),15.0734,218.62
R-454C,35,Saturated Liquid (Bubble Point),17.9142,259.82
R-454C,35,Saturated Vapor (Dew Point),17.0714,247.6
R-454C,40,Saturated Liquid (Bubble Point),20.1305,291.97
R-454C,40,Saturated Vapor (Dew Point),19.2253,278.84
R-454C,45,Saturated Liquid (Bubble Point),22.5015,326.36
R-454C,45,Saturated Vapor (Dew Point),21.5346,312.33
R-454C,50,Saturated Liquid (Bubble Point),25.0251,362.96
R-454C,50,Saturated Vapor (Dew Point),23.9975,348.06
R-454C,55,Saturated Liquid (Bubble Point),27.6987,401.74
R-454C,55,Saturated Vapor (Dew Point),26.6115,385.97
R-454C,60,Saturated Liquid (Bubble Point),30.519,442.64
R-454C,60,Saturated Vapor (Dew Point),29.3735,426.03
R-454C,65,Saturated Liquid (Bubble Point),33.4827,485.63
R-454C,65,Saturated Vapor (Dew Point),32.2802,468.19
R-454C,70,Saturated Liquid (Bubble Point),36.5869,530.65
R-454C,70,Saturated Vapor (Dew Point),35.3285,512.4
R-455A,-50,Saturated Liquid (Bubble Point),1.142,16.56
R-455A,-50,Saturated Vapor (Dew Point),0.6162,8.94
R-455A,-45,Saturated Liquid (Bubble Point),1.4568,21.13
R-455A,-45,Saturated Vapor (Dew Point),0.7971,11.56
R-455A,-40,Saturated Liquid (Bubble Point),1.8391,26.67
R-455A,-40,Saturated Vapor (Dew Point),1.0328,14.98
R-455A,-35,Saturated Liquid (Bubble Point),2.2986,33.34
R-455A,-35,Saturated Vapor (Dew Point),1.3233,19.19
R-455A,-30,Saturated Liquid (Bubble Point),2.8455,41.27
R-455A,-30,Saturated Vapor (Dew Point),1.6775,24.33
R-455A,-25,Saturated Liquid (Bubble Point),3.4902,50.62
R-455A,-25,Saturated Vapor (Dew Point),2.1049,30.53
R-455A,-20,Saturated Liquid (Bubble Point),4.2435,61.55
R-455A,-20,Saturated Vapor (Dew Point),2.6156,37.94
R-455A,-15,Saturated Liquid (Bubble Point),5.116,74.2
R-455A,-15,Saturated Vapor (Dew Point),3.2199,46.7
R-455A,-10,Saturated Liquid (Bubble Point),6.118,88.73
R-455A,-10,Saturated Vapor (Dew Point),3.9285,56.98
R-455A,-5,Saturated Liquid (Bubble Point),7.2594,105.29
R-455A,-5,Saturated Vapor (Dew Point),4.7521,68.92
R-455A,0,Saturated Liquid (Bubble Point),8.5494,124
R-455A,0,Saturated Vapor (Dew Point),5.7011,82.69
R-455A,5,Saturated Liquid (Bubble Point),9.9961,144.98
R-455A,5,Saturated Vapor (Dew Point),6.7856,98.42
R-455A,10,Saturated Liquid (Bubble Point),11.6069,168.34
R-455A,10,Saturated Vapor (Dew Point),8.015,116.25
R-455A,15,Saturated Liquid (Bubble Point),13.3875,194.17
R-455A,15,Saturated Vapor (Dew Point),9.3981,136.31
R-455A,20,Saturated Liquid (Bubble Point),15.3425,222.52
R-455A,20,Saturated Vapor (Dew Point),10.9425,158.71
R-455A,25,Saturated Liquid (Bubble Point),17.475,253.45
R-455A,25,Saturated Vapor (Dew Point),12.6545,183.54
R-455A,30,Saturated Liquid (Bubble Point),19.7865,286.98
R-455A,30,Saturated Vapor (Dew Point),14.5393,210.88
R-455A,35,Saturated Liquid (Bubble Point),22.2771,323.1
R-455A,35,Saturated Vapor (Dew Point),16.6006,240.77
R-455A,40,Saturated Liquid (Bubble Point),24.9455,361.8
R-455A,40,Saturated Vapor (Dew Point),18.8404,273.26
R-455A,45,Saturated Liquid (Bubble Point),27.7889,403.05
R-455A,45,Saturated Vapor (Dew Point),21.2595,308.34
R-455A,50,Saturated Liquid (Bubble Point),30.804,446.77
R-455A,50,Saturated Vapor (Dew Point),23.8569,346.02
R-455A,55,Saturated Liquid (Bubble Point),33.9862,492.93
R-455A,55,Saturated Vapor (Dew Point),26.6307,386.25
R-455A,60,Saturated Liquid (Bubble Point),37.3309,541.44
R-455A,60,Saturated Vapor (Dew Point),29.5776,428.99
R-455A,65,Saturated Liquid (Bubble Point),40.8332,592.24
R-455A,65,Saturated Vapor (Dew Point),32.6935,474.18
R-455A,70,Saturated Liquid (Bubble Point),44.489,645.26
R-455A,70,Saturated Vapor (Dew Point),35.9738,521.76
R-458A,-50,Saturated Liquid (Bubble Point),0.7114,10.32
R-458A,-50,Saturated Vapor (Dew Point),0.6407,9.29
R-458A,-45,Saturated Liquid (Bubble Point),0.917,13.3
R-458A,-45,Saturated Vapor (Dew Point),0.8296,12.03
R-458A,-40,Saturated Liquid (Bubble Point),1.1692,16.96
R-458A,-40,Saturated Vapor (Dew Point),1.0623,15.41
R-458A,-35,Saturated Liquid (Bubble Point),1.4754,21.4
R-458A,-35,Saturated Vapor (Dew Point),1.3459,19.52
R-458A,-30,Saturated Liquid (Bubble Point),1.8432,26.73
R-458A,-30,Saturated Vapor (Dew Point),1.6882,24.48
R-458A,-25,Saturated Liquid (Bubble Point),2.2811,33.08
R-458A,-25,Saturated Vapor (Dew Point),2.097,30.41
R-458A,-20,Saturated Liquid (Bubble Point),2.7972,40.57
R-458A,-20,Saturated Vapor (Dew Point),2.5808,37.43
R-458A,-15,Saturated Liquid (Bubble Point),3.4003,49.32
R-458A,-15,Saturated Vapor (Dew Point),3.1481,45.66
R-458A,-10,Saturated Liquid (Bubble Point),4.0989,59.45
R-458A,-10,Saturated Vapor (Dew Point),3.8075,55.22
R-458A,-5,Saturated Liquid (Bubble Point),4.9013,71.09
R-458A,-5,Saturated Vapor (Dew Point),4.5673,66.24
R-458A,0,Saturated Liquid (Bubble Point),5.8154,84.35
R-458A,0,Saturated Vapor (Dew Point),5.4358,78.84
R-458A,5,Saturated Liquid (Bubble Point),6.8488,99.33
R-458A,5,Saturated Vapor (Dew Point),6.4207,93.12
R-458A,10,Saturated Liquid (Bubble Point),8.0082,116.15
R-458A,10,Saturated Vapor (Dew Point),7.5289,109.2
R-458A,15,Saturated Liquid (Bubble Point),9.2996,134.88
R-458A,15,Saturated Vapor (Dew Point),8.7668,127.15
R-458A,20,Saturated Liquid (Bubble Point),10.7279,155.6
R-458A,20,Saturated Vapor (Dew Point),10.1399,147.07
R-458A,25,Saturated Liquid (Bubble Point),12.2971,178.35
R-458A,25,Saturated Vapor (Dew Point),11.6523,169
R-458A,30,Saturated Liquid (Bubble Point),14.01,203.2
R-458A,30,Saturated Vapor (Dew Point),13.3075,193.01
R-458A,35,Saturated Liquid (Bubble Point),15.8683,230.15
R-458A,35,Saturated Vapor (Dew Point),15.1075,219.12
R-458A,40,Saturated Liquid (Bubble Point),17.8726,259.22
R-458A,40,Saturated Vapor (Dew Point),17.0534,247.34
R-458A,45,Saturated Liquid (Bubble Point),20.0225,290.4
R-458A,45,Saturated Vapor (Dew Point),19.1452,277.68
R-458A,50,Saturated Liquid (Bubble Point),22.3166,323.68
R-458A,50,Saturated Vapor (Dew Point),21.3818,310.12
R-458A,55,Saturated Liquid (Bubble Point),24.7529,359.01
R-458A,55,Saturated Vapor (Dew Point),23.7615,344.63
R-458A,60,Saturated Liquid (Bubble Point),27.329,396.37
R-458A,60,Saturated Vapor (Dew Point),26.282,381.19
R-458A,65,Saturated Liquid (Bubble Point),30.042,435.72
R-458A,65,Saturated Vapor (Dew Point),28.9405,419.75
R-458A,70,Saturated Liquid (Bubble Point),32.8895,477.02
R-458A,70,Saturated Vapor (Dew Point),31.7345,460.27
R-466A,-50,Saturated Liquid (Bubble Point),1.1289,16.37
R-466A,-50,Saturated Vapor (Dew Point),1.0208,14.81
R-466A,-45,Saturated Liquid (Bubble Point),1.4405,20.89
R-466A,-45,Saturated Vapor (Dew Point),1.3084,18.98
R-466A,-40,Saturated Liquid (Bubble Point),1.8186,26.38
R-466A,-40,Saturated Vapor (Dew Point),1.6588,24.06
R-466A,-35,Saturated Liquid (Bubble Point),2.2727,32.96
R-466A,-35,Saturated Vapor (Dew Point),2.0813,30.19
R-466A,-30,Saturated Liquid (Bubble Point),2.8127,40.79
R-466A,-30,Saturated Vapor (Dew Point),2.5858,37.5
R-466A,-25,Saturated Liquid (Bubble Point),3.4487,50.02
R-466A,-25,Saturated Vapor (Dew Point),3.1821,46.15
R-466A,-20,Saturated Liquid (Bubble Point),4.1908,60.78
R-466A,-20,Saturated Vapor (Dew Point),3.8806,56.28
R-466A,-15,Saturated Liquid (Bubble Point),5.0491,73.23
R-466A,-15,Saturated Vapor (Dew Point),4.6912,68.04
R-466A,-10,Saturated Liquid (Bubble Point),6.0333,87.51
R-466A,-10,Saturated Vapor (Dew Point),5.6239,81.57
R-466A,-5,Saturated Liquid (Bubble Point),7.1524,103.74
R-466A,-5,Saturated Vapor (Dew Point),6.688,97
R-466A,0,Saturated Liquid (Bubble Point),8.4149,122.05
R-466A,0,Saturated Vapor (Dew Point),7.8922,114.47
R-466A,5,Saturated Liquid (Bubble Point),9.8282,142.55
R-466A,5,Saturated Vapor (Dew Point),9.2444,134.08
R-466A,10,Saturated Liquid (Bubble Point),11.3985,165.32
R-466A,10,Saturated Vapor (Dew Point),10.7512,155.93
R-466A,15,Saturated Liquid (Bubble Point),13.1309,190.45
R-466A,15,Saturated Vapor (Dew Point),12.4182,180.11
R-466A,20,Saturated Liquid (Bubble Point),15.0289,217.98
R-466A,20,Saturated Vapor (Dew Point),14.2497,206.67
R-466A,25,Saturated Liquid (Bubble Point),17.0949,247.94
R-466A,25,Saturated Vapor (Dew Point),16.2483,235.66
R-466A,30,Saturated Liquid (Bubble Point),19.3296,280.35
R-466A,30,Saturated Vapor (Dew Point),18.4155,267.09
R-466A,35,Saturated Liquid (Bubble Point),21.7326,315.2
R-466A,35,Saturated Vapor (Dew Point),20.7513,300.97
R-466A,40,Saturated Liquid (Bubble Point),24.302,352.47
R-466A,40,Saturated Vapor (Dew Point),23.2544,337.28
R-466A,45,Saturated Liquid (Bubble Point),27.0353,392.11
R-466A,45,Saturated Vapor (Dew Point),25.9225,375.98
R-466A,50,Saturated Liquid (Bubble Point),29.9288,434.08
R-466A,50,Saturated Vapor (Dew Point),28.7524,417.02
R-466A,55,Saturated Liquid (Bubble Point),32.9789,478.32
R-466A,55,Saturated Vapor (Dew Point),31.7403,460.36
R-466A,60,Saturated Liquid (Bubble Point),36.1815,524.77
R-466A,60,Saturated Vapor (Dew Point),34.8824,505.93
R-466A,65,Saturated Liquid (Bubble Point),39.5334,573.38
R-466A,65,Saturated Vapor (Dew Point),38.1749,553.68
R-466A,70,Saturated Liquid (Bubble Point),43.0318,624.12
R-466A,70,Saturated Vapor (Dew Point),41.6149,603.57
R-407B,-50,Saturated Liquid (Bubble Point),0.8792,12.75
R-407B,-50,Saturated Vapor (Dew Point),0.7933,11.51
R-407B,-45,Saturated Liquid (Bubble Point),1.128,16.36
R-407B,-45,Saturated Vapor (Dew Point),1.0224,14.83
R-407B,-40,Saturated Liquid (Bubble Point),1.4312,20.76
R-407B,-40,Saturated Vapor (Dew Point),1.3029,18.9
R-407B,-35,Saturated Liquid (Bubble Point),1.797,26.06
R-407B,-35,Saturated Vapor (Dew Point),1.6427,23.83
R-407B,-30,Saturated Liquid (Bubble Point),2.2338,32.4
R-407B,-30,Saturated Vapor (Dew Point),2.05,29.73
R-407B,-25,Saturated Liquid (Bubble Point),2.7501,39.89
R-407B,-25,Saturated Vapor (Dew Point),2.5334,36.74
R-407B,-20,Saturated Liquid (Bubble Point),3.3546,48.65
R-407B,-20,Saturated Vapor (Dew Point),3.1016,44.99
R-407B,-15,Saturated Liquid (Bubble Point),4.056,58.83
R-407B,-15,Saturated Vapor (Dew Point),3.7633,54.58
R-407B,-10,Saturated Liquid (Bubble Point),4.8626,70.53
R-407B,-10,Saturated Vapor (Dew Point),4.5268,65.66
R-407B,-5,Saturated Liquid (Bubble Point),5.7824,83.87
R-407B,-5,Saturated Vapor (Dew Point),5.4004,78.33
R-407B,0,Saturated Liquid (Bubble Point),6.8225,98.95
R-407B,0,Saturated Vapor (Dew Point),6.3916,92.7
R-407B,5,Saturated Liquid (Bubble Point),7.9896,115.88
R-407B,5,Saturated Vapor (Dew Point),7.5072,108.88
R-407B,10,Saturated Liquid (Bubble Point),9.2892,134.73
R-407B,10,Saturated Vapor (Dew Point),8.7531,126.95
R-407B,15,Saturated Liquid (Bubble Point),10.7258,155.57
R-407B,15,Saturated Vapor (Dew Point),10.1345,146.99
R-407B,20,Saturated Liquid (Bubble Point),12.3029,178.44
R-407B,20,Saturated Vapor (Dew Point),11.6551,169.04
R-407B,25,Saturated Liquid (Bubble Point),14.0228,203.38
R-407B,25,Saturated Vapor (Dew Point),13.3176,193.16
R-407B,30,Saturated Liquid (Bubble Point),15.8865,230.41
R-407B,30,Saturated Vapor (Dew Point),15.1237,219.35
R-407B,35,Saturated Liquid (Bubble Point),17.8941,259.53
R-407B,35,Saturated Vapor (Dew Point),17.0738,247.64
R-407B,40,Saturated Liquid (Bubble Point),20.0449,290.73
R-407B,40,Saturated Vapor (Dew Point),19.1675,278
R-407B,45,Saturated Liquid (Bubble Point),22.3372,323.97
R-407B,45,Saturated Vapor (Dew Point),21.4034,310.43
R-407B,50,Saturated Liquid (Bubble Point),24.7689,359.24
R-407B,50,Saturated Vapor (Dew Point),23.7796,344.89
R-407B,55,Saturated Liquid (Bubble Point),27.3378,396.5
R-407B,55,Saturated Vapor (Dew Point),26.2939,381.36
R-407B,60,Saturated Liquid (Bubble Point),30.042,435.72
R-407B,60,Saturated Vapor (Dew Point),28.9442,419.8
R-407B,65,Saturated Liquid (Bubble Point),32.8799,476.88
R-407B,65,Saturated Vapor (Dew Point),31.7287,460.19
R-407B,70,Saturated Liquid (Bubble Point),35.8511,519.98
R-407B,70,Saturated Vapor (Dew Point),34.6466,502.51
R-717,-50,Saturated Liquid (Bubble Point),0.3888,5.64
R-717,-50,Saturated Vapor (Dew Point),0.3888,5.64
R-717,-45,Saturated Liquid (Bubble Point),0.5256,7.62
R-717,-45,Saturated Vapor (Dew Point),0.5256,7.62
R-717,-40,Saturated Liquid (Bubble Point),0.7014,10.17
R-717,-40,Saturated Vapor (Dew Point),0.7014,10.17
R-717,-35,Saturated Liquid (Bubble Point),0.9248,13.41
R-717,-35,Saturated Vapor (Dew Point),0.9248,13.41
R-717,-30,Saturated Liquid (Bubble Point),1.2055,17.48
R-717,-30,Saturated Vapor (Dew Point),1.2055,17.48
R-717,-25,Saturated Liquid (Bubble Point),1.5767,22.87
R-717,-25,Saturated Vapor (Dew Point),1.5767,22.87
R-717,-20,Saturated Liquid (Bubble Point),2.0417,29.61
R-717,-20,Saturated Vapor (Dew Point),2.0417,29.61
R-717,-15,Saturated Liquid (Bubble Point),2.6177,37.97
R-717,-15,Saturated Vapor (Dew Point),2.6177,37.97
R-717,-10,Saturated Liquid (Bubble Point),3.3245,48.22
R-717,-10,Saturated Vapor (Dew Point),3.3245,48.22
R-717,-5,Saturated Liquid (Bubble Point),4.184,60.68
R-717,-5,Saturated Vapor (Dew Point),4.184,60.68
R-717,0,Saturated Liquid (Bubble Point),5.2199,75.71
R-717,0,Saturated Vapor (Dew Point),5.2199,75.71
R-717,5,Saturated Liquid (Bubble Point),6.4581,93.67
R-717,5,Saturated Vapor (Dew Point),6.4581,93.67
R-717,10,Saturated Liquid (Bubble Point),7.9259,114.96
R-717,10,Saturated Vapor (Dew Point),7.9259,114.96
R-717,15,Saturated Liquid (Bubble Point),9.6523,140
R-717,15,Saturated Vapor (Dew Point),9.6523,140
R-717,20,Saturated Liquid (Bubble Point),11.6675,169.22
R-717,20,Saturated Vapor (Dew Point),11.6675,169.22
R-717,25,Saturated Liquid (Bubble Point),14.0025,203.09
R-717,25,Saturated Vapor (Dew Point),14.0025,203.09
R-717,30,Saturated Liquid (Bubble Point),16.6889,242.05
R-717,30,Saturated Vapor (Dew Point),16.6889,242.05
R-717,35,Saturated Liquid (Bubble Point),19.7586,286.57
R-717,35,Saturated Vapor (Dew Point),19.7586,286.57
R-717,40,Saturated Liquid (Bubble Point),23.2427,337.11
R-717,40,Saturated Vapor (Dew Point),23.2427,337.11
R-717,45,Saturated Liquid (Bubble Point),27.1722,394.1
R-717,45,Saturated Vapor (Dew Point),27.1722,394.1
R-717,50,Saturated Liquid (Bubble Point),31.5764,457.98
R-717,50,Saturated Vapor (Dew Point),31.5764,457.98
R-717,55,Saturated Liquid (Bubble Point),36.4832,529.15
R-717,55,Saturated Vapor (Dew Point),36.4832,529.15
R-717,60,Saturated Liquid (Bubble Point),41.9186,607.98
R-717,60,Saturated Vapor (Dew Point),41.9186,607.98
R-717,65,Saturated Liquid (Bubble Point),47.906,694.82
R-717,65,Saturated Vapor (Dew Point),47.906,694.82
R-717,70,Saturated Liquid (Bubble Point),54.4665,789.97
R-717,70,Saturated Vapor (Dew Point),54.4665,789.97
R-744,-50,Saturated Liquid (Bubble Point),3.6922,53.55
R-744,-50,Saturated Vapor (Dew Point),3.6922,53.55
R-744,-45,Saturated Liquid (Bubble Point),4.4359,64.34
R-744,-45,Saturated Vapor (Dew Point),4.4359,64.34
R-744,-40,Saturated Liquid (Bubble Point),5.2784,76.56
R-744,-40,Saturated Vapor (Dew Point),5.2784,76.56
R-744,-35,Saturated Liquid (Bubble Point),6.2234,90.26
R-744,-35,Saturated Vapor (Dew Point),6.2234,90.26
R-744,-30,Saturated Liquid (Bubble Point),7.2734,105.49
R-744,-30,Saturated Vapor (Dew Point),7.2734,105.49
R-744,-25,Saturated Liquid (Bubble Point),8.4293,122.26
R-744,-25,Saturated Vapor (Dew Point),8.4293,122.26
R-744,-20,Saturated Liquid (Bubble Point),9.6909,140.55
R-744,-20,Saturated Vapor (Dew Point),9.6909,140.55
R-744,-15,Saturated Liquid (Bubble Point),11.0563,160.36
R-744,-15,Saturated Vapor (Dew Point),11.0563,160.36
R-744,-10,Saturated Liquid (Bubble Point),12.5226,181.63
R-744,-10,Saturated Vapor (Dew Point),12.5226,181.63
R-744,-5,Saturated Liquid (Bubble Point),14.0856,204.29
R-744,-5,Saturated Vapor (Dew Point),14.0856,204.29
R-744,0,Saturated Liquid (Bubble Point),15.7404,228.29
R-744,0,Saturated Vapor (Dew Point),15.7404,228.29
R-744,5,Saturated Liquid (Bubble Point),17.4814,253.55
R-744,5,Saturated Vapor (Dew Point),17.4814,253.55
R-744,10,Saturated Liquid (Bubble Point),19.3032,279.97
R-744,10,Saturated Vapor (Dew Point),19.3032,279.97
R-744,15,Saturated Liquid (Bubble Point),21.2004,307.49
R-744,15,Saturated Vapor (Dew Point),21.2004,307.49
R-744,20,Saturated Liquid (Bubble Point),23.1686,336.03
R-744,20,Saturated Vapor (Dew Point),23.1686,336.03
R-744,25,Saturated Liquid (Bubble Point),25.2045,365.56
R-744,25,Saturated Vapor (Dew Point),25.2045,365.56
R-744,30,Saturated Liquid (Bubble Point),27.3068,396.05
R-744,30,Saturated Vapor (Dew Point),27.3068,396.05
R-744,35,Saturated Liquid (Bubble Point),73.8,1070.38
R-744,35,Saturated Vapor (Dew Point),73.8,1070.38
R-744,40,Saturated Liquid (Bubble Point),73.8,1070.38
R-744,40,Saturated Vapor (Dew Point),73.8,1070.38
R-744,45,Saturated Liquid (Bubble Point),73.8,1070.38
R-744,45,Saturated Vapor (Dew Point),73.8,1070.38
R-744,50,Saturated Liquid (Bubble Point),73.8,1070.38
R-744,50,Saturated Vapor (Dew Point),73.8,1070.38
R-744,55,Saturated Liquid (Bubble Point),73.8,1070.38
R-744,55,Saturated Vapor (Dew Point),73.8,1070.38
R-744,60,Saturated Liquid (Bubble Point),73.8,1070.38
R-744,60,Saturated Vapor (Dew Point),73.8,1070.38
R-744,65,Saturated Liquid (Bubble Point),73.8,1070.38
R-744,65,Saturated Vapor (Dew Point),73.8,1070.38
R-744,70,Saturated Liquid (Bubble Point),73.8,1070.38
R-744,70,Saturated Vapor (Dew Point),73.8,1070.38
R-123,-50,Saturated Liquid (Bubble Point),0.0237,0.34
R-123,-50,Saturated Vapor (Dew Point),0.0237,0.34
R-123,-45,Saturated Liquid (Bubble Point),0.0326,0.47
R-123,-45,Saturated Vapor (Dew Point),0.0326,0.47
R-123,-40,Saturated Liquid (Bubble Point),0.0442,0.64
R-123,-40,Saturated Vapor (Dew Point),0.0442,0.64
R-123,-35,Saturated Liquid (Bubble Point),0.0593,0.86
R-123,-35,Saturated Vapor (Dew Point),0.0593,0.86
R-123,-30,Saturated Liquid (Bubble Point),0.0785,1.14
R-123,-30,Saturated Vapor (Dew Point),0.0785,1.14
R-123,-25,Saturated Liquid (Bubble Point),0.1027,1.49
R-123,-25,Saturated Vapor (Dew Point),0.1027,1.49
R-123,-20,Saturated Liquid (Bubble Point),0.133,1.93
R-123,-20,Saturated Vapor (Dew Point),0.133,1.93
R-123,-15,Saturated Liquid (Bubble Point),0.1705,2.47
R-123,-15,Saturated Vapor (Dew Point),0.1705,2.47
R-123,-10,Saturated Liquid (Bubble Point),0.2165,3.14
R-123,-10,Saturated Vapor (Dew Point),0.2165,3.14
R-123,-5,Saturated Liquid (Bubble Point),0.2726,3.95
R-123,-5,Saturated Vapor (Dew Point),0.2726,3.95
R-123,0,Saturated Liquid (Bubble Point),0.3402,4.93
R-123,0,Saturated Vapor (Dew Point),0.3402,4.93
R-123,5,Saturated Liquid (Bubble Point),0.4257,6.17
R-123,5,Saturated Vapor (Dew Point),0.4257,6.17
R-123,10,Saturated Liquid (Bubble Point),0.5298,7.68
R-123,10,Saturated Vapor (Dew Point),0.5298,7.68
R-123,15,Saturated Liquid (Bubble Point),0.6545,9.49
R-123,15,Saturated Vapor (Dew Point),0.6545,9.49
R-123,20,Saturated Liquid (Bubble Point),0.8027,11.64
R-123,20,Saturated Vapor (Dew Point),0.8027,11.64
R-123,25,Saturated Liquid (Bubble Point),0.9777,14.18
R-123,25,Saturated Vapor (Dew Point),0.9777,14.18
R-123,30,Saturated Liquid (Bubble Point),1.183,17.16
R-123,30,Saturated Vapor (Dew Point),1.183,17.16
R-123,35,Saturated Liquid (Bubble Point),1.4221,20.63
R-123,35,Saturated Vapor (Dew Point),1.4221,20.63
R-123,40,Saturated Liquid (Bubble Point),1.6989,24.64
R-123,40,Saturated Vapor (Dew Point),1.6989,24.64
R-123,45,Saturated Liquid (Bubble Point),2.0175,29.26
R-123,45,Saturated Vapor (Dew Point),2.0175,29.26
R-123,50,Saturated Liquid (Bubble Point),2.382,34.55
R-123,50,Saturated Vapor (Dew Point),2.382,34.55
R-123,55,Saturated Liquid (Bubble Point),2.7966,40.56
R-123,55,Saturated Vapor (Dew Point),2.7966,40.56
R-123,60,Saturated Liquid (Bubble Point),3.2656,47.36
R-123,60,Saturated Vapor (Dew Point),3.2656,47.36
R-123,65,Saturated Liquid (Bubble Point),3.7931,55.01
R-123,65,Saturated Vapor (Dew Point),3.7931,55.01
R-123,70,Saturated Liquid (Bubble Point),4.3835,63.58
R-123,70,Saturated Vapor (Dew Point),4.3835,63.58
R-124,-50,Saturated Liquid (Bubble Point),0.1611,2.34
R-124,-50,Saturated Vapor (Dew Point),0.1611,2.34
R-124,-45,Saturated Liquid (Bubble Point),0.2125,3.08
R-124,-45,Saturated Vapor (Dew Point),0.2125,3.08
R-124,-40,Saturated Liquid (Bubble Point),0.277,4.02
R-124,-40,Saturated Vapor (Dew Point),0.277,4.02
R-124,-35,Saturated Liquid (Bubble Point),0.3581,5.19
R-124,-35,Saturated Vapor (Dew Point),0.3581,5.19
R-124,-30,Saturated Liquid (Bubble Point),0.4636,6.72
R-124,-30,Saturated Vapor (Dew Point),0.4636,6.72
R-124,-25,Saturated Liquid (Bubble Point),0.594,8.62
R-124,-25,Saturated Vapor (Dew Point),0.594,8.62
R-124,-20,Saturated Liquid (Bubble Point),0.7539,10.93
R-124,-20,Saturated Vapor (Dew Point),0.7539,10.93
R-124,-15,Saturated Liquid (Bubble Point),0.9479,13.75
R-124,-15,Saturated Vapor (Dew Point),0.9479,13.75
R-124,-10,Saturated Liquid (Bubble Point),1.1812,17.13
R-124,-10,Saturated Vapor (Dew Point),1.1812,17.13
R-124,-5,Saturated Liquid (Bubble Point),1.4594,21.17
R-124,-5,Saturated Vapor (Dew Point),1.4594,21.17
R-124,0,Saturated Liquid (Bubble Point),1.7884,25.94
R-124,0,Saturated Vapor (Dew Point),1.7884,25.94
R-124,5,Saturated Liquid (Bubble Point),2.1742,31.53
R-124,5,Saturated Vapor (Dew Point),2.1742,31.53
R-124,10,Saturated Liquid (Bubble Point),2.6233,38.05
R-124,10,Saturated Vapor (Dew Point),2.6233,38.05
R-124,15,Saturated Liquid (Bubble Point),3.142,45.57
R-124,15,Saturated Vapor (Dew Point),3.142,45.57
R-124,20,Saturated Liquid (Bubble Point),3.7368,54.2
R-124,20,Saturated Vapor (Dew Point),3.7368,54.2
R-124,25,Saturated Liquid (Bubble Point),4.414,64.02
R-124,25,Saturated Vapor (Dew Point),4.414,64.02
R-124,30,Saturated Liquid (Bubble Point),5.1799,75.13
R-124,30,Saturated Vapor (Dew Point),5.1799,75.13
R-124,35,Saturated Liquid (Bubble Point),6.0404,87.61
R-124,35,Saturated Vapor (Dew Point),6.0404,87.61
R-124,40,Saturated Liquid (Bubble Point),7.0011,101.54
R-124,40,Saturated Vapor (Dew Point),7.0011,101.54
R-124,45,Saturated Liquid (Bubble Point),8.0669,117
R-124,45,Saturated Vapor (Dew Point),8.0669,117
R-124,50,Saturated Liquid (Bubble Point),9.2425,134.05
R-124,50,Saturated Vapor (Dew Point),9.2425,134.05
R-124,55,Saturated Liquid (Bubble Point),10.5318,152.75
R-124,55,Saturated Vapor (Dew Point),10.5318,152.75
R-124,60,Saturated Liquid (Bubble Point),11.938,173.15
R-124,60,Saturated Vapor (Dew Point),11.938,173.15
R-124,65,Saturated Liquid (Bubble Point),13.4637,195.27
R-124,65,Saturated Vapor (Dew Point),13.4637,195.27
R-124,70,Saturated Liquid (Bubble Point),15.1108,219.16
R-124,70,Saturated Vapor (Dew Point),15.1108,219.16
R-1233zd,-50,Saturated Liquid (Bubble Point),0.0447,0.65
R-1233zd,-50,Saturated Vapor (Dew Point),0.0447,0.65
R-1233zd,-45,Saturated Liquid (Bubble Point),0.0598,0.87
R-1233zd,-45,Saturated Vapor (Dew Point),0.0598,0.87
R-1233zd,-40,Saturated Liquid (Bubble Point),0.0791,1.15
R-1233zd,-40,Saturated Vapor (Dew Point),0.0791,1.15
R-1233zd,-35,Saturated Liquid (Bubble Point),0.1033,1.5
R-1233zd,-35,Saturated Vapor (Dew Point),0.1033,1.5
R-1233zd,-30,Saturated Liquid (Bubble Point),0.1336,1.94
R-1233zd,-30,Saturated Vapor (Dew Point),0.1336,1.94
R-1233zd,-25,Saturated Liquid (Bubble Point),0.1709,2.48
R-1233zd,-25,Saturated Vapor (Dew Point),0.1709,2.48
R-1233zd,-20,Saturated Liquid (Bubble Point),0.2165,3.14
R-1233zd,-20,Saturated Vapor (Dew Point),0.2165,3.14
R-1233zd,-15,Saturated Liquid (Bubble Point),0.2718,3.94
R-1233zd,-15,Saturated Vapor (Dew Point),0.2718,3.94
R-1233zd,-10,Saturated Liquid (Bubble Point),0.3383,4.91
R-1233zd,-10,Saturated Vapor (Dew Point),0.3383,4.91
R-1233zd,-5,Saturated Liquid (Bubble Point),0.4231,6.14
R-1233zd,-5,Saturated Vapor (Dew Point),0.4231,6.14
R-1233zd,0,Saturated Liquid (Bubble Point),0.5251,7.62
R-1233zd,0,Saturated Vapor (Dew Point),0.5251,7.62
R-1233zd,5,Saturated Liquid (Bubble Point),0.6468,9.38
R-1233zd,5,Saturated Vapor (Dew Point),0.6468,9.38
R-1233zd,10,Saturated Liquid (Bubble Point),0.7907,11.47
R-1233zd,10,Saturated Vapor (Dew Point),0.7907,11.47
R-1233zd,15,Saturated Liquid (Bubble Point),0.9598,13.92
R-1233zd,15,Saturated Vapor (Dew Point),0.9598,13.92
R-1233zd,20,Saturated Liquid (Bubble Point),1.1572,16.78
R-1233zd,20,Saturated Vapor (Dew Point),1.1572,16.78
R-1233zd,25,Saturated Liquid (Bubble Point),1.3861,20.1
R-1233zd,25,Saturated Vapor (Dew Point),1.3861,20.1
R-1233zd,30,Saturated Liquid (Bubble Point),1.6496,23.93
R-1233zd,30,Saturated Vapor (Dew Point),1.6496,23.93
R-1233zd,35,Saturated Liquid (Bubble Point),1.9513,28.3
R-1233zd,35,Saturated Vapor (Dew Point),1.9513,28.3
R-1233zd,40,Saturated Liquid (Bubble Point),2.2945,33.28
R-1233zd,40,Saturated Vapor (Dew Point),2.2945,33.28
R-1233zd,45,Saturated Liquid (Bubble Point),2.6826,38.91
R-1233zd,45,Saturated Vapor (Dew Point),2.6826,38.91
R-1233zd,50,Saturated Liquid (Bubble Point),3.119,45.24
R-1233zd,50,Saturated Vapor (Dew Point),3.119,45.24
R-1233zd,55,Saturated Liquid (Bubble Point),3.607,52.31
R-1233zd,55,Saturated Vapor (Dew Point),3.607,52.31
R-1233zd,60,Saturated Liquid (Bubble Point),4.1496,60.19
R-1233zd,60,Saturated Vapor (Dew Point),4.1496,60.19
R-1233zd,65,Saturated Liquid (Bubble Point),4.75,68.89
R-1233zd,65,Saturated Vapor (Dew Point),4.75,68.89
R-1233zd,70,Saturated Liquid (Bubble Point),5.4108,78.48
R-1233zd,70,Saturated Vapor (Dew Point),5.4108,78.48
R-1234ze,-50,Saturated Liquid (Bubble Point),0.2457,3.56
R-1234ze,-50,Saturated Vapor (Dew Point),0.2457,3.56
R-1234ze,-45,Saturated Liquid (Bubble Point),0.3169,4.6
R-1234ze,-45,Saturated Vapor (Dew Point),0.3169,4.6
R-1234ze,-40,Saturated Liquid (Bubble Point),0.4088,5.93
R-1234ze,-40,Saturated Vapor (Dew Point),0.4088,5.93
R-1234ze,-35,Saturated Liquid (Bubble Point),0.5241,7.6
R-1234ze,-35,Saturated Vapor (Dew Point),0.5241,7.6
R-1234ze,-30,Saturated Liquid (Bubble Point),0.6652,9.65
R-1234ze,-30,Saturated Vapor (Dew Point),0.6652,9.65
R-1234ze,-25,Saturated Liquid (Bubble Point),0.8361,12.13
R-1234ze,-25,Saturated Vapor (Dew Point),0.8361,12.13
R-1234ze,-20,Saturated Liquid (Bubble Point),1.0413,15.1
R-1234ze,-20,Saturated Vapor (Dew Point),1.0413,15.1
R-1234ze,-15,Saturated Liquid (Bubble Point),1.2854,18.64
R-1234ze,-15,Saturated Vapor (Dew Point),1.2854,18.64
R-1234ze,-10,Saturated Liquid (Bubble Point),1.5734,22.82
R-1234ze,-10,Saturated Vapor (Dew Point),1.5734,22.82
R-1234ze,-5,Saturated Liquid (Bubble Point),1.9102,27.71
R-1234ze,-5,Saturated Vapor (Dew Point),1.9102,27.71
R-1234ze,0,Saturated Liquid (Bubble Point),2.3011,33.37
R-1234ze,0,Saturated Vapor (Dew Point),2.3011,33.37
R-1234ze,5,Saturated Liquid (Bubble Point),2.7511,39.9
R-1234ze,5,Saturated Vapor (Dew Point),2.7511,39.9
R-1234ze,10,Saturated Liquid (Bubble Point),3.2653,47.36
R-1234ze,10,Saturated Vapor (Dew Point),3.2653,47.36
R-1234ze,15,Saturated Liquid (Bubble Point),3.8487,55.82
R-1234ze,15,Saturated Vapor (Dew Point),3.8487,55.82
R-1234ze,20,Saturated Liquid (Bubble Point),4.5058,65.35
R-1234ze,20,Saturated Vapor (Dew Point),4.5058,65.35
R-1234ze,25,Saturated Liquid (Bubble Point),5.2409,76.01
R-1234ze,25,Saturated Vapor (Dew Point),5.2409,76.01
R-1234ze,30,Saturated Liquid (Bubble Point),6.058,87.86
R-1234ze,30,Saturated Vapor (Dew Point),6.058,87.86
R-1234ze,35,Saturated Liquid (Bubble Point),6.9604,100.95
R-1234ze,35,Saturated Vapor (Dew Point),6.9604,100.95
R-1234ze,40,Saturated Liquid (Bubble Point),7.951,115.32
R-1234ze,40,Saturated Vapor (Dew Point),7.951,115.32
R-1234ze,45,Saturated Liquid (Bubble Point),9.032,131
R-1234ze,45,Saturated Vapor (Dew Point),9.032,131
R-1234ze,50,Saturated Liquid (Bubble Point),10.2049,148.01
R-1234ze,50,Saturated Vapor (Dew Point),10.2049,148.01
R-1234ze,55,Saturated Liquid (Bubble Point),11.4707,166.37
R-1234ze,55,Saturated Vapor (Dew Point),11.4707,166.37
R-1234ze,60,Saturated Liquid (Bubble Point),12.8298,186.08
R-1234ze,60,Saturated Vapor (Dew Point),12.8298,186.08
R-1234ze,65,Saturated Liquid (Bubble Point),14.282,207.14
R-1234ze,65,Saturated Vapor (Dew Point),14.282,207.14
R-1234ze,70,Saturated Liquid (Bubble Point),15.8265,229.54
R-1234ze,70,Saturated Vapor (Dew Point),15.8265,229.54
R-508B,-50,Saturated Liquid (Bubble Point),6.7573,98.01
R-508B,-50,Saturated Vapor (Dew Point),6.7573,98.01
R-508B,-45,Saturated Liquid (Bubble Point),8.2002,118.93
R-508B,-45,Saturated Vapor (Dew Point),8.2002,118.93
R-508B,-40,Saturated Liquid (Bubble Point),9.8456,142.8
R-508B,-40,Saturated Vapor (Dew Point),9.8456,142.8
R-508B,-35,Saturated Liquid (Bubble Point),11.7022,169.73
R-508B,-35,Saturated Vapor (Dew Point),11.7022,169.73
R-508B,-30,Saturated Liquid (Bubble Point),13.7756,199.8
R-508B,-30,Saturated Vapor (Dew Point),13.7756,199.8
R-508B,-25,Saturated Liquid (Bubble Point),16.0692,233.06
R-508B,-25,Saturated Vapor (Dew Point),16.0692,233.06
R-508B,-20,Saturated Liquid (Bubble Point),18.5836,269.53
R-508B,-20,Saturated Vapor (Dew Point),18.5836,269.53
R-508B,-15,Saturated Liquid (Bubble Point),21.3172,309.18
R-508B,-15,Saturated Vapor (Dew Point),21.3172,309.18
R-508B,-10,Saturated Liquid (Bubble Point),24.2668,351.96
R-508B,-10,Saturated Vapor (Dew Point),24.2668,351.96
R-508B,-5,Saturated Liquid (Bubble Point),27.4279,397.81
R-508B,-5,Saturated Vapor (Dew Point),27.4279,397.81
R-508B,0,Saturated Liquid (Bubble Point),30.796,446.66
R-508B,0,Saturated Vapor (Dew Point),30.796,446.66
R-508B,5,Saturated Liquid (Bubble Point),34.3674,498.46
R-508B,5,Saturated Vapor (Dew Point),34.3674,498.46
R-508B,10,Saturated Liquid (Bubble Point),38.1404,553.18
R-508B,10,Saturated Vapor (Dew Point),38.1404,553.18
R-508B,15,Saturated Liquid (Bubble Point),39.3,570
R-508B,15,Saturated Vapor (Dew Point),39.3,570
R-508B,20,Saturated Liquid (Bubble Point),39.3,570
R-508B,20,Saturated Vapor (Dew Point),39.3,570
R-508B,25,Saturated Liquid (Bubble Point),39.3,570
R-508B,25,Saturated Vapor (Dew Point),39.3,570
R-508B,30,Saturated Liquid (Bubble Point),39.3,570
R-508B,30,Saturated Vapor (Dew Point),39.3,570
R-508B,35,Saturated Liquid (Bubble Point),39.3,570
R-508B,35,Saturated Vapor (Dew Point),39.3,570
R-508B,40,Saturated Liquid (Bubble Point),39.3,570
R-508B,40,Saturated Vapor (Dew Point),39.3,570
R-508B,45,Saturated Liquid (Bubble Point),39.3,570
R-508B,45,Saturated Vapor (Dew Point),39.3,570
R-508B,50,Saturated Liquid (Bubble Point),39.3,570
R-508B,50,Saturated Vapor (Dew Point),39.3,570
R-508B,55,Saturated Liquid (Bubble Point),39.3,570
R-508B,55,Saturated Vapor (Dew Point),39.3,570
R-508B,60,Saturated Liquid (Bubble Point),39.3,570
R-508B,60,Saturated Vapor (Dew Point),39.3,570
R-508B,65,Saturated Liquid (Bubble Point),39.3,570
R-508B,65,Saturated Vapor (Dew Point),39.3,570
R-508B,70,Saturated Liquid (Bubble Point),39.3,570
R-508B,70,Saturated Vapor (Dew Point),39.3,570
R-23,-50,Saturated Liquid (Bubble Point),5.2164,75.66
R-23,-50,Saturated Vapor (Dew Point),5.2164,75.66
R-23,-45,Saturated Liquid (Bubble Point),6.3907,92.69
R-23,-45,Saturated Vapor (Dew Point),6.3907,92.69
R-23,-40,Saturated Liquid (Bubble Point),7.7466,112.35
R-23,-40,Saturated Vapor (Dew Point),7.7466,112.35
R-23,-35,Saturated Liquid (Bubble Point),9.2953,134.82
R-23,-35,Saturated Vapor (Dew Point),9.2953,134.82
R-23,-30,Saturated Liquid (Bubble Point),11.0462,160.21
R-23,-30,Saturated Vapor (Dew Point),11.0462,160.21
R-23,-25,Saturated Liquid (Bubble Point),13.0064,188.64
R-23,-25,Saturated Vapor (Dew Point),13.0064,188.64
R-23,-20,Saturated Liquid (Bubble Point),15.1807,220.18
R-23,-20,Saturated Vapor (Dew Point),15.1807,220.18
R-23,-15,Saturated Liquid (Bubble Point),17.5713,254.85
R-23,-15,Saturated Vapor (Dew Point),17.5713,254.85
R-23,-10,Saturated Liquid (Bubble Point),20.1782,292.66
R-23,-10,Saturated Vapor (Dew Point),20.1782,292.66
R-23,-5,Saturated Liquid (Bubble Point),22.9993,333.58
R-23,-5,Saturated Vapor (Dew Point),22.9993,333.58
R-23,0,Saturated Liquid (Bubble Point),26.0307,377.54
R-23,0,Saturated Vapor (Dew Point),26.0307,377.54
R-23,5,Saturated Liquid (Bubble Point),29.2678,424.49
R-23,5,Saturated Vapor (Dew Point),29.2678,424.49
R-23,10,Saturated Liquid (Bubble Point),32.7056,474.35
R-23,10,Saturated Vapor (Dew Point),32.7056,474.35
R-23,15,Saturated Liquid (Bubble Point),36.3396,527.06
R-23,15,Saturated Vapor (Dew Point),36.3396,527.06
R-23,20,Saturated Liquid (Bubble Point),40.1672,582.58
R-23,20,Saturated Vapor (Dew Point),40.1672,582.58
R-23,25,Saturated Liquid (Bubble Point),44.1883,640.9
R-23,25,Saturated Vapor (Dew Point),44.1883,640.9
R-23,30,Saturated Liquid (Bubble Point),48.4,701.98
R-23,30,Saturated Vapor (Dew Point),48.4,701.98
R-23,35,Saturated Liquid (Bubble Point),48.4,701.98
R-23,35,Saturated Vapor (Dew Point),48.4,701.98
R-23,40,Saturated Liquid (Bubble Point),48.4,701.98
R-23,40,Saturated Vapor (Dew Point),48.4,701.98
R-23,45,Saturated Liquid (Bubble Point),48.4,701.98
R-23,45,Saturated Vapor (Dew Point),48.4,701.98
R-23,50,Saturated Liquid (Bubble Point),48.4,701.98
R-23,50,Saturated Vapor (Dew Point),48.4,701.98
R-23,55,Saturated Liquid (Bubble Point),48.4,701.98
R-23,55,Saturated Vapor (Dew Point),48.4,701.98
R-23,60,Saturated Liquid (Bubble Point),48.4,701.98
R-23,60,Saturated Vapor (Dew Point),48.4,701.98
R-23,65,Saturated Liquid (Bubble Point),48.4,701.98
R-23,65,Saturated Vapor (Dew Point),48.4,701.98
R-23,70,Saturated Liquid (Bubble Point),48.4,701.98
R-23,70,Saturated Vapor (Dew Point),48.4,701.98
R-503,-50,Saturated Liquid (Bubble Point),6.9263,100.46
R-503,-50,Saturated Vapor (Dew Point),6.9263,100.46
R-503,-45,Saturated Liquid (Bubble Point),8.4167,122.07
R-503,-45,Saturated Vapor (Dew Point),8.4167,122.07
R-503,-40,Saturated Liquid (Bubble Point),10.1207,146.79
R-503,-40,Saturated Vapor (Dew Point),10.1207,146.79
R-503,-35,Saturated Liquid (Bubble Point),12.0483,174.75
R-503,-35,Saturated Vapor (Dew Point),12.0483,174.75
R-503,-30,Saturated Liquid (Bubble Point),14.207,206.06
R-503,-30,Saturated Vapor (Dew Point),14.207,206.06
R-503,-25,Saturated Liquid (Bubble Point),16.6011,240.78
R-503,-25,Saturated Vapor (Dew Point),16.6011,240.78
R-503,-20,Saturated Liquid (Bubble Point),19.2325,278.94
R-503,-20,Saturated Vapor (Dew Point),19.2325,278.94
R-503,-15,Saturated Liquid (Bubble Point),22.1001,320.54
R-503,-15,Saturated Vapor (Dew Point),22.1001,320.54
R-503,-10,Saturated Liquid (Bubble Point),25.2006,365.5
R-503,-10,Saturated Vapor (Dew Point),25.2006,365.5
R-503,-5,Saturated Liquid (Bubble Point),28.529,413.78
R-503,-5,Saturated Vapor (Dew Point),28.529,413.78
R-503,0,Saturated Liquid (Bubble Point),32.0792,465.27
R-503,0,Saturated Vapor (Dew Point),32.0792,465.27
R-503,5,Saturated Liquid (Bubble Point),35.8451,519.89
R-503,5,Saturated Vapor (Dew Point),35.8451,519.89
R-503,10,Saturated Liquid (Bubble Point),39.8217,577.57
R-503,10,Saturated Vapor (Dew Point),39.8217,577.57
R-503,15,Saturated Liquid (Bubble Point),44,638.17
R-503,15,Saturated Vapor (Dew Point),44,638.17
R-503,20,Saturated Liquid (Bubble Point),44,638.17
R-503,20,Saturated Vapor (Dew Point),44,638.17
R-503,25,Saturated Liquid (Bubble Point),44,638.17
R-503,25,Saturated Vapor (Dew Point),44,638.17
R-503,30,Saturated Liquid (Bubble Point),44,638.17
R-503,30,Saturated Vapor (Dew Point),44,638.17
R-503,35,Saturated Liquid (Bubble Point),44,638.17
R-503,35,Saturated Vapor (Dew Point),44,638.17
R-503,40,Saturated Liquid (Bubble Point),44,638.17
R-503,40,Saturated Vapor (Dew Point),44,638.17
R-503,45,Saturated Liquid (Bubble Point),44,638.17
R-503,45,Saturated Vapor (Dew Point),44,638.17
R-503,50,Saturated Liquid (Bubble Point),44,638.17
R-503,50,Saturated Vapor (Dew Point),44,638.17
R-503,55,Saturated Liquid (Bubble Point),44,638.17
R-503,55,Saturated Vapor (Dew Point),44,638.17
R-503,60,Saturated Liquid (Bubble Point),44,638.17
R-503,60,Saturated Vapor (Dew Point),44,638.17
R-503,65,Saturated Liquid (Bubble Point),44,638.17
R-503,65,Saturated Vapor (Dew Point),44,638.17
R-503,70,Saturated Liquid (Bubble Point),44,638.17
R-503,70,Saturated Vapor (Dew Point),44,638.17
R-718,-50,Saturated Liquid (Bubble Point),0.005,0.07
R-718,-50,Saturated Vapor (Dew Point),0.005,0.07
R-718,-45,Saturated Liquid (Bubble Point),0.005,0.07
R-718,-45,Saturated Vapor (Dew Point),0.005,0.07
R-718,-40,Saturated Liquid (Bubble Point),0.005,0.07
R-718,-40,Saturated Vapor (Dew Point),0.005,0.07
R-718,-35,Saturated Liquid (Bubble Point),0.005,0.07
R-718,-35,Saturated Vapor (Dew Point),0.005,0.07
R-718,-30,Saturated Liquid (Bubble Point),0.005,0.07
R-718,-30,Saturated Vapor (Dew Point),0.005,0.07
R-718,-25,Saturated Liquid (Bubble Point),0.005,0.07
R-718,-25,Saturated Vapor (Dew Point),0.005,0.07
R-718,-20,Saturated Liquid (Bubble Point),0.0067,0.1
R-718,-20,Saturated Vapor (Dew Point),0.0067,0.1
R-718,-15,Saturated Liquid (Bubble Point),0.009,0.13
R-718,-15,Saturated Vapor (Dew Point),0.009,0.13
R-718,-10,Saturated Liquid (Bubble Point),0.0121,0.17
R-718,-10,Saturated Vapor (Dew Point),0.0121,0.17
R-718,-5,Saturated Liquid (Bubble Point),0.016,0.23
R-718,-5,Saturated Vapor (Dew Point),0.016,0.23
R-718,0,Saturated Liquid (Bubble Point),0.0209,0.3
R-718,0,Saturated Vapor (Dew Point),0.0209,0.3
R-718,5,Saturated Liquid (Bubble Point),0.0271,0.39
R-718,5,Saturated Vapor (Dew Point),0.0271,0.39
R-718,10,Saturated Liquid (Bubble Point),0.0349,0.51
R-718,10,Saturated Vapor (Dew Point),0.0349,0.51
R-718,15,Saturated Liquid (Bubble Point),0.0444,0.64
R-718,15,Saturated Vapor (Dew Point),0.0444,0.64
R-718,20,Saturated Liquid (Bubble Point),0.0562,0.81
R-718,20,Saturated Vapor (Dew Point),0.0562,0.81
R-718,25,Saturated Liquid (Bubble Point),0.0704,1.02
R-718,25,Saturated Vapor (Dew Point),0.0704,1.02
R-718,30,Saturated Liquid (Bubble Point),0.0876,1.27
R-718,30,Saturated Vapor (Dew Point),0.0876,1.27
R-718,35,Saturated Liquid (Bubble Point),0.1083,1.57
R-718,35,Saturated Vapor (Dew Point),0.1083,1.57
R-718,40,Saturated Liquid (Bubble Point),0.1329,1.93
R-718,40,Saturated Vapor (Dew Point),0.1329,1.93
R-718,45,Saturated Liquid (Bubble Point),0.1621,2.35
R-718,45,Saturated Vapor (Dew Point),0.1621,2.35
R-718,50,Saturated Liquid (Bubble Point),0.1965,2.85
R-718,50,Saturated Vapor (Dew Point),0.1965,2.85
R-718,55,Saturated Liquid (Bubble Point),0.2368,3.43
R-718,55,Saturated Vapor (Dew Point),0.2368,3.43
R-718,60,Saturated Liquid (Bubble Point),0.2838,4.12
R-718,60,Saturated Vapor (Dew Point),0.2838,4.12
R-718,65,Saturated Liquid (Bubble Point),0.3382,4.91
R-718,65,Saturated Vapor (Dew Point),0.3382,4.91
R-718,70,Saturated Liquid (Bubble Point),0.4011,5.82
R-718,70,Saturated Vapor (Dew Point),0.4011,5.82
R-729,-50,Saturated Liquid (Bubble Point),37.7,546.79
R-729,-50,Saturated Vapor (Dew Point),37.7,546.79
R-729,-45,Saturated Liquid (Bubble Point),37.7,546.79
R-729,-45,Saturated Vapor (Dew Point),37.7,546.79
R-729,-40,Saturated Liquid (Bubble Point),37.7,546.79
R-729,-40,Saturated Vapor (Dew Point),37.7,546.79
R-729,-35,Saturated Liquid (Bubble Point),37.7,546.79
R-729,-35,Saturated Vapor (Dew Point),37.7,546.79
R-729,-30,Saturated Liquid (Bubble Point),37.7,546.79
R-729,-30,Saturated Vapor (Dew Point),37.7,546.79
R-729,-25,Saturated Liquid (Bubble Point),37.7,546.79
R-729,-25,Saturated Vapor (Dew Point),37.7,546.79
R-729,-20,Saturated Liquid (Bubble Point),37.7,546.79
R-729,-20,Saturated Vapor (Dew Point),37.7,546.79
R-729,-15,Saturated Liquid (Bubble Point),37.7,546.79
R-729,-15,Saturated Vapor (Dew Point),37.7,546.79
R-729,-10,Saturated Liquid (Bubble Point),37.7,546.79
R-729,-10,Saturated Vapor (Dew Point),37.7,546.79
R-729,-5,Saturated Liquid (Bubble Point),37.7,546.79
R-729,-5,Saturated Vapor (Dew Point),37.7,546.79
R-729,0,Saturated Liquid (Bubble Point),37.7,546.79
R-729,0,Saturated Vapor (Dew Point),37.7,546.79
R-729,5,Saturated Liquid (Bubble Point),37.7,546.79
R-729,5,Saturated Vapor (Dew Point),37.7,546.79
R-729,10,Saturated Liquid (Bubble Point),37.7,546.79
R-729,10,Saturated Vapor (Dew Point),37.7,546.79
R-729,15,Saturated Liquid (Bubble Point),37.7,546.79
R-729,15,Saturated Vapor (Dew Point),37.7,546.79
R-729,20,Saturated Liquid (Bubble Point),37.7,546.79
R-729,20,Saturated Vapor (Dew Point),37.7,546.79
R-729,25,Saturated Liquid (Bubble Point),37.7,546.79
R-729,25,Saturated Vapor (Dew Point),37.7,546.79
R-729,30,Saturated Liquid (Bubble Point),37.7,546.79
R-729,30,Saturated Vapor (Dew Point),37.7,546.79
R-729,35,Saturated Liquid (Bubble Point),37.7,546.79
R-729,35,Saturated Vapor (Dew Point),37.7,546.79
R-729,40,Saturated Liquid (Bubble Point),37.7,546.79
R-729,40,Saturated Vapor (Dew Point),37.7,546.79
R-729,45,Saturated Liquid (Bubble Point),37.7,546.79
R-729,45,Saturated Vapor (Dew Point),37.7,546.79
R-729,50,Saturated Liquid (Bubble Point),37.7,546.79
R-729,50,Saturated Vapor (Dew Point),37.7,546.79
R-729,55,Saturated Liquid (Bubble Point),37.7,546.79
R-729,55,Saturated Vapor (Dew Point),37.7,546.79
R-729,60,Saturated Liquid (Bubble Point),37.7,546.79
R-729,60,Saturated Vapor (Dew Point),37.7,546.79
R-729,65,Saturated Liquid (Bubble Point),37.7,546.79
R-729,65,Saturated Vapor (Dew Point),37.7,546.79
R-729,70,Saturated Liquid (Bubble Point),37.7,546.79
R-729,70,Saturated Vapor (Dew Point),37.7,546.79
R-1150,-50,Saturated Liquid (Bubble Point),14.9302,216.55
R-1150,-50,Saturated Vapor (Dew Point),14.9302,216.55
R-1150,-45,Saturated Liquid (Bubble Point),17.8126,258.35
R-1150,-45,Saturated Vapor (Dew Point),17.8126,258.35
R-1150,-40,Saturated Liquid (Bubble Point),21.0382,305.13
R-1150,-40,Saturated Vapor (Dew Point),21.0382,305.13
R-1150,-35,Saturated Liquid (Bubble Point),24.611,356.95
R-1150,-35,Saturated Vapor (Dew Point),24.611,356.95
R-1150,-30,Saturated Liquid (Bubble Point),28.5303,413.8
R-1150,-30,Saturated Vapor (Dew Point),28.5303,413.8
R-1150,-25,Saturated Liquid (Bubble Point),32.7908,475.59
R-1150,-25,Saturated Vapor (Dew Point),32.7908,475.59
R-1150,-20,Saturated Liquid (Bubble Point),37.3835,542.2
R-1150,-20,Saturated Vapor (Dew Point),37.3835,542.2
R-1150,-15,Saturated Liquid (Bubble Point),42.2967,613.46
R-1150,-15,Saturated Vapor (Dew Point),42.2967,613.46
R-1150,-10,Saturated Liquid (Bubble Point),47.5173,689.18
R-1150,-10,Saturated Vapor (Dew Point),47.5173,689.18
R-1150,-5,Saturated Liquid (Bubble Point),50.4,730.99
R-1150,-5,Saturated Vapor (Dew Point),50.4,730.99
R-1150,0,Saturated Liquid (Bubble Point),50.4,730.99
R-1150,0,Saturated Vapor (Dew Point),50.4,730.99
R-1150,5,Saturated Liquid (Bubble Point),50.4,730.99
R-1150,5,Saturated Vapor (Dew Point),50.4,730.99
R-1150,10,Saturated Liquid (Bubble Point),50.4,730.99
R-1150,10,Saturated Vapor (Dew Point),50.4,730.99
R-1150,15,Saturated Liquid (Bubble Point),50.4,730.99
R-1150,15,Saturated Vapor (Dew Point),50.4,730.99
R-1150,20,Saturated Liquid (Bubble Point),50.4,730.99
R-1150,20,Saturated Vapor (Dew Point),50.4,730.99
R-1150,25,Saturated Liquid (Bubble Point),50.4,730.99
R-1150,25,Saturated Vapor (Dew Point),50.4,730.99
R-1150,30,Saturated Liquid (Bubble Point),50.4,730.99
R-1150,30,Saturated Vapor (Dew Point),50.4,730.99
R-1150,35,Saturated Liquid (Bubble Point),50.4,730.99
R-1150,35,Saturated Vapor (Dew Point),50.4,730.99
R-1150,40,Saturated Liquid (Bubble Point),50.4,730.99
R-1150,40,Saturated Vapor (Dew Point),50.4,730.99
R-1150,45,Saturated Liquid (Bubble Point),50.4,730.99
R-1150,45,Saturated Vapor (Dew Point),50.4,730.99
R-1150,50,Saturated Liquid (Bubble Point),50.4,730.99
R-1150,50,Saturated Vapor (Dew Point),50.4,730.99
R-1150,55,Saturated Liquid (Bubble Point),50.4,730.99
R-1150,55,Saturated Vapor (Dew Point),50.4,730.99
R-1150,60,Saturated Liquid (Bubble Point),50.4,730.99
R-1150,60,Saturated Vapor (Dew Point),50.4,730.99
R-1150,65,Saturated Liquid (Bubble Point),50.4,730.99
R-1150,65,Saturated Vapor (Dew Point),50.4,730.99
R-1150,70,Saturated Liquid (Bubble Point),50.4,730.99
R-1150,70,Saturated Vapor (Dew Point),50.4,730.99
R-1270,-50,Saturated Liquid (Bubble Point),0.9152,13.27
R-1270,-50,Saturated Vapor (Dew Point),0.9152,13.27
R-1270,-45,Saturated Liquid (Bubble Point),1.1757,17.05
R-1270,-45,Saturated Vapor (Dew Point),1.1757,17.05
R-1270,-40,Saturated Liquid (Bubble Point),1.4943,21.67
R-1270,-40,Saturated Vapor (Dew Point),1.4943,21.67
R-1270,-35,Saturated Liquid (Bubble Point),1.8801,27.27
R-1270,-35,Saturated Vapor (Dew Point),1.8801,27.27
R-1270,-30,Saturated Liquid (Bubble Point),2.3427,33.98
R-1270,-30,Saturated Vapor (Dew Point),2.3427,33.98
R-1270,-25,Saturated Liquid (Bubble Point),2.8922,41.95
R-1270,-25,Saturated Vapor (Dew Point),2.8922,41.95
R-1270,-20,Saturated Liquid (Bubble Point),3.539,51.33
R-1270,-20,Saturated Vapor (Dew Point),3.539,51.33
R-1270,-15,Saturated Liquid (Bubble Point),4.2936,62.27
R-1270,-15,Saturated Vapor (Dew Point),4.2936,62.27
R-1270,-10,Saturated Liquid (Bubble Point),5.1665,74.93
R-1270,-10,Saturated Vapor (Dew Point),5.1665,74.93
R-1270,-5,Saturated Liquid (Bubble Point),6.1681,89.46
R-1270,-5,Saturated Vapor (Dew Point),6.1681,89.46
R-1270,0,Saturated Liquid (Bubble Point),7.3083,106
R-1270,0,Saturated Vapor (Dew Point),7.3083,106
R-1270,5,Saturated Liquid (Bubble Point),8.5963,124.68
R-1270,5,Saturated Vapor (Dew Point),8.5963,124.68
R-1270,10,Saturated Liquid (Bubble Point),10.0407,145.63
R-1270,10,Saturated Vapor (Dew Point),10.0407,145.63
R-1270,15,Saturated Liquid (Bubble Point),11.6488,168.95
R-1270,15,Saturated Vapor (Dew Point),11.6488,168.95
R-1270,20,Saturated Liquid (Bubble Point),13.4268,194.74
R-1270,20,Saturated Vapor (Dew Point),13.4268,194.74
R-1270,25,Saturated Liquid (Bubble Point),15.3799,223.07
R-1270,25,Saturated Vapor (Dew Point),15.3799,223.07
R-1270,30,Saturated Liquid (Bubble Point),17.5115,253.98
R-1270,30,Saturated Vapor (Dew Point),17.5115,253.98
R-1270,35,Saturated Liquid (Bubble Point),19.8238,287.52
R-1270,35,Saturated Vapor (Dew Point),19.8238,287.52
R-1270,40,Saturated Liquid (Bubble Point),22.3174,323.69
R-1270,40,Saturated Vapor (Dew Point),22.3174,323.69
R-1270,45,Saturated Liquid (Bubble Point),24.9918,362.48
R-1270,45,Saturated Vapor (Dew Point),24.9918,362.48
R-1270,50,Saturated Liquid (Bubble Point),27.8449,403.86
R-1270,50,Saturated Vapor (Dew Point),27.8449,403.86
R-1270,55,Saturated Liquid (Bubble Point),30.8739,447.79
R-1270,55,Saturated Vapor (Dew Point),30.8739,447.79
R-1270,60,Saturated Liquid (Bubble Point),34.075,494.22
R-1270,60,Saturated Vapor (Dew Point),34.075,494.22
R-1270,65,Saturated Liquid (Bubble Point),37.4439,543.08
R-1270,65,Saturated Vapor (Dew Point),37.4439,543.08
R-1270,70,Saturated Liquid (Bubble Point),40.9762,594.31
R-1270,70,Saturated Vapor (Dew Point),40.9762,594.31
R-170,-50,Saturated Liquid (Bubble Point),7.1529,103.74
R-170,-50,Saturated Vapor (Dew Point),7.1529,103.74
R-170,-45,Saturated Liquid (Bubble Point),8.7363,126.71
R-170,-45,Saturated Vapor (Dew Point),8.7363,126.71
R-170,-40,Saturated Liquid (Bubble Point),10.561,153.17
R-170,-40,Saturated Vapor (Dew Point),10.561,153.17
R-170,-35,Saturated Liquid (Bubble Point),12.6421,183.36
R-170,-35,Saturated Vapor (Dew Point),12.6421,183.36
R-170,-30,Saturated Liquid (Bubble Point),14.9919,217.44
R-170,-30,Saturated Vapor (Dew Point),14.9919,217.44
R-170,-25,Saturated Liquid (Bubble Point),17.6198,255.55
R-170,-25,Saturated Vapor (Dew Point),17.6198,255.55
R-170,-20,Saturated Liquid (Bubble Point),20.532,297.79
R-170,-20,Saturated Vapor (Dew Point),20.532,297.79
R-170,-15,Saturated Liquid (Bubble Point),23.7314,344.19
R-170,-15,Saturated Vapor (Dew Point),23.7314,344.19
R-170,-10,Saturated Liquid (Bubble Point),27.2172,394.75
R-170,-10,Saturated Vapor (Dew Point),27.2172,394.75
R-170,-5,Saturated Liquid (Bubble Point),30.9859,449.41
R-170,-5,Saturated Vapor (Dew Point),30.9859,449.41
R-170,0,Saturated Liquid (Bubble Point),35.0312,508.09
R-170,0,Saturated Vapor (Dew Point),35.0312,508.09
R-170,5,Saturated Liquid (Bubble Point),39.3448,570.65
R-170,5,Saturated Vapor (Dew Point),39.3448,570.65
R-170,10,Saturated Liquid (Bubble Point),43.9172,636.97
R-170,10,Saturated Vapor (Dew Point),43.9172,636.97
R-170,15,Saturated Liquid (Bubble Point),48.7,706.34
R-170,15,Saturated Vapor (Dew Point),48.7,706.34
R-170,20,Saturated Liquid (Bubble Point),48.7,706.34
R-170,20,Saturated Vapor (Dew Point),48.7,706.34
R-170,25,Saturated Liquid (Bubble Point),48.7,706.34
R-170,25,Saturated Vapor (Dew Point),48.7,706.34
R-170,30,Saturated Liquid (Bubble Point),48.7,706.34
R-170,30,Saturated Vapor (Dew Point),48.7,706.34
R-170,35,Saturated Liquid (Bubble Point),48.7,706.34
R-170,35,Saturated Vapor (Dew Point),48.7,706.34
R-170,40,Saturated Liquid (Bubble Point),48.7,706.34
R-170,40,Saturated Vapor (Dew Point),48.7,706.34
R-170,45,Saturated Liquid (Bubble Point),48.7,706.34
R-170,45,Saturated Vapor (Dew Point),48.7,706.34
R-170,50,Saturated Liquid (Bubble Point),48.7,706.34
R-170,50,Saturated Vapor (Dew Point),48.7,706.34
R-170,55,Saturated Liquid (Bubble Point),48.7,706.34
R-170,55,Saturated Vapor (Dew Point),48.7,706.34
R-170,60,Saturated Liquid (Bubble Point),48.7,706.34
R-170,60,Saturated Vapor (Dew Point),48.7,706.34
R-170,65,Saturated Liquid (Bubble Point),48.7,706.34
R-170,65,Saturated Vapor (Dew Point),48.7,706.34
R-170,70,Saturated Liquid (Bubble Point),48.7,706.34
R-170,70,Saturated Vapor (Dew Point),48.7,706.34
R-11,-50,Saturated Liquid (Bubble Point),0.0277,0.4
R-11,-50,Saturated Vapor (Dew Point),0.0277,0.4
R-11,-45,Saturated Liquid (Bubble Point),0.038,0.55
R-11,-45,Saturated Vapor (Dew Point),0.038,0.55
R-11,-40,Saturated Liquid (Bubble Point),0.0516,0.75
R-11,-40,Saturated Vapor (Dew Point),0.0516,0.75
R-11,-35,Saturated Liquid (Bubble Point),0.069,1
R-11,-35,Saturated Vapor (Dew Point),0.069,1
R-11,-30,Saturated Liquid (Bubble Point),0.0913,1.32
R-11,-30,Saturated Vapor (Dew Point),0.0913,1.32
R-11,-25,Saturated Liquid (Bubble Point),0.1193,1.73
R-11,-25,Saturated Vapor (Dew Point),0.1193,1.73
R-11,-20,Saturated Liquid (Bubble Point),0.1544,2.24
R-11,-20,Saturated Vapor (Dew Point),0.1544,2.24
R-11,-15,Saturated Liquid (Bubble Point),0.1977,2.87
R-11,-15,Saturated Vapor (Dew Point),0.1977,2.87
R-11,-10,Saturated Liquid (Bubble Point),0.2509,3.64
R-11,-10,Saturated Vapor (Dew Point),0.2509,3.64
R-11,-5,Saturated Liquid (Bubble Point),0.3155,4.58
R-11,-5,Saturated Vapor (Dew Point),0.3155,4.58
R-11,0,Saturated Liquid (Bubble Point),0.3935,5.71
R-11,0,Saturated Vapor (Dew Point),0.3935,5.71
R-11,5,Saturated Liquid (Bubble Point),0.4869,7.06
R-11,5,Saturated Vapor (Dew Point),0.4869,7.06
R-11,10,Saturated Liquid (Bubble Point),0.5987,8.68
R-11,10,Saturated Vapor (Dew Point),0.5987,8.68
R-11,15,Saturated Liquid (Bubble Point),0.739,10.72
R-11,15,Saturated Vapor (Dew Point),0.739,10.72
R-11,20,Saturated Liquid (Bubble Point),0.906,13.14
R-11,20,Saturated Vapor (Dew Point),0.906,13.14
R-11,25,Saturated Liquid (Bubble Point),1.1032,16
R-11,25,Saturated Vapor (Dew Point),1.1032,16
R-11,30,Saturated Liquid (Bubble Point),1.3346,19.36
R-11,30,Saturated Vapor (Dew Point),1.3346,19.36
R-11,35,Saturated Liquid (Bubble Point),1.6045,23.27
R-11,35,Saturated Vapor (Dew Point),1.6045,23.27
R-11,40,Saturated Liquid (Bubble Point),1.9173,27.81
R-11,40,Saturated Vapor (Dew Point),1.9173,27.81
R-11,45,Saturated Liquid (Bubble Point),2.2778,33.04
R-11,45,Saturated Vapor (Dew Point),2.2778,33.04
R-11,50,Saturated Liquid (Bubble Point),2.6907,39.03
R-11,50,Saturated Vapor (Dew Point),2.6907,39.03
R-11,55,Saturated Liquid (Bubble Point),3.1612,45.85
R-11,55,Saturated Vapor (Dew Point),3.1612,45.85
R-11,60,Saturated Liquid (Bubble Point),3.6944,53.58
R-11,60,Saturated Vapor (Dew Point),3.6944,53.58
R-11,65,Saturated Liquid (Bubble Point),4.2954,62.3
R-11,65,Saturated Vapor (Dew Point),4.2954,62.3
R-11,70,Saturated Liquid (Bubble Point),4.9694,72.07
R-11,70,Saturated Vapor (Dew Point),4.9694,72.07
R-113,-50,Saturated Liquid (Bubble Point),0.0086,0.12
R-113,-50,Saturated Vapor (Dew Point),0.0086,0.12
R-113,-45,Saturated Liquid (Bubble Point),0.0121,0.18
R-113,-45,Saturated Vapor (Dew Point),0.0121,0.18
R-113,-40,Saturated Liquid (Bubble Point),0.0169,0.24
R-113,-40,Saturated Vapor (Dew Point),0.0169,0.24
R-113,-35,Saturated Liquid (Bubble Point),0.0231,0.34
R-113,-35,Saturated Vapor (Dew Point),0.0231,0.34
R-113,-30,Saturated Liquid (Bubble Point),0.0313,0.45
R-113,-30,Saturated Vapor (Dew Point),0.0313,0.45
R-113,-25,Saturated Liquid (Bubble Point),0.0418,0.61
R-113,-25,Saturated Vapor (Dew Point),0.0418,0.61
R-113,-20,Saturated Liquid (Bubble Point),0.0552,0.8
R-113,-20,Saturated Vapor (Dew Point),0.0552,0.8
R-113,-15,Saturated Liquid (Bubble Point),0.0721,1.05
R-113,-15,Saturated Vapor (Dew Point),0.0721,1.05
R-113,-10,Saturated Liquid (Bubble Point),0.0932,1.35
R-113,-10,Saturated Vapor (Dew Point),0.0932,1.35
R-113,-5,Saturated Liquid (Bubble Point),0.1194,1.73
R-113,-5,Saturated Vapor (Dew Point),0.1194,1.73
R-113,0,Saturated Liquid (Bubble Point),0.1516,2.2
R-113,0,Saturated Vapor (Dew Point),0.1516,2.2
R-113,5,Saturated Liquid (Bubble Point),0.1909,2.77
R-113,5,Saturated Vapor (Dew Point),0.1909,2.77
R-113,10,Saturated Liquid (Bubble Point),0.2383,3.46
R-113,10,Saturated Vapor (Dew Point),0.2383,3.46
R-113,15,Saturated Liquid (Bubble Point),0.2952,4.28
R-113,15,Saturated Vapor (Dew Point),0.2952,4.28
R-113,20,Saturated Liquid (Bubble Point),0.3638,5.28
R-113,20,Saturated Vapor (Dew Point),0.3638,5.28
R-113,25,Saturated Liquid (Bubble Point),0.4497,6.52
R-113,25,Saturated Vapor (Dew Point),0.4497,6.52
R-113,30,Saturated Liquid (Bubble Point),0.5521,8.01
R-113,30,Saturated Vapor (Dew Point),0.5521,8.01
R-113,35,Saturated Liquid (Bubble Point),0.6734,9.77
R-113,35,Saturated Vapor (Dew Point),0.6734,9.77
R-113,40,Saturated Liquid (Bubble Point),0.8161,11.84
R-113,40,Saturated Vapor (Dew Point),0.8161,11.84
R-113,45,Saturated Liquid (Bubble Point),0.9831,14.26
R-113,45,Saturated Vapor (Dew Point),0.9831,14.26
R-113,50,Saturated Liquid (Bubble Point),1.1772,17.07
R-113,50,Saturated Vapor (Dew Point),1.1772,17.07
R-113,55,Saturated Liquid (Bubble Point),1.4016,20.33
R-113,55,Saturated Vapor (Dew Point),1.4016,20.33
R-113,60,Saturated Liquid (Bubble Point),1.6596,24.07
R-113,60,Saturated Vapor (Dew Point),1.6596,24.07
R-113,65,Saturated Liquid (Bubble Point),1.9546,28.35
R-113,65,Saturated Vapor (Dew Point),1.9546,28.35
R-113,70,Saturated Liquid (Bubble Point),2.2902,33.22
R-113,70,Saturated Vapor (Dew Point),2.2902,33.22
