Refrigerante,Evaporacion_C,Condensacion_C,Baja_bar,Alta_bar,Relacion,Succion_barg,Descarga_barg
R-134a,-50,20,0.3322039531,6.111486094,18.39678919,0,5.098236094
R-134a,-50,25,0.3322039531,7.095927333,21.3601532,0,6.082677333
R-134a,-50,30,0.3322039531,8.186986557,24.64445857,0,7.173736557
R-134a,-50,35,0.3322039531,9.388496061,28.26124125,0,8.375246061
R-134a,-50,40,0.3322039531,10.70353049,32.21975656,0,9.690280495
R-134a,-50,45,0.3322039531,12.1343728,36.5268766,0,11.1211228
R-134a,-50,50,0.3322039531,13.68250959,41.18707638,0,12.66925959
R-134a,-50,55,0.3322039531,15.34865918,46.20251817,0,14.33540918
R-134a,-50,60,0.3322039531,17.13283473,51.57324158,0,16.11958473
R-134a,-50,65,0.3322039531,19.034444,57.29746388,0,18.021194
R-134a,-50,70,0.3322039531,21.05242619,63.3719918,0,20.03917619
R-134a,-45,20,0.4333554371,6.111486094,14.10271009,0,5.098236094
R-134a,-45,25,0.4333554371,7.095927333,16.37438168,0,6.082677333
R-134a,-45,30,0.4333554371,8.186986557,18.89208224,0,7.173736557
R-134a,-45,35,0.4333554371,9.388496061,21.66465505,0,8.375246061
R-134a,-45,40,0.4333554371,10.70353049,24.69919511,0,9.690280495
R-134a,-45,45,0.4333554371,12.1343728,28.00097048,0,11.1211228
R-134a,-45,50,0.4333554371,13.68250959,31.57341161,0,12.66925959
R-134a,-45,55,0.4333554371,15.34865918,35.41817608,0,14.33540918
R-134a,-45,60,0.4333554371,17.13283473,39.53529426,0,16.11958473
R-134a,-45,65,0.4333554371,19.034444,43.92339953,0,18.021194
R-134a,-45,70,0.4333554371,21.05242619,48.58004397,0,20.03917619
R-134a,-40,20,0.5614386468,6.111486094,10.88540329,0,5.098236094
R-134a,-40,25,0.5614386468,7.095927333,12.6388295,0,6.082677333
R-134a,-40,30,0.5614386468,8.186986557,14.58215711,0,7.173736557
R-134a,-40,35,0.5614386468,9.388496061,16.72221197,0,8.375246061
R-134a,-40,40,0.5614386468,10.70353049,19.06447046,0,9.690280495
R-134a,-40,45,0.5614386468,12.1343728,21.6129988,0,11.1211228
R-134a,-40,50,0.5614386468,13.68250959,24.37044487,0,12.66925959
R-134a,-40,55,0.5614386468,15.34865918,27.33808808,0,14.33540918
R-134a,-40,60,0.5614386468,17.13283473,30.51595188,0,16.11958473
R-134a,-40,65,0.5614386468,19.034444,33.90298141,0,18.021194
R-134a,-40,70,0.5614386468,21.05242619,37.49728721,0,20.03917619
R-134a,-35,20,0.7196042904,6.111486094,8.492842769,0,5.098236094
R-134a,-35,25,0.7196042904,7.095927333,9.860874133,0,6.082677333
R-134a,-35,30,0.7196042904,8.186986557,11.37706746,0,7.173736557
R-134a,-35,35,0.7196042904,9.388496061,13.04674831,0,8.375246061
R-134a,-35,40,0.7196042904,10.70353049,14.87418938,0,9.690280495
R-134a,-35,45,0.7196042904,12.1343728,16.86256317,0,11.1211228
R-134a,-35,50,0.7196042904,13.68250959,19.01393554,0,12.66925959
R-134a,-35,55,0.7196042904,15.34865918,21.32930471,0,14.33540918
R-134a,-35,60,0.7196042904,17.13283473,23.80868897,0,16.11958473
R-134a,-35,65,0.7196042904,19.034444,26.45126531,0,18.021194
R-134a,-35,70,0.7196042904,21.05242619,29.25555958,0,20.03917619
R-134a,-30,20,0.9129181033,6.111486094,6.69445164,0,5.098236094
R-134a,-30,25,0.9129181033,7.095927333,7.772797261,0,6.082677333
R-134a,-30,30,0.9129181033,8.186986557,8.967930997,0,7.173736557
R-134a,-30,35,0.9129181033,9.388496061,10.2840507,0,8.375246061
R-134a,-30,40,0.9129181033,10.70353049,11.72452431,0,9.690280495
R-134a,-30,45,0.9129181033,12.1343728,13.29185253,0,11.1211228
R-134a,-30,50,0.9129181033,13.68250959,14.98766378,0,12.66925959
R-134a,-30,55,0.9129181033,15.34865918,16.81274489,0,14.33540918
R-134a,-30,60,0.9129181033,17.13283473,18.76711029,0,16.11958473
R-134a,-30,65,0.9129181033,19.034444,20.85011124,0,18.021194
R-134a,-30,70,0.9129181033,21.05242619,23.06058574,0,20.03917619
R-134a,-25,20,1.146866744,6.111486094,5.328854575,0.1336167437,5.098236094
R-134a,-25,25,1.146866744,7.095927333,6.187229137,0.1336167437,6.082677333
R-134a,-25,30,1.146866744,8.186986557,7.138568279,0.1336167437,7.173736557
R-134a,-25,35,1.146866744,9.388496061,8.186213536,0.1336167437,8.375246061
R-134a,-25,40,1.146866744,10.70353049,9.33284582,0.1336167437,9.690280495
R-134a,-25,45,1.146866744,12.1343728,10.58045572,0.1336167437,11.1211228
R-134a,-25,50,1.146866744,13.68250959,11.93033948,0.1336167437,12.66925959
R-134a,-25,55,1.146866744,15.34865918,13.38312342,0.1336167437,14.33540918
R-134a,-25,60,1.146866744,17.13283473,14.93881902,0.1336167437,16.11958473
R-134a,-25,65,1.146866744,19.034444,16.59690989,0.1336167437,18.021194
R-134a,-25,70,1.146866744,21.05242619,18.35647106,0.1336167437,20.03917619
R-134a,-20,20,1.427312271,6.111486094,4.281814302,0.4140622706,5.098236094
R-134a,-20,25,1.427312271,7.095927333,4.971531093,0.4140622706,6.082677333
R-134a,-20,30,1.427312271,8.186986557,5.735946314,0.4140622706,7.173736557
R-134a,-20,35,1.427312271,9.388496061,6.577744937,0.4140622706,8.375246061
R-134a,-20,40,1.427312271,10.70353049,7.499081116,0.4140622706,9.690280495
R-134a,-20,45,1.427312271,12.1343728,8.50155432,0.4140622706,11.1211228
R-134a,-20,50,1.427312271,13.68250959,9.586206096,0.4140622706,12.66925959
R-134a,-20,55,1.427312271,15.34865918,10.75353971,0.4140622706,14.33540918
R-134a,-20,60,1.427312271,17.13283473,12.00356438,0.4140622706,16.11958473
R-134a,-20,65,1.427312271,19.034444,13.33586518,0.4140622706,18.021194
R-134a,-20,70,1.427312271,21.05242619,14.74969887,0.4140622706,20.03917619
R-134a,-15,20,1.760431267,6.111486094,3.471584611,0.7471812667,5.098236094
R-134a,-15,25,1.760431267,7.095927333,4.030789198,0.7471812667,6.082677333
R-134a,-15,30,1.760431267,8.186986557,4.650557344,0.7471812667,7.173736557
R-134a,-15,35,1.760431267,9.388496061,5.333065959,0.7471812667,8.375246061
R-134a,-15,40,1.760431267,10.70353049,6.080061572,0.7471812667,9.690280495
R-134a,-15,45,1.760431267,12.1343728,6.892840993,0.7471812667,11.1211228
R-134a,-15,50,1.760431267,13.68250959,7.77224868,0.7471812667,12.66925959
R-134a,-15,55,1.760431267,15.34865918,8.718692668,0.7471812667,14.33540918
R-134a,-15,60,1.760431267,17.13283473,9.732180433,0.7471812667,16.11958473
R-134a,-15,65,1.760431267,19.034444,10.81237556,0.7471812667,18.021194
R-134a,-15,70,1.760431267,21.05242619,11.95867546,0.7471812667,20.03917619
R-134a,-10,20,2.152639135,6.111486094,2.839066704,1.139389135,5.098236094
R-134a,-10,25,2.152639135,7.095927333,3.29638499,1.139389135,6.082677333
R-134a,-10,30,2.152639135,8.186986557,3.803232239,1.139389135,7.173736557
R-134a,-10,35,2.152639135,9.388496061,4.36138873,1.139389135,8.375246061
R-134a,-10,40,2.152639135,10.70353049,4.972282777,1.139389135,9.690280495
R-134a,-10,45,2.152639135,12.1343728,5.636974913,1.139389135,11.1211228
R-134a,-10,50,2.152639135,13.68250959,6.356155738,1.139389135,12.66925959
R-134a,-10,55,2.152639135,15.34865918,7.130158942,1.139389135,14.33540918
R-134a,-10,60,2.152639135,17.13283473,7.958990641,1.139389135,16.11958473
R-134a,-10,65,2.152639135,19.034444,8.842375712,1.139389135,18.021194
R-134a,-10,70,2.152639135,21.05242619,9.77982136,1.139389135,20.03917619
R-134a,-5,20,2.610500788,6.111486094,2.341116357,1.597250788,5.098236094
R-134a,-5,25,2.610500788,7.095927333,2.718224552,1.597250788,6.082677333
R-134a,-5,30,2.610500788,8.186986557,3.136174712,1.597250788,7.173736557
R-134a,-5,35,2.610500788,9.388496061,3.59643487,1.597250788,8.375246061
R-134a,-5,40,2.610500788,10.70353049,4.100182825,1.597250788,9.690280495
R-134a,-5,45,2.610500788,12.1343728,4.648293101,1.597250788,11.1211228
R-134a,-5,50,2.610500788,13.68250959,5.24133517,1.597250788,12.66925959
R-134a,-5,55,2.610500788,15.34865918,5.879584197,1.597250788,14.33540918
R-134a,-5,60,2.610500788,17.13283473,6.563045224,1.597250788,16.11958473
R-134a,-5,65,2.610500788,19.034444,7.291491385,1.597250788,18.021194
R-134a,-5,70,2.610500788,21.05242619,8.064516315,1.597250788,20.03917619
R-134a,0,20,3.140629648,6.111486094,1.945942941,2.127379648,5.098236094
R-134a,0,25,3.140629648,7.095927333,2.259396404,2.127379648,6.082677333
R-134a,0,30,3.140629648,8.186986557,2.606797832,2.127379648,7.173736557
R-134a,0,35,3.140629648,9.388496061,2.989367456,2.127379648,8.375246061
R-134a,0,40,3.140629648,10.70353049,3.408084268,2.127379648,9.690280495
R-134a,0,45,3.140629648,12.1343728,3.863675174,2.127379648,11.1211228
R-134a,0,50,3.140629648,13.68250959,4.356613522,2.127379648,12.66925959
R-134a,0,55,3.140629648,15.34865918,4.887128028,2.127379648,14.33540918
R-134a,0,60,3.140629648,17.13283473,5.455222885,2.127379648,16.11958473
R-134a,0,65,3.140629648,19.034444,6.06070952,2.127379648,18.021194
R-134a,0,70,3.140629648,21.05242619,6.703250161,2.127379648,20.03917619
R-134a,5,20,3.749577563,6.111486094,1.629913234,2.736327563,5.098236094
R-134a,5,25,3.749577563,7.095927333,1.892460474,2.736327563,6.082677333
R-134a,5,30,3.749577563,8.186986557,2.183442379,2.736327563,7.173736557
R-134a,5,35,3.749577563,9.388496061,2.503881011,2.736327563,8.375246061
R-134a,5,40,3.749577563,10.70353049,2.854596368,2.736327563,9.690280495
R-134a,5,45,3.749577563,12.1343728,3.236197304,2.736327563,11.1211228
R-134a,5,50,3.749577563,13.68250959,3.649080292,2.736327563,12.66925959
R-134a,5,55,3.749577563,15.34865918,4.093436905,2.736327563,14.33540918
R-134a,5,60,3.749577563,17.13283473,4.569270655,2.736327563,16.11958473
R-134a,5,65,3.749577563,19.034444,5.076423592,2.736327563,18.021194
R-134a,5,70,3.749577563,21.05242619,5.614612803,2.736327563,20.03917619
R-134a,10,20,4.443718882,6.111486094,1.375308892,3.430468882,5.098236094
R-134a,10,25,4.443718882,7.095927333,1.596844337,3.430468882,6.082677333
R-134a,10,30,4.443718882,8.186986557,1.842372745,3.430468882,7.173736557
R-134a,10,35,4.443718882,9.388496061,2.112756524,3.430468882,8.375246061
R-134a,10,40,4.443718882,10.70353049,2.408687583,3.430468882,9.690280495
R-134a,10,45,4.443718882,12.1343728,2.730679668,3.430468882,11.1211228
R-134a,10,50,4.443718882,13.68250959,3.07906732,3.430468882,12.66925959
R-134a,10,55,4.443718882,15.34865918,3.454012187,3.430468882,14.33540918
R-134a,10,60,4.443718882,17.13283473,3.855517233,3.430468882,16.11958473
R-134a,10,65,4.443718882,19.034444,4.28344918,3.430468882,18.021194
R-134a,10,70,4.443718882,21.05242619,4.737569308,3.430468882,20.03917619
R-600a,-50,20,0.1671292134,3.533746735,21.14380044,0,2.520496735
R-600a,-50,25,0.1671292134,4.164285339,24.91656159,0,3.151035339
R-600a,-50,30,0.1671292134,4.876615647,29.17871477,0,3.863365647
R-600a,-50,35,0.1671292134,5.676275217,33.96339337,0,4.663025217
R-600a,-50,40,0.1671292134,6.568486093,39.30184293,0,5.555236093
R-600a,-50,45,0.1671292134,7.558067281,45.22289747,0,6.544817281
R-600a,-50,50,0.1671292134,8.649353435,51.75249294,0,7.636103435
R-600a,-50,55,0.1671292134,9.846122808,58.91323611,0,8.832872808
R-600a,-50,60,0.1671292134,11.15153751,66.72404714,0,10.13828751
R-600a,-50,65,0.1671292134,12.56809901,75.1998933,0,11.55484901
R-600a,-50,70,0.1671292134,14.09762158,84.35163004,0,13.08437158
R-600a,-45,20,0.2188472257,3.533746735,16.14709405,0,2.520496735
R-600a,-45,25,0.2188472257,4.164285339,19.02827567,0,3.151035339
R-600a,-45,30,0.2188472257,4.876615647,22.2831961,0,3.863365647
R-600a,-45,35,0.2188472257,5.676275217,25.93715867,0,4.663025217
R-600a,-45,40,0.2188472257,6.568486093,30.01402495,0,5.555236093
R-600a,-45,45,0.2188472257,7.558067281,34.53581492,0,6.544817281
R-600a,-45,50,0.2188472257,8.649353435,39.52233531,0,7.636103435
R-600a,-45,55,0.2188472257,9.846122808,44.99085047,0,8.832872808
R-600a,-45,60,0.2188472257,11.15153751,50.95580936,0,10.13828751
R-600a,-45,65,0.2188472257,12.56809901,57.42864216,0,11.55484901
R-600a,-45,70,0.2188472257,14.09762158,64.41763897,0,13.08437158
R-600a,-40,20,0.2832746358,3.533746735,12.47463164,0,2.520496735
R-600a,-40,25,0.2832746358,4.164285339,14.70052314,0,3.151035339
R-600a,-40,30,0.2832746358,4.876615647,17.21515106,0,3.863365647
R-600a,-40,35,0.2832746358,5.676275217,20.03806377,0,4.663025217
R-600a,-40,40,0.2832746358,6.568486093,23.18769584,0,5.555236093
R-600a,-40,45,0.2832746358,7.558067281,26.68105904,0,6.544817281
R-600a,-40,50,0.2832746358,8.649353435,30.53345532,0,7.636103435
R-600a,-40,55,0.2832746358,9.846122808,34.75822246,0,8.832872808
R-600a,-40,60,0.2832746358,11.15153751,39.36652317,0,10.13828751
R-600a,-40,65,0.2832746358,12.56809901,44.36718797,0,11.55484901
R-600a,-40,70,0.2832746358,14.09762158,49.76662148,0,13.08437158
R-600a,-35,20,0.3627175902,3.533746735,9.742418979,0,2.520496735
R-600a,-35,25,0.3627175902,4.164285339,11.48079236,0,3.151035339
R-600a,-35,30,0.3627175902,4.876615647,13.44466268,0,3.863365647
R-600a,-35,35,0.3627175902,5.676275217,15.64929678,0,4.663025217
R-600a,-35,40,0.3627175902,6.568486093,18.10909168,0,5.555236093
R-600a,-35,45,0.3627175902,7.558067281,20.83733319,0,6.544817281
R-600a,-35,50,0.3627175902,8.649353435,23.84597182,0,7.636103435
R-600a,-35,55,0.3627175902,9.846122808,27.14542408,0,8.832872808
R-600a,-35,60,0.3627175902,11.15153751,30.74440781,0,10.13828751
R-600a,-35,65,0.3627175902,12.56809901,34.64981945,0,11.55484901
R-600a,-35,70,0.3627175902,14.09762158,38.86666088,0,13.08437158
R-600a,-30,20,0.4597419415,3.533746735,7.686370149,0,2.520496735
R-600a,-30,25,0.4597419415,4.164285339,9.057875656,0,3.151035339
R-600a,-30,30,0.4597419415,4.876615647,10.60728902,0,3.863365647
R-600a,-30,35,0.4597419415,5.676275217,12.34665517,0,4.663025217
R-600a,-30,40,0.4597419415,6.568486093,14.28733274,0,5.555236093
R-600a,-30,45,0.4597419415,7.558067281,16.43980372,0,6.544817281
R-600a,-30,50,0.4597419415,8.649353435,18.81349656,0,7.636103435
R-600a,-30,55,0.4597419415,9.846122808,21.41662946,0,8.832872808
R-600a,-30,60,0.4597419415,11.15153751,24.25608044,0,10.13828751
R-600a,-30,65,0.4597419415,12.56809901,27.33729051,0,11.55484901
R-600a,-30,70,0.4597419415,14.09762158,30.66420595,0,13.08437158
R-600a,-25,20,0.582910816,3.533746735,6.062242521,0,2.520496735
R-600a,-25,25,0.582910816,4.164285339,7.14394934,0,3.151035339
R-600a,-25,30,0.582910816,4.876615647,8.36597214,0,3.863365647
R-600a,-25,35,0.582910816,5.676275217,9.737810762,0,4.663025217
R-600a,-25,40,0.582910816,6.568486093,11.26842377,0,5.555236093
R-600a,-25,45,0.582910816,7.558067281,12.9660783,0,6.544817281
R-600a,-25,50,0.582910816,8.649353435,14.83821058,0,7.636103435
R-600a,-25,55,0.582910816,9.846122808,16.8913023,0,8.832872808
R-600a,-25,60,0.582910816,11.15153751,19.13077817,0,10.13828751
R-600a,-25,65,0.582910816,12.56809901,21.56092951,0,11.55484901
R-600a,-25,70,0.582910816,14.09762158,24.18486875,0,13.08437158
R-600a,-20,20,0.7355645472,3.533746735,4.804128677,0,2.520496735
R-600a,-20,25,0.7355645472,4.164285339,5.661345908,0,3.151035339
R-600a,-20,30,0.7355645472,4.876615647,6.629758959,0,3.863365647
R-600a,-20,35,0.7355645472,5.676275217,7.716896143,0,4.663025217
R-600a,-20,40,0.7355645472,6.568486093,8.929856827,0,5.555236093
R-600a,-20,45,0.7355645472,7.558067281,10.27519245,0,6.544817281
R-600a,-20,50,0.7355645472,8.649353435,11.75879597,0,7.636103435
R-600a,-20,55,0.7355645472,9.846122808,13.38580393,0,8.832872808
R-600a,-20,60,0.7355645472,11.15153751,15.16051522,0,10.13828751
R-600a,-20,65,0.7355645472,12.56809901,17.08633057,0,11.55484901
R-600a,-20,70,0.7355645472,14.09762158,19.16571649,0,13.08437158
R-600a,-15,20,0.9199925944,3.533746735,3.841059979,0,2.520496735
R-600a,-15,25,0.9199925944,4.164285339,4.526433544,0,3.151035339
R-600a,-15,30,0.9199925944,4.876615647,5.30071185,0,3.863365647
R-600a,-15,35,0.9199925944,5.676275217,6.169914032,0,4.663025217
R-600a,-15,40,0.9199925944,6.568486093,7.139716269,0,5.555236093
R-600a,-15,45,0.9199925944,7.558067281,8.215356654,0,6.544817281
R-600a,-15,50,0.9199925944,8.649353435,9.401546804,0,7.636103435
R-600a,-15,55,0.9199925944,9.846122808,10.70239355,0,8.832872808
R-600a,-15,60,0.9199925944,11.15153751,12.121334,0,10.13828751
R-600a,-15,65,0.9199925944,12.56809901,13.66108715,0,11.55484901
R-600a,-15,70,0.9199925944,14.09762158,15.32362506,0,13.08437158
R-600a,-10,20,1.140917956,3.533746735,3.097283827,0.1276679564,2.520496735
R-600a,-10,25,1.140917956,4.164285339,3.649942852,0.1276679564,3.151035339
R-600a,-10,30,1.140917956,4.876615647,4.274291258,0.1276679564,3.863365647
R-600a,-10,35,1.140917956,5.676275217,4.975182646,0.1276679564,4.663025217
R-600a,-10,40,1.140917956,6.568486093,5.75719407,0.1276679564,5.555236093
R-600a,-10,45,1.140917956,7.558067281,6.624549328,0.1276679564,6.544817281
R-600a,-10,50,1.140917956,8.649353435,7.581047687,0.1276679564,7.636103435
R-600a,-10,55,1.140917956,9.846122808,8.63000074,0.1276679564,8.832872808
R-600a,-10,60,1.140917956,11.15153751,9.774180036,0.1276679564,10.13828751
R-600a,-10,65,1.140917956,12.56809901,11.01577808,0.1276679564,11.55484901
R-600a,-10,70,1.140917956,14.09762158,12.35638505,0.1276679564,13.08437158
R-600a,-5,20,1.403397847,3.533746735,2.517993555,0.3901478474,2.520496735
R-600a,-5,25,1.403397847,4.164285339,2.96728782,0.3901478474,3.151035339
R-600a,-5,30,1.403397847,4.876615647,3.47486328,0.3901478474,3.863365647
R-600a,-5,35,1.403397847,5.676275217,4.044665757,0.3901478474,4.663025217
R-600a,-5,40,1.403397847,6.568486093,4.680416252,0.3901478474,5.555236093
R-600a,-5,45,1.403397847,7.558067281,5.385548578,0.3901478474,6.544817281
R-600a,-5,50,1.403397847,8.649353435,6.163151419,0.3901478474,7.636103435
R-600a,-5,55,1.403397847,9.846122808,7.015916995,0.3901478474,8.832872808
R-600a,-5,60,1.403397847,11.15153751,7.946098487,0.3901478474,10.13828751
R-600a,-5,65,1.403397847,12.56809901,8.955478331,0.3901478474,11.55484901
R-600a,-5,70,1.403397847,14.09762158,10.04534929,0.3901478474,13.08437158
R-600a,0,20,1.712784945,3.533746735,2.063158451,0.6995349454,2.520496735
R-600a,0,25,1.712784945,4.164285339,2.431294922,0.6995349454,3.151035339
R-600a,0,30,1.712784945,4.876615647,2.847185025,0.6995349454,3.863365647
R-600a,0,35,1.712784945,5.676275217,3.314061834,0.6995349454,4.663025217
R-600a,0,40,1.712784945,6.568486093,3.83497421,0.6995349454,5.555236093
R-600a,0,45,1.712784945,7.558067281,4.412735704,0.6995349454,6.544817281
R-600a,0,50,1.712784945,8.649353435,5.049877078,0.6995349454,7.636103435
R-600a,0,55,1.712784945,9.846122808,5.748604245,0.6995349454,8.832872808
R-600a,0,60,1.712784945,11.15153751,6.510763387,0.6995349454,10.13828751
R-600a,0,65,1.712784945,12.56809901,7.33781497,0.6995349454,11.55484901
R-600a,0,70,1.712784945,14.09762158,8.230818243,0.6995349454,13.08437158
R-600a,5,20,2.074677901,3.533746735,1.703274872,1.061427901,2.520496735
R-600a,5,25,2.074677901,4.164285339,2.007196075,1.061427901,3.151035339
R-600a,5,30,2.074677901,4.876615647,2.350541087,1.061427901,3.863365647
R-600a,5,35,2.074677901,5.676275217,2.735979024,1.061427901,4.663025217
R-600a,5,40,2.074677901,6.568486093,3.166026925,1.061427901,5.555236093
R-600a,5,45,2.074677901,7.558067281,3.643007562,1.061427901,6.544817281
R-600a,5,50,2.074677901,8.649353435,4.169010251,1.061427901,7.636103435
R-600a,5,55,2.074677901,9.846122808,4.745856118,1.061427901,8.832872808
R-600a,5,60,2.074677901,11.15153751,5.37506931,1.061427901,10.13828751
R-600a,5,65,2.074677901,12.56809901,6.057855539,1.061427901,11.55484901
R-600a,5,70,2.074677901,14.09762158,6.795089287,1.061427901,13.08437158
R-600a,10,20,2.494861524,3.533746735,1.416409969,1.481611524,2.520496735
R-600a,10,25,2.494861524,4.164285339,1.66914488,1.481611524,3.151035339
R-600a,10,30,2.494861524,4.876615647,1.954663856,1.481611524,3.863365647
R-600a,10,35,2.494861524,5.676275217,2.275186483,1.481611524,4.663025217
R-600a,10,40,2.494861524,6.568486093,2.632805881,1.481611524,5.555236093
R-600a,10,45,2.494861524,7.558067281,3.029453622,1.481611524,6.544817281
R-600a,10,50,2.494861524,8.649353435,3.466867139,1.481611524,7.636103435
R-600a,10,55,2.494861524,9.846122808,3.946560846,1.481611524,8.832872808
R-600a,10,60,2.494861524,11.15153751,4.469802193,1.481611524,10.13828751
R-600a,10,65,2.494861524,12.56809901,5.037593827,1.481611524,11.55484901
R-600a,10,70,2.494861524,14.09762158,5.650662948,1.481611524,13.08437158
R-290,-50,20,0.7014410022,10.7724687,15.35762619,0,9.759218703
R-290,-50,25,0.7014410022,12.3770714,17.64520659,0,11.3638214
R-290,-50,30,0.7014410022,14.1349576,20.15131359,0,13.1217076
R-290,-50,35,0.7014410022,16.04892899,22.87994134,0,15.03567899
R-290,-50,40,0.7014410022,18.12056563,25.83334247,0,17.10731563
R-290,-50,45,0.7014410022,20.35024353,29.012053,0,19.33699353
R-290,-50,50,0.7014410022,22.73720067,32.41498658,0,21.72395067
R-290,-50,55,0.7014410022,25.27965408,36.03960134,0,24.26640408
R-290,-50,60,0.7014410022,27.9749689,39.88214092,0,26.9617189
R-290,-50,65,0.7014410022,30.81987911,43.93794919,0,29.80662911
R-290,-50,70,0.7014410022,33.81075766,48.20185526,0,32.79750766
R-290,-45,20,0.9042248015,10.7724687,11.9134851,0,9.759218703
R-290,-45,25,0.9042248015,12.3770714,13.6880468,0,11.3638214
R-290,-45,30,0.9042248015,14.1349576,15.63212774,0,13.1217076
R-290,-45,35,0.9042248015,16.04892899,17.74882635,0,15.03567899
R-290,-45,40,0.9042248015,18.12056563,20.03989008,0,17.10731563
R-290,-45,45,0.9042248015,20.35024353,22.50573474,0,19.33699353
R-290,-45,50,0.9042248015,22.73720067,25.14551762,0,21.72395067
R-290,-45,55,0.9042248015,25.27965408,27.95726686,0,24.26640408
R-290,-45,60,0.9042248015,27.9749689,30.93806856,0,26.9617189
R-290,-45,65,0.9042248015,30.81987911,34.08431074,0,29.80662911
R-290,-45,70,0.9042248015,33.81075766,37.39198218,0,32.79750766
R-290,-40,20,1.153253555,10.7724687,9.340936913,0.1400035551,9.759218703
R-290,-40,25,1.153253555,12.3770714,10.73230717,0.1400035551,11.3638214
R-290,-40,30,1.153253555,14.1349576,12.25659139,0.1400035551,13.1217076
R-290,-40,35,1.153253555,16.04892899,13.91621896,0.1400035551,15.03567899
R-290,-40,40,1.153253555,18.12056563,15.71255996,0.1400035551,17.10731563
R-290,-40,45,1.153253555,20.35024353,17.64594043,0.1400035551,19.33699353
R-290,-40,50,1.153253555,22.73720067,19.71569962,0.1400035551,21.72395067
R-290,-40,55,1.153253555,25.27965408,21.92029148,0.1400035551,24.26640408
R-290,-40,60,1.153253555,27.9749689,24.25743131,0.1400035551,26.9617189
R-290,-40,65,1.153253555,30.81987911,26.7242871,0.1400035551,29.80662911
R-290,-40,70,1.153253555,33.81075766,29.3177138,0.1400035551,32.79750766
R-290,-35,20,1.45596318,10.7724687,7.398860667,0.4427131798,9.759218703
R-290,-35,25,1.45596318,12.3770714,8.500950827,0.4427131798,11.3638214
R-290,-35,30,1.45596318,14.1349576,9.708320784,0.4427131798,13.1217076
R-290,-35,35,1.45596318,16.04892899,11.02289482,0.4427131798,15.03567899
R-290,-35,40,1.45596318,18.12056563,12.44575816,0.4427131798,17.10731563
R-290,-35,45,1.45596318,20.35024353,13.97716907,0.4427131798,19.33699353
R-290,-35,50,1.45596318,22.73720067,15.61660418,0.4427131798,21.72395067
R-290,-35,55,1.45596318,25.27965408,17.36283886,0.4427131798,24.26640408
R-290,-35,60,1.45596318,27.9749689,19.21406344,0.4427131798,26.9617189
R-290,-35,65,1.45596318,30.81987911,21.1680347,0.4427131798,29.80662911
R-290,-35,70,1.45596318,33.81075766,23.22226148,0.4427131798,32.79750766
R-290,-30,20,1.8203284,10.7724687,5.91787103,0.8070784,9.759218703
R-290,-30,25,1.8203284,12.3770714,6.799361806,0.8070784,11.3638214
R-290,-30,30,1.8203284,14.1349576,7.765059095,0.8070784,13.1217076
R-290,-30,35,1.8203284,16.04892899,8.816502004,0.8070784,15.03567899
R-290,-30,40,1.8203284,18.12056563,9.954558545,0.8070784,17.10731563
R-290,-30,45,1.8203284,20.35024353,11.17943528,0.8070784,19.33699353
R-290,-30,50,1.8203284,22.73720067,12.49071358,0.8070784,21.72395067
R-290,-30,55,1.8203284,25.27965408,13.88741398,0.8070784,24.26640408
R-290,-30,60,1.8203284,27.9749689,15.36808902,0.8070784,26.9617189
R-290,-30,65,1.8203284,30.81987911,16.9309445,0.8070784,29.80662911
R-290,-30,70,1.8203284,33.81075766,18.57398789,0.8070784,32.79750766
R-290,-25,20,2.254780687,10.7724687,4.777612636,1.241530687,9.759218703
R-290,-25,25,2.254780687,12.3770714,5.489257322,1.241530687,11.3638214
R-290,-25,30,2.254780687,14.1349576,6.268883568,1.241530687,13.1217076
R-290,-25,35,2.254780687,16.04892899,7.117733923,1.241530687,15.03567899
R-290,-25,40,2.254780687,18.12056563,8.036509153,1.241530687,17.10731563
R-290,-25,45,2.254780687,20.35024353,9.025376014,1.241530687,19.33699353
R-290,-25,50,2.254780687,22.73720067,10.08399655,1.241530687,21.72395067
R-290,-25,55,2.254780687,25.27965408,11.21158001,1.241530687,24.26640408
R-290,-25,60,2.254780687,27.9749689,12.40695783,1.241530687,26.9617189
R-290,-25,65,2.254780687,30.81987911,13.66868152,1.241530687,29.80662911
R-290,-25,70,2.254780687,33.81075766,14.99514248,1.241530687,32.79750766
R-290,-20,20,2.768104284,10.7724687,3.891641209,1.754854284,9.759218703
R-290,-20,25,2.768104284,12.3770714,4.471316875,1.754854284,11.3638214
R-290,-20,30,2.768104284,14.1349576,5.106367444,1.754854284,13.1217076
R-290,-20,35,2.768104284,16.04892899,5.797805046,1.754854284,15.03567899
R-290,-20,40,2.768104284,18.12056563,6.546200493,1.754854284,17.10731563
R-290,-20,45,2.768104284,20.35024353,7.351689619,1.754854284,19.33699353
R-290,-20,50,2.768104284,22.73720067,8.21399714,1.754854284,21.72395067
R-290,-20,55,2.768104284,25.27965408,9.13247894,1.754854284,24.26640408
R-290,-20,60,2.768104284,27.9749689,10.10618316,1.754854284,26.9617189
R-290,-20,65,2.768104284,30.81987911,11.13392992,1.754854284,29.80662911
R-290,-20,70,2.768104284,33.81075766,12.21440892,1.754854284,32.79750766
R-290,-15,20,3.369311732,10.7724687,3.197231233,2.356061732,9.759218703
R-290,-15,25,3.369311732,12.3770714,3.673471731,2.356061732,11.3638214
R-290,-15,30,3.369311732,14.1349576,4.19520624,2.356061732,13.1217076
R-290,-15,35,3.369311732,16.04892899,4.763266289,2.356061732,15.03567899
R-290,-15,40,3.369311732,18.12056563,5.378120837,2.356061732,17.10731563
R-290,-15,45,3.369311732,20.35024353,6.039881481,2.356061732,19.33699353
R-290,-15,50,3.369311732,22.73720067,6.748322057,2.356061732,21.72395067
R-290,-15,55,3.369311732,25.27965408,7.502913382,2.356061732,24.26640408
R-290,-15,60,3.369311732,27.9749689,8.302873444,2.356061732,26.9617189
R-290,-15,65,3.369311732,30.81987911,9.147232897,2.356061732,29.80662911
R-290,-15,70,3.369311732,33.81075766,10.03491525,2.356061732,32.79750766
R-290,-10,20,4.067501326,10.7724687,2.648424141,3.054251326,9.759218703
R-290,-10,25,4.067501326,12.3770714,3.042917606,3.054251326,11.3638214
R-290,-10,30,4.067501326,14.1349576,3.475096003,3.054251326,13.1217076
R-290,-10,35,4.067501326,16.04892899,3.945648127,3.054251326,15.03567899
R-290,-10,40,4.067501326,18.12056563,4.45496244,3.054251326,17.10731563
R-290,-10,45,4.067501326,20.35024353,5.003131382,3.054251326,19.33699353
R-290,-10,50,4.067501326,22.73720067,5.589967612,3.054251326,21.72395067
R-290,-10,55,4.067501326,25.27965408,6.215032782,3.054251326,24.26640408
R-290,-10,60,4.067501326,27.9749689,6.87767911,3.054251326,26.9617189
R-290,-10,65,4.067501326,30.81987911,7.577103643,3.054251326,29.80662911
R-290,-10,70,4.067501326,33.81075766,8.312414663,3.054251326,32.79750766
R-290,-5,20,4.871699945,10.7724687,2.21123403,3.858449945,9.759218703
R-290,-5,25,4.871699945,12.3770714,2.540606264,3.858449945,11.3638214
R-290,-5,30,4.871699945,14.1349576,2.901442568,3.858449945,13.1217076
R-290,-5,35,4.871699945,16.04892899,3.294318035,3.858449945,15.03567899
R-290,-5,40,4.871699945,18.12056563,3.719557,3.858449945,17.10731563
R-290,-5,45,4.871699945,20.35024353,4.177236645,3.858449945,19.33699353
R-290,-5,50,4.871699945,22.73720067,4.667200553,3.858449945,21.72395067
R-290,-5,55,4.871699945,25.27965408,5.189082736,3.858449945,24.26640408
R-290,-5,60,4.871699945,27.9749689,5.742342348,3.858449945,26.9617189
R-290,-5,65,4.871699945,30.81987911,6.326308981,3.858449945,29.80662911
R-290,-5,70,4.871699945,33.81075766,6.94023812,3.858449945,32.79750766
R-290,0,20,5.790695614,10.7724687,1.860306502,4.777445614,9.759218703
R-290,0,25,5.790695614,12.3770714,2.137406665,4.777445614,11.3638214
R-290,0,30,5.790695614,14.1349576,2.440977482,4.777445614,13.1217076
R-290,0,35,5.790695614,16.04892899,2.771502779,4.777445614,15.03567899
R-290,0,40,5.790695614,18.12056563,3.129255419,4.777445614,17.10731563
R-290,0,45,5.790695614,20.35024353,3.514300334,4.777445614,19.33699353
R-290,0,50,5.790695614,22.73720067,3.926505931,4.777445614,21.72395067
R-290,0,55,5.790695614,25.27965408,4.365564306,4.777445614,24.26640408
R-290,0,60,5.790695614,27.9749689,4.831020445,4.777445614,26.9617189
R-290,0,65,5.790695614,30.81987911,5.322310335,4.777445614,29.80662911
R-290,0,70,5.790695614,33.81075766,5.838807618,4.777445614,32.79750766
R-290,5,20,6.832865043,10.7724687,1.576566877,5.819615043,9.759218703
R-290,5,25,6.832865043,12.3770714,1.811402877,5.819615043,11.3638214
R-290,5,30,6.832865043,14.1349576,2.068672147,5.819615043,13.1217076
R-290,5,35,6.832865043,16.04892899,2.348784717,5.819615043,15.03567899
R-290,5,40,6.832865043,18.12056563,2.651971832,5.819615043,17.10731563
R-290,5,45,6.832865043,20.35024353,2.978288522,5.819615043,19.33699353
R-290,5,50,6.832865043,22.73720067,3.327623264,5.819615043,21.72395067
R-290,5,55,6.832865043,25.27965408,3.699715115,5.819615043,24.26640408
R-290,5,60,6.832865043,27.9749689,4.094178463,5.819615043,26.9617189
R-290,5,65,6.832865043,30.81987911,4.510535319,5.819615043,29.80662911
R-290,5,70,6.832865043,33.81075766,4.948254861,5.819615043,32.79750766
R-290,10,20,8.006002062,10.7724687,1.345549079,6.992752062,9.759218703
R-290,10,25,8.006002062,12.3770714,1.545974046,6.992752062,11.3638214
R-290,10,30,8.006002062,14.1349576,1.765545086,6.992752062,13.1217076
R-290,10,35,8.006002062,16.04892899,2.004612148,6.992752062,15.03567899
R-290,10,40,8.006002062,18.12056563,2.263372591,6.992752062,17.10731563
R-290,10,45,8.006002062,20.35024353,2.541873381,6.992752062,19.33699353
R-290,10,50,8.006002062,22.73720067,2.840019338,6.992752062,21.72395067
R-290,10,55,8.006002062,25.27965408,3.157587755,6.992752062,24.26640408
R-290,10,60,8.006002062,27.9749689,3.494249525,6.992752062,26.9617189
R-290,10,65,8.006002062,30.81987911,3.849596699,6.992752062,29.80662911
R-290,10,70,8.006002062,33.81075766,4.223176237,6.992752062,32.79750766
R-12,-50,20,0.3916766108,6.893677317,17.6004314,0,5.880427317
R-12,-50,25,0.3916766108,8.005557034,20.43920115,0,6.992307034
R-12,-50,30,0.3916766108,9.239680017,23.59007345,0,8.226430017
R-12,-50,35,0.3916766108,10.60091673,27.0654832,0,9.58766673
R-12,-50,40,0.3916766108,12.09329405,30.87571153,0,11.08004405
R-12,-50,45,0.3916766108,13.71992742,35.02871257,0,12.70667742
R-12,-50,50,0.3916766108,15.48297993,39.53000894,0,14.46972993
R-12,-50,55,0.3916766108,17.38365212,44.3826658,0,16.37040212
R-12,-50,60,0.3916766108,19.42220588,49.58735178,0,18.40895588
R-12,-50,65,0.3916766108,21.59802484,55.14249319,0,20.58477484
R-12,-50,70,0.3916766108,23.90971287,61.04452555,0,22.89646287
R-12,-45,20,0.5033966808,6.893677317,13.69432414,0,5.880427317
R-12,-45,25,0.5033966808,8.005557034,15.90307871,0,6.992307034
R-12,-45,30,0.5033966808,9.239680017,18.35467012,0,8.226430017
R-12,-45,35,0.5033966808,10.60091673,21.0587736,0,9.58766673
R-12,-45,40,0.5033966808,12.09329405,24.02338853,0,11.08004405
R-12,-45,45,0.5033966808,13.71992742,27.25470378,0,12.70667742
R-12,-45,50,0.5033966808,15.48297993,30.75701632,0,14.46972993
R-12,-45,55,0.5033966808,17.38365212,34.53271105,0,16.37040212
R-12,-45,60,0.5033966808,19.42220588,38.5823082,0,18.40895588
R-12,-45,65,0.5033966808,21.59802484,42.90458334,0,20.58477484
R-12,-45,70,0.5033966808,23.90971287,47.49676306,0,22.89646287
R-12,-40,20,0.6440889636,6.893677317,10.70298935,0,5.880427317
R-12,-40,25,0.6440889636,8.005557034,12.42927218,0,6.992307034
R-12,-40,30,0.6440889636,9.239680017,14.34534752,0,8.226430017
R-12,-40,35,0.6440889636,10.60091673,16.45877717,0,9.58766673
R-12,-40,40,0.6440889636,12.09329405,18.77581317,0,11.08004405
R-12,-40,45,0.6440889636,13.71992742,21.30129251,0,12.70667742
R-12,-40,50,0.6440889636,15.48297993,24.03857355,0,14.46972993
R-12,-40,55,0.6440889636,17.38365212,26.98952024,0,16.37040212
R-12,-40,60,0.6440889636,19.42220588,30.15453917,0,18.40895588
R-12,-40,65,0.6440889636,21.59802484,33.53267338,0,20.58477484
R-12,-40,70,0.6440889636,23.90971287,37.12175526,0,22.89646287
R-12,-35,20,0.8229893927,6.893677317,8.376386595,0,5.880427317
R-12,-35,25,0.8229893927,8.005557034,9.72741217,0,6.992307034
R-12,-35,30,0.8229893927,9.239680017,11.2269734,0,8.226430017
R-12,-35,35,0.8229893927,10.60091673,12.88098829,0,9.58766673
R-12,-35,40,0.8229893927,12.09329405,14.69434983,0,11.08004405
R-12,-35,45,0.8229893927,13.71992742,16.67084356,0,12.70667742
R-12,-35,50,0.8229893927,15.48297993,18.81309779,0,14.46972993
R-12,-35,55,0.8229893927,17.38365212,21.12257129,0,16.37040212
R-12,-35,60,0.8229893927,19.42220588,23.59958227,0,18.40895588
R-12,-35,65,0.8229893927,21.59802484,26.24338179,0,20.58477484
R-12,-35,70,0.8229893927,23.90971287,29.05227343,0,22.89646287
R-12,-30,20,1.041220691,6.893677317,6.620764819,0.02797069059,5.880427317
R-12,-30,25,1.041220691,8.005557034,7.688626539,0.02797069059,6.992307034
R-12,-30,30,1.041220691,9.239680017,8.873892058,0.02797069059,8.226430017
R-12,-30,35,1.041220691,10.60091673,10.18123903,0.02797069059,9.58766673
R-12,-30,40,1.041220691,12.09329405,11.6145349,0.02797069059,11.08004405
R-12,-30,45,1.041220691,13.71992742,13.17677178,0.02797069059,12.70667742
R-12,-30,50,1.041220691,15.48297993,14.87002714,0.02797069059,14.46972993
R-12,-30,55,1.041220691,17.38365212,16.69545398,0.02797069059,16.37040212
R-12,-30,60,1.041220691,19.42220588,18.65330382,0.02797069059,18.40895588
R-12,-30,65,1.041220691,21.59802484,20.74298469,0.02797069059,20.58477484
R-12,-30,70,1.041220691,23.90971287,22.96315573,0.02797069059,22.89646287
R-12,-25,20,1.304915518,6.893677317,5.282853351,0.2916655179,5.880427317
R-12,-25,25,1.304915518,8.005557034,6.134923621,0.2916655179,6.992307034
R-12,-25,30,1.304915518,9.239680017,7.080672955,0.2916655179,8.226430017
R-12,-25,35,1.304915518,10.60091673,8.123833753,0.2916655179,9.58766673
R-12,-25,40,1.304915518,12.09329405,9.267491941,0.2916655179,11.08004405
R-12,-25,45,1.304915518,13.71992742,10.51403499,0.2916655179,12.70667742
R-12,-25,50,1.304915518,15.48297993,11.86512055,0.2916655179,14.46972993
R-12,-25,55,1.304915518,17.38365212,13.32166863,0.2916655179,16.37040212
R-12,-25,60,1.304915518,19.42220588,14.88387993,0.2916655179,18.40895588
R-12,-25,65,1.304915518,21.59802484,16.55128209,0.2916655179,20.58477484
R-12,-25,70,1.304915518,23.90971287,18.32280523,0.2916655179,22.89646287
R-12,-20,20,1.620649031,6.893677317,4.253652201,0.6073990308,5.880427317
R-12,-20,25,1.620649031,8.005557034,4.939722841,0.6073990308,6.992307034
R-12,-20,30,1.620649031,9.239680017,5.701222067,0.6073990308,8.226430017
R-12,-20,35,1.620649031,10.60091673,6.541155135,0.6073990308,9.58766673
R-12,-20,40,1.620649031,12.09329405,7.462006774,0.6073990308,11.08004405
R-12,-20,45,1.620649031,13.71992742,8.465699332,0.6073990308,12.70667742
R-12,-20,50,1.620649031,15.48297993,9.55356751,0.6073990308,14.46972993
R-12,-20,55,1.620649031,17.38365212,10.72635209,0.6073990308,16.37040212
R-12,-20,60,1.620649031,19.42220588,11.98421467,0.6073990308,18.40895588
R-12,-20,65,1.620649031,21.59802484,13.32677491,0.6073990308,20.58477484
R-12,-20,70,1.620649031,23.90971287,14.75317136,0.6073990308,22.89646287
R-12,-15,20,1.995379232,6.893677317,3.454820621,0.9821292322,5.880427317
R-12,-15,25,1.995379232,8.005557034,4.012047888,0.9821292322,6.992307034
R-12,-15,30,1.995379232,9.239680017,4.63053833,0.9821292322,8.226430017
R-12,-15,35,1.995379232,10.60091673,5.312732817,0.9821292322,9.58766673
R-12,-15,40,1.995379232,12.09329405,6.06064945,0.9821292322,11.08004405
R-12,-15,45,1.995379232,13.71992742,6.875849561,0.9821292322,12.70667742
R-12,-15,50,1.995379232,15.48297993,7.759417196,0.9821292322,14.46972993
R-12,-15,55,1.995379232,17.38365212,8.711954018,0.9821292322,16.37040212
R-12,-15,60,1.995379232,19.42220588,9.733591274,0.9821292322,18.40895588
R-12,-15,65,1.995379232,21.59802484,10.82402006,0.9821292322,20.58477484
R-12,-15,70,1.995379232,23.90971287,11.9825407,0.9821292322,22.89646287
R-12,-10,20,2.436371037,6.893677317,2.829485826,1.423121037,5.880427317
R-12,-10,25,2.436371037,8.005557034,3.28585298,1.423121037,6.992307034
R-12,-10,30,2.436371037,9.239680017,3.792394457,1.423121037,8.226430017
R-12,-10,35,2.436371037,10.60091673,4.351109321,1.423121037,9.58766673
R-12,-10,40,2.436371037,12.09329405,4.963650388,1.423121037,11.08004405
R-12,-10,45,2.436371037,13.71992742,5.631296386,1.423121037,12.70667742
R-12,-10,50,2.436371037,15.48297993,6.354935143,1.423121037,14.46972993
R-12,-10,55,2.436371037,17.38365212,7.135059419,1.423121037,16.37040212
R-12,-10,60,2.436371037,19.42220588,7.971776706,1.423121037,18.40895588
R-12,-10,65,2.436371037,21.59802484,8.864834014,1.423121037,20.58477484
R-12,-10,70,2.436371037,23.90971287,9.813658308,1.423121037,22.89646287
R-12,-5,20,2.951104904,6.893677317,2.335964848,1.937854904,5.880427317
R-12,-5,25,2.951104904,8.005557034,2.71273211,1.937854904,6.992307034
R-12,-5,30,2.951104904,9.239680017,3.130922254,1.937854904,8.226430017
R-12,-5,35,2.951104904,10.60091673,3.592185664,1.937854904,9.58766673
R-12,-5,40,2.951104904,12.09329405,4.097886873,1.937854904,11.08004405
R-12,-5,45,2.951104904,13.71992742,4.649081569,1.937854904,12.70667742
R-12,-5,50,2.951104904,15.48297993,5.246502727,1.937854904,14.46972993
R-12,-5,55,2.951104904,17.38365212,5.890557159,1.937854904,16.37040212
R-12,-5,60,2.951104904,19.42220588,6.581333607,1.937854904,18.40895588
R-12,-5,65,2.951104904,21.59802484,7.318623209,1.937854904,20.58477484
R-12,-5,70,2.951104904,23.90971287,8.101952878,1.937854904,22.89646287
R-12,0,20,3.547171574,6.893677317,1.943429342,2.533921574,5.880427317
R-12,0,25,3.547171574,8.005557034,2.256884638,2.533921574,6.992307034
R-12,0,30,3.547171574,9.239680017,2.604802115,2.533921574,8.226430017
R-12,0,35,3.547171574,10.60091673,2.988554827,2.533921574,9.58766673
R-12,0,40,3.547171574,12.09329405,3.40927801,2.533921574,11.08004405
R-12,0,45,3.547171574,13.71992742,3.867849956,2.533921574,12.70667742
R-12,0,50,3.547171574,15.48297993,4.36488047,2.533921574,14.46972993
R-12,0,55,3.547171574,17.38365212,4.900708003,2.533921574,16.37040212
R-12,0,60,3.547171574,19.42220588,5.475406384,2.533921574,18.40895588
R-12,0,65,3.547171574,21.59802484,6.088801851,2.533921574,20.58477484
R-12,0,70,3.547171574,23.90971287,6.740500811,2.533921574,22.89646287
R-12,5,20,4.23215516,6.893677317,1.628881044,3.21890516,5.880427317
R-12,5,25,4.23215516,8.005557034,1.891602914,3.21890516,6.992307034
R-12,5,30,4.23215516,9.239680017,2.183209185,3.21890516,8.226430017
R-12,5,35,4.23215516,10.60091673,2.50485068,3.21890516,9.58766673
R-12,5,40,4.23215516,12.09329405,2.857478894,3.21890516,11.08004405
R-12,5,45,4.23215516,13.71992742,3.241829966,3.21890516,12.70667742
R-12,5,50,4.23215516,15.48297993,3.658415002,3.21890516,14.46972993
R-12,5,55,4.23215516,17.38365212,4.107517674,3.21890516,16.37040212
R-12,5,60,4.23215516,19.42220588,4.589199864,3.21890516,18.40895588
R-12,5,65,4.23215516,21.59802484,5.103315929,3.21890516,20.58477484
R-12,5,70,4.23215516,23.90971287,5.649535985,3.21890516,22.89646287
R-12,10,20,5.013507476,6.893677317,1.375020851,4.000257476,5.880427317
R-12,10,25,5.013507476,8.005557034,1.596797666,4.000257476,6.992307034
R-12,10,30,5.013507476,9.239680017,1.842957263,4.000257476,8.226430017
R-12,10,35,5.013507476,10.60091673,2.114471112,4.000257476,9.58766673
R-12,10,40,5.013507476,12.09329405,2.412142418,4.000257476,11.08004405
R-12,10,45,5.013507476,13.71992742,2.736592591,4.000257476,12.70667742
R-12,10,50,5.013507476,15.48297993,3.088253084,4.000257476,14.46972993
R-12,10,55,5.013507476,17.38365212,3.467363358,4.000257476,16.37040212
R-12,10,60,5.013507476,19.42220588,3.87397565,4.000257476,18.40895588
R-12,10,65,5.013507476,21.59802484,4.307967016,4.000257476,20.58477484
R-12,10,70,5.013507476,23.90971287,4.769058984,4.000257476,22.89646287
R-401A,-50,20,0.4468336916,7.637868602,17.09331401,0,6.624618602
R-401A,-50,25,0.4468336916,8.847775983,19.80104936,0,7.834525983
R-401A,-50,30,0.4468336916,10.1865857,22.79726414,0,9.173335695
R-401A,-50,35,0.4468336916,11.65878234,26.09199477,0,10.64553234
R-401A,-50,40,0.4468336916,13.26791459,29.69318302,0,12.25466459
R-401A,-50,45,0.4468336916,15.01654153,33.60655612,0,14.00329153
R-401A,-50,50,0.4468336916,16.90621078,37.83557753,0,15.89296078
R-401A,-50,55,0.4468336916,18.93747186,42.38147709,0,17.92422186
R-401A,-50,60,0.4468336916,21.10992805,47.24336693,0,20.09667805
R-401A,-50,65,0.4468336916,23.42232852,52.41844777,0,22.40907852
R-401A,-50,70,0.4468336916,25.87270194,57.9023078,0,24.85945194
R-401A,-45,20,0.5726307419,7.637868602,13.33820915,0,6.624618602
R-401A,-45,25,0.5726307419,8.847775983,15.45110197,0,7.834525983
R-401A,-45,30,0.5726307419,10.1865857,17.78910029,0,9.173335695
R-401A,-45,35,0.5726307419,11.65878234,20.36003569,0,10.64553234
R-401A,-45,40,0.5726307419,13.26791459,23.1701053,0,12.25466459
R-401A,-45,45,0.5726307419,15.01654153,26.22377814,0,14.00329153
R-401A,-45,50,0.5726307419,16.90621078,29.52375684,0,15.89296078
R-401A,-45,55,0.5726307419,18.93747186,33.07100105,0,17.92422186
R-401A,-45,60,0.5726307419,21.10992805,36.86481794,0,20.09667805
R-401A,-45,65,0.5726307419,23.42232852,40.9030232,0,22.40907852
R-401A,-45,70,0.5726307419,25.87270194,45.18217422,0,24.85945194
R-401A,-40,20,0.7360724496,7.637868602,10.37651743,0,6.624618602
R-401A,-40,25,0.7360724496,8.847775983,12.02025152,0,7.834525983
R-401A,-40,30,0.7360724496,10.1865857,13.83910742,0,9.173335695
R-401A,-40,35,0.7360724496,11.65878234,15.83917772,0,10.64553234
R-401A,-40,40,0.7360724496,13.26791459,18.02528351,0,12.25466459
R-401A,-40,45,0.7360724496,15.01654153,20.40090149,0,14.00329153
R-401A,-40,50,0.7360724496,16.90621078,22.96813417,0,15.89296078
R-401A,-40,55,0.7360724496,18.93747186,25.72772813,0,17.92422186
R-401A,-40,60,0.7360724496,21.10992805,28.67914437,0,20.09667805
R-401A,-40,65,0.7360724496,23.42232852,31.8206836,0,22.40907852
R-401A,-40,70,0.7360724496,25.87270194,35.14966762,0,24.85945194
R-401A,-35,20,0.9379940524,7.637868602,8.142768691,0,6.624618602
R-401A,-35,25,0.9379940524,8.847775983,9.432656808,0,7.834525983
R-401A,-35,30,0.9379940524,10.1865857,10.85996832,0,9.173335695
R-401A,-35,35,0.9379940524,11.65878234,12.4294843,0,10.64553234
R-401A,-35,40,0.9379940524,13.26791459,14.14498797,0,12.25466459
R-401A,-35,45,0.9379940524,15.01654153,16.00920762,0,14.00329153
R-401A,-35,50,0.9379940524,16.90621078,18.02379316,0,15.89296078
R-401A,-35,55,0.9379940524,18.93747186,20.18933043,0,17.92422186
R-401A,-35,60,0.9379940524,21.10992805,22.50539648,0,20.09667805
R-401A,-35,65,0.9379940524,23.42232852,24.97065782,0,22.40907852
R-401A,-35,70,0.9379940524,25.87270194,27.58301279,0,24.85945194
R-401A,-30,20,1.183567707,7.637868602,6.453258702,0.1703177066,6.624618602
R-401A,-30,25,1.183567707,8.847775983,7.475513175,0.1703177066,7.834525983
R-401A,-30,30,1.183567707,10.1865857,8.606677623,0.1703177066,9.173335695
R-401A,-30,35,1.183567707,11.65878234,9.850541105,0.1703177066,10.64553234
R-401A,-30,40,1.183567707,13.26791459,11.21010189,0.1703177066,12.25466459
R-401A,-30,45,1.183567707,15.01654153,12.68752218,0.1703177066,14.00329153
R-401A,-30,50,1.183567707,16.90621078,14.28410955,0.1703177066,15.89296078
R-401A,-30,55,1.183567707,18.93747186,16.00032829,0.1703177066,17.92422186
R-401A,-30,60,1.183567707,21.10992805,17.83584321,0.1703177066,20.09667805
R-401A,-30,65,1.183567707,23.42232852,19.7895975,0.1703177066,22.40907852
R-401A,-30,70,1.183567707,25.87270194,21.85992555,0.1703177066,24.85945194
R-401A,-25,20,1.47940894,7.637868602,5.162783864,0.4661589396,6.624618602
R-401A,-25,25,1.47940894,8.847775983,5.980615465,0.4661589396,7.834525983
R-401A,-25,30,1.47940894,10.1865857,6.885578032,0.4661589396,9.173335695
R-401A,-25,35,1.47940894,11.65878234,7.880702916,0.4661589396,10.64553234
R-401A,-25,40,1.47940894,13.26791459,8.968388814,0.4661589396,12.25466459
R-401A,-25,45,1.47940894,15.01654153,10.15036555,0.4661589396,14.00329153
R-401A,-25,50,1.47940894,16.90621078,11.42767921,0.4661589396,15.89296078
R-401A,-25,55,1.47940894,18.93747186,12.80070125,0.4661589396,17.92422186
R-401A,-25,60,1.47940894,21.10992805,14.2691635,0.4661589396,20.09667805
R-401A,-25,65,1.47940894,23.42232852,15.83222049,0.4661589396,22.40907852
R-401A,-25,70,1.47940894,25.87270194,17.48853968,0.4661589396,24.85945194
R-401A,-20,20,1.832565879,7.637868602,4.167854857,0.8193158795,6.624618602
R-401A,-20,25,1.832565879,8.847775983,4.828080716,0.8193158795,7.834525983
R-401A,-20,30,1.832565879,10.1865857,5.558646382,0.8193158795,9.173335695
R-401A,-20,35,1.832565879,11.65878234,6.361999028,0.8193158795,10.64553234
R-401A,-20,40,1.832565879,13.26791459,7.240075096,0.8193158795,12.25466459
R-401A,-20,45,1.832565879,15.01654153,8.194271049,0.8193158795,14.00329153
R-401A,-20,50,1.832565879,16.90621078,9.225431386,0.8193158795,15.89296078
R-401A,-20,55,1.832565879,18.93747186,10.33385598,0.8193158795,17.92422186
R-401A,-20,60,1.832565879,21.10992805,11.51932833,0.8193158795,20.09667805
R-401A,-20,65,1.832565879,23.42232852,12.7811659,0.8193158795,22.40907852
R-401A,-20,70,1.832565879,25.87270194,14.11829295,0.8193158795,24.85945194
R-401A,-15,20,2.250446611,7.637868602,3.393934593,1.237196611,6.624618602
R-401A,-15,25,2.250446611,8.847775983,3.931564491,1.237196611,7.834525983
R-401A,-15,30,2.250446611,10.1865857,4.526472944,1.237196611,9.173335695
R-401A,-15,35,2.250446611,11.65878234,5.180652715,1.237196611,10.64553234
R-401A,-15,40,2.250446611,13.26791459,5.895680672,1.237196611,12.25466459
R-401A,-15,45,2.250446611,15.01654153,6.672693971,1.237196611,14.00329153
R-401A,-15,50,2.250446611,16.90621078,7.512380299,1.237196611,15.89296078
R-401A,-15,55,2.250446611,18.93747186,8.414983841,1.237196611,17.92422186
R-401A,-15,60,2.250446611,21.10992805,9.380328307,1.237196611,20.09667805
R-401A,-15,65,2.250446611,23.42232852,10.40785789,1.237196611,22.40907852
R-401A,-15,70,2.250446611,25.87270194,11.49669662,1.237196611,24.85945194
R-401A,-10,20,2.740729493,7.637868602,2.786801332,1.727479493,6.624618602
R-401A,-10,25,2.740729493,8.847775983,3.228255837,1.727479493,7.834525983
R-401A,-10,30,2.740729493,10.1865857,3.716742467,1.727479493,9.173335695
R-401A,-10,35,2.740729493,11.65878234,4.253897502,1.727479493,10.64553234
R-401A,-10,40,2.740729493,13.26791459,4.84101573,1.727479493,12.25466459
R-401A,-10,45,2.740729493,15.01654153,5.479030883,1.727479493,14.00329153
R-401A,-10,50,2.740729493,16.90621078,6.168507628,1.727479493,15.89296078
R-401A,-10,55,2.740729493,18.93747186,6.90964647,1.727479493,17.92422186
R-401A,-10,60,2.740729493,21.10992805,7.702302654,1.727479493,20.09667805
R-401A,-10,65,2.740729493,23.42232852,8.546019804,1.727479493,22.40907852
R-401A,-10,70,2.740729493,25.87270194,9.440078641,1.727479493,24.85945194
R-401A,-5,20,3.311257773,7.637868602,2.30663667,2.298007773,6.624618602
R-401A,-5,25,3.311257773,8.847775983,2.672028755,2.298007773,7.834525983
R-401A,-5,30,3.311257773,10.1865857,3.07634935,2.298007773,9.173335695
R-401A,-5,35,3.311257773,11.65878234,3.520952805,2.298007773,10.64553234
R-401A,-5,40,3.311257773,13.26791459,4.006910816,2.298007773,12.25466459
R-401A,-5,45,3.311257773,15.01654153,4.534996235,2.298007773,14.00329153
R-401A,-5,50,3.311257773,16.90621078,5.105676435,2.298007773,15.89296078
R-401A,-5,55,3.311257773,18.93747186,5.719117376,2.298007773,17.92422186
R-401A,-5,60,3.311257773,21.10992805,6.375199243,2.298007773,20.09667805
R-401A,-5,65,3.311257773,23.42232852,7.073544293,2.298007773,22.40907852
R-401A,-5,70,3.311257773,25.87270194,7.81355718,2.298007773,24.85945194
R-401A,0,20,3.969920585,7.637868602,1.923934859,2.956670585,6.624618602
R-401A,0,25,3.969920585,8.847775983,2.22870352,2.956670585,7.834525983
R-401A,0,30,3.969920585,10.1865857,2.565941932,2.956670585,9.173335695
R-401A,0,35,3.969920585,11.65878234,2.93677974,2.956670585,10.64553234
R-401A,0,40,3.969920585,13.26791459,3.342110831,2.956670585,12.25466459
R-401A,0,45,3.969920585,15.01654153,3.78257983,2.956670585,14.00329153
R-401A,0,50,3.969920585,16.90621078,4.258576568,2.956670585,15.89296078
R-401A,0,55,3.969920585,18.93747186,4.770239469,2.956670585,17.92422186
R-401A,0,60,3.969920585,21.10992805,5.317468598,2.956670585,20.09667805
R-401A,0,65,3.969920585,23.42232852,5.899948883,2.956670585,22.40907852
R-401A,0,70,3.969920585,25.87270194,6.517183755,2.956670585,24.85945194
R-401A,5,20,4.72452317,7.637868602,1.616643273,3.71127317,6.624618602
R-401A,5,25,4.72452317,8.847775983,1.872734171,3.71127317,7.834525983
R-401A,5,30,4.72452317,10.1865857,2.156108739,3.71127317,9.173335695
R-401A,5,35,4.72452317,11.65878234,2.467716196,3.71127317,10.64553234
R-401A,5,40,4.72452317,13.26791459,2.808307655,3.71127317,12.25466459
R-401A,5,45,4.72452317,15.01654153,3.178424783,3.71127317,14.00329153
R-401A,5,50,4.72452317,16.90621078,3.578395147,3.71127317,15.89296078
R-401A,5,55,4.72452317,18.93747186,4.00833506,3.71127317,17.92422186
R-401A,5,60,4.72452317,21.10992805,4.46816055,3.71127317,20.09667805
R-401A,5,65,4.72452317,23.42232852,4.95760687,3.71127317,22.40907852
R-401A,5,70,4.72452317,25.87270194,5.47625676,3.71127317,24.85945194
R-401A,10,20,5.582649835,7.637868602,1.368143951,4.569399835,6.624618602
R-401A,10,25,5.582649835,8.847775983,1.584870312,4.569399835,7.834525983
R-401A,10,30,5.582649835,10.1865857,1.824686483,4.569399835,9.173335695
R-401A,10,35,5.582649835,11.65878234,2.088395778,4.569399835,10.64553234
R-401A,10,40,5.582649835,13.26791459,2.376633853,4.569399835,12.25466459
R-401A,10,45,5.582649835,15.01654153,2.689859113,4.569399835,14.00329153
R-401A,10,50,5.582649835,16.90621078,3.028348774,4.569399835,15.89296078
R-401A,10,55,5.582649835,18.93747186,3.392201271,4.569399835,17.92422186
R-401A,10,60,5.582649835,21.10992805,3.781345538,4.569399835,20.09667805
R-401A,10,65,5.582649835,23.42232852,4.195557525,4.569399835,22.40907852
R-401A,10,70,5.582649835,25.87270194,4.634484109,4.569399835,24.85945194
R-401B,-50,20,0.488621528,8.186872953,16.7550394,0,7.173622953
R-401B,-50,25,0.488621528,9.466977299,19.37486737,0,8.453727299
R-401B,-50,30,0.488621528,10.88032722,22.26739224,0,9.867077219
R-401B,-50,35,0.488621528,12.43106617,25.44109389,0,11.41781617
R-401B,-50,40,0.488621528,14.12234106,28.9024127,0,13.10909106
R-401B,-50,45,0.488621528,15.95626193,32.65566705,0,14.94301193
R-401B,-50,50,0.488621528,17.93389688,36.70304284,0,16.92064688
R-401B,-50,55,0.488621528,20.05530567,41.04466242,0,19.04205567
R-401B,-50,60,0.488621528,22.3196149,45.6787383,0,21.3063649
R-401B,-50,65,0.488621528,24.72513611,50.60181489,0,23.71188611
R-401B,-50,70,0.488621528,27.26952724,55.80909902,0,26.25627724
R-401B,-45,20,0.6274103887,8.186872953,13.04867293,0,7.173622953
R-401B,-45,25,0.6274103887,9.466977299,15.08897122,0,8.453727299
R-401B,-45,30,0.6274103887,10.88032722,17.34164339,0,9.867077219
R-401B,-45,35,0.6274103887,12.43106617,19.81329349,0,11.41781617
R-401B,-45,40,0.6274103887,14.12234106,22.50893723,0,13.10909106
R-401B,-45,45,0.6274103887,15.95626193,25.43193773,0,14.94301193
R-401B,-45,50,0.6274103887,17.93389688,28.58399733,0,16.92064688
R-401B,-45,55,0.6274103887,20.05530567,31.96521133,0,19.04205567
R-401B,-45,60,0.6274103887,22.3196149,35.57418766,0,21.3063649
R-401B,-45,65,0.6274103887,24.72513611,39.40823512,0,23.71188611
R-401B,-45,70,0.6274103887,27.26952724,43.46362083,0,26.25627724
R-401B,-40,20,0.8063231622,8.186872953,10.15333967,0,7.173622953
R-401B,-40,25,0.8063231622,9.466977299,11.74092193,0,8.453727299
R-401B,-40,30,0.8063231622,10.88032722,13.49375502,0,9.867077219
R-401B,-40,35,0.8063231622,12.43106617,15.41697765,0,11.41781617
R-401B,-40,40,0.8063231622,14.12234106,17.5144926,0,13.10909106
R-401B,-40,45,0.8063231622,15.95626193,19.78891675,0,14.94301193
R-401B,-40,50,0.8063231622,17.93389688,22.24157474,0,16.92064688
R-401B,-40,55,0.8063231622,20.05530567,24.8725407,0,19.04205567
R-401B,-40,60,0.8063231622,22.3196149,27.68073144,0,21.3063649
R-401B,-40,65,0.8063231622,24.72513611,30.66405291,0,23.71188611
R-401B,-40,70,0.8063231622,27.26952724,33.81960052,0,26.25627724
R-401B,-35,20,1.02561078,8.186872953,7.982436528,0.01236077991,7.173622953
R-401B,-35,25,1.02561078,9.466977299,9.230575072,0.01236077991,8.453727299
R-401B,-35,30,1.02561078,10.88032722,10.60863188,0.01236077991,9.867077219
R-401B,-35,35,1.02561078,12.43106617,12.12064695,0.01236077991,11.41781617
R-401B,-35,40,1.02561078,14.12234106,13.76968859,0.01236077991,13.10909106
R-401B,-35,45,1.02561078,15.95626193,15.55781418,0.01236077991,14.94301193
R-401B,-35,50,1.02561078,17.93389688,17.48606511,0.01236077991,16.92064688
R-401B,-35,55,1.02561078,20.05530567,19.55449968,0.01236077991,19.04205567
R-401B,-35,60,1.02561078,22.3196149,21.76226629,0.01236077991,21.3063649
R-401B,-35,65,1.02561078,24.72513611,24.10771864,0.01236077991,23.71188611
R-401B,-35,70,1.02561078,27.26952724,26.58857315,0.01236077991,26.25627724
R-401B,-30,20,1.291741461,8.186872953,6.337857229,0.2784914606,7.173622953
R-401B,-30,25,1.291741461,9.466977299,7.328848371,0.2784914606,8.453727299
R-401B,-30,30,1.291741461,10.88032722,8.422991404,0.2784914606,9.867077219
R-401B,-30,35,1.291741461,12.43106617,9.623493979,0.2784914606,11.41781617
R-401B,-30,40,1.291741461,14.12234106,10.93279227,0.2784914606,13.10909106
R-401B,-30,45,1.291741461,15.95626193,12.35251977,0.2784914606,14.94301193
R-401B,-30,50,1.291741461,17.93389688,13.88350333,0.2784914606,16.92064688
R-401B,-30,55,1.291741461,20.05530567,15.52578924,0.2784914606,19.04205567
R-401B,-30,60,1.291741461,22.3196149,17.27870134,0.2784914606,21.3063649
R-401B,-30,65,1.291741461,24.72513611,19.14093251,0.2784914606,23.71188611
R-401B,-30,70,1.291741461,27.26952724,21.11066964,0.2784914606,26.25627724
R-401B,-25,20,1.611667377,8.186872953,5.079753472,0.598417377,7.173622953
R-401B,-25,25,1.611667377,9.466977299,5.874026759,0.598417377,8.453727299
R-401B,-25,30,1.611667377,10.88032722,6.750975651,0.598417377,9.867077219
R-401B,-25,35,1.611667377,12.43106617,7.713171059,0.598417377,11.41781617
R-401B,-25,40,1.611667377,14.12234106,8.762565563,0.598417377,13.10909106
R-401B,-25,45,1.611667377,15.95626193,9.900468398,0.598417377,14.94301193
R-401B,-25,50,1.611667377,17.93389688,11.12754228,0.598417377,16.92064688
R-401B,-25,55,1.611667377,20.05530567,12.4438243,0.598417377,19.04205567
R-401B,-25,60,1.611667377,22.3196149,13.84877253,0.598417377,21.3063649
R-401B,-25,65,1.611667377,24.72513611,15.34133933,0.598417377,23.71188611
R-401B,-25,70,1.611667377,27.26952724,16.92007149,0.598417377,26.25627724
R-401B,-20,20,1.992760373,8.186872953,4.108307785,0.979510373,7.173622953
R-401B,-20,25,1.992760373,9.466977299,4.750685244,0.979510373,8.453727299
R-401B,-20,30,1.992760373,10.88032722,5.459927529,0.979510373,9.867077219
R-401B,-20,35,1.992760373,12.43106617,6.238113893,0.979510373,11.41781617
R-401B,-20,40,1.992760373,14.12234106,7.086823508,0.979510373,13.10909106
R-401B,-20,45,1.992760373,15.95626193,8.007115231,0.979510373,14.94301193
R-401B,-20,50,1.992760373,17.93389688,8.99952504,0.979510373,16.92064688
R-401B,-20,55,1.992760373,20.05530567,10.06408294,0.979510373,19.04205567
R-401B,-20,60,1.992760373,22.3196149,11.20035063,0.979510373,21.3063649
R-401B,-20,65,1.992760373,24.72513611,12.40748082,0.979510373,23.71188611
R-401B,-20,70,1.992760373,27.26952724,13.68429823,0.979510373,26.25627724
R-401B,-15,20,2.442729348,8.186872953,3.351526832,1.429479348,7.173622953
R-401B,-15,25,2.442729348,9.466977299,3.87557357,1.429479348,8.453727299
R-401B,-15,30,2.442729348,10.88032722,4.454168133,1.429479348,9.867077219
R-401B,-15,35,2.442729348,12.43106617,5.089006761,1.429479348,11.41781617
R-401B,-15,40,2.442729348,14.12234106,5.781377732,1.429479348,13.10909106
R-401B,-15,45,2.442729348,15.95626193,6.532144851,1.429479348,14.94301193
R-401B,-15,50,2.442729348,17.93389688,7.341745368,1.429479348,16.92064688
R-401B,-15,55,2.442729348,20.05530567,8.210203755,1.429479348,19.04205567
R-401B,-15,60,2.442729348,22.3196149,9.137162462,1.429479348,21.3063649
R-401B,-15,65,2.442729348,24.72513611,10.12193026,1.429479348,23.71188611
R-401B,-15,70,2.442729348,27.26952724,11.16354837,1.429479348,26.25627724
R-401B,-10,20,2.969520234,8.186872953,2.756968234,1.956270234,7.173622953
R-401B,-10,25,2.969520234,9.466977299,3.188049434,1.956270234,8.453727299
R-401B,-10,30,2.969520234,10.88032722,3.664001712,1.956270234,9.867077219
R-401B,-10,35,2.969520234,12.43106617,4.186220396,1.956270234,11.41781617
R-401B,-10,40,2.969520234,14.12234106,4.755765223,1.956270234,13.10909106
R-401B,-10,45,2.969520234,15.95626193,5.373346762,1.956270234,14.94301193
R-401B,-10,50,2.969520234,17.93389688,6.039324694,1.956270234,16.92064688
R-401B,-10,55,2.969520234,20.05530567,6.75371915,1.956270234,19.04205567
R-401B,-10,60,2.969520234,22.3196149,7.516236007,1.956270234,21.3063649
R-401B,-10,65,2.969520234,24.72513611,8.326306665,1.956270234,23.71188611
R-401B,-10,70,2.969520234,27.26952724,9.183142425,1.956270234,26.25627724
R-401B,-5,20,3.581200289,8.186872953,2.286069556,2.567950289,7.173622953
R-401B,-5,25,3.581200289,9.466977299,2.643520757,2.567950289,8.453727299
R-401B,-5,30,3.581200289,10.88032722,3.038178918,2.567950289,9.867077219
R-401B,-5,35,3.581200289,12.43106617,3.47120104,2.567950289,11.41781617
R-401B,-5,40,3.581200289,14.12234106,3.943465854,2.567950289,13.10909106
R-401B,-5,45,3.581200289,15.95626193,4.455562561,2.567950289,14.94301193
R-401B,-5,50,3.581200289,17.93389688,5.007789408,2.567950289,16.92064688
R-401B,-5,55,3.581200289,20.05530567,5.600163087,2.567950289,19.04205567
R-401B,-5,60,3.581200289,22.3196149,6.232439714,2.567950289,21.3063649
R-401B,-5,65,3.581200289,24.72513611,6.904147804,2.567950289,23.71188611
R-401B,-5,70,3.581200289,27.26952724,7.614633374,2.567950289,26.25627724
R-401B,0,20,4.28582925,8.186872953,1.910219114,3.27257925,7.173622953
R-401B,0,25,4.28582925,9.466977299,2.208902116,3.27257925,8.453727299
R-401B,0,30,4.28582925,10.88032722,2.538674918,3.27257925,9.867077219
R-401B,0,35,4.28582925,12.43106617,2.9005043,3.27257925,11.41781617
R-401B,0,40,4.28582925,14.12234106,3.295124521,3.27257925,13.10909106
R-401B,0,45,4.28582925,15.95626193,3.723027914,3.27257925,14.94301193
R-401B,0,50,4.28582925,17.93389688,4.184463689,3.27257925,16.92064688
R-401B,0,55,4.28582925,20.05530567,4.679445796,3.27257925,19.04205567
R-401B,0,60,4.28582925,22.3196149,5.207770445,3.27257925,21.3063649
R-401B,0,65,4.28582925,24.72513611,5.769043671,3.27257925,23.71188611
R-401B,0,70,4.28582925,27.26952724,6.362719009,3.27257925,26.25627724
R-401B,5,20,5.091320637,8.186872953,1.608005769,4.078070637,7.173622953
R-401B,5,25,5.091320637,9.466977299,1.859434511,4.078070637,8.453727299
R-401B,5,30,5.091320637,10.88032722,2.137034376,4.078070637,9.867077219
R-401B,5,35,5.091320637,12.43106617,2.44161919,4.078070637,11.41781617
R-401B,5,40,5.091320637,14.12234106,2.773807046,4.078070637,13.10909106
R-401B,5,45,5.091320637,15.95626193,3.134012385,4.078070637,14.94301193
R-401B,5,50,5.091320637,17.93389688,3.522444991,4.078070637,16.92064688
R-401B,5,55,5.091320637,20.05530567,3.939116606,4.078070637,19.04205567
R-401B,5,60,5.091320637,22.3196149,4.383855682,4.078070637,21.3063649
R-401B,5,65,5.091320637,24.72513611,4.856330582,4.078070637,23.71188611
R-401B,5,70,5.091320637,27.26952724,5.356081297,4.078070637,26.25627724
R-401B,10,20,6.005297228,8.186872953,1.363275229,4.992047228,7.173622953
R-401B,10,25,6.005297228,9.466977299,1.576437758,4.992047228,8.453727299
R-401B,10,30,6.005297228,10.88032722,1.811788294,4.992047228,9.867077219
R-401B,10,35,6.005297228,12.43106617,2.070016803,4.992047228,11.41781617
R-401B,10,40,6.005297228,14.12234106,2.351647308,4.992047228,13.10909106
R-401B,10,45,6.005297228,15.95626193,2.657031172,4.992047228,14.94301193
R-401B,10,50,6.005297228,17.93389688,2.986346253,4.992047228,16.92064688
R-401B,10,55,6.005297228,20.05530567,3.339602505,4.992047228,19.04205567
R-401B,10,60,6.005297228,22.3196149,3.71665449,4.992047228,21.3063649
R-401B,10,65,6.005297228,24.72513611,4.117221042,4.992047228,23.71188611
R-401B,10,70,6.005297228,27.26952724,4.540912166,4.992047228,26.25627724
R-409A,-50,20,0.4840448212,8.111497458,16.75774041,0,7.098247458
R-409A,-50,25,0.4840448212,9.389520832,19.39804006,0,8.376270832
R-409A,-50,30,0.4840448212,10.8028573,22.31788634,0,9.789607304
R-409A,-50,35,0.4840448212,12.35613309,25.52683667,0,11.34288309
R-409A,-50,40,0.4840448212,14.05298572,29.03240589,0,13.03973572
R-409A,-50,45,0.4840448212,15.89600647,32.83994741,0,14.88275647
R-409A,-50,50,0.4840448212,17.88671536,36.95260145,0,16.87346536
R-409A,-50,55,0.4840448212,20.02557249,41.37131856,0,19.01232249
R-409A,-50,60,0.4840448212,22.31202887,46.09496455,0,21.29877887
R-409A,-50,65,0.4840448212,24.7446188,51.12051141,0,23.7313688
R-409A,-50,70,0.4840448212,27.32109487,56.44331615,0,26.30784487
R-409A,-45,20,0.6192314305,8.111497458,13.09929868,0,7.098247458
R-409A,-45,25,0.6192314305,9.389520832,15.16318515,0,8.376270832
R-409A,-45,30,0.6192314305,10.8028573,17.44558944,0,9.789607304
R-409A,-45,35,0.6192314305,12.35613309,19.95398244,0,11.34288309
R-409A,-45,40,0.6192314305,14.05298572,22.69423842,0,13.03973572
R-409A,-45,45,0.6192314305,15.89600647,25.67054205,0,14.88275647
R-409A,-45,50,0.6192314305,17.88671536,28.885348,0,16.87346536
R-409A,-45,55,0.6192314305,20.02557249,32.33939931,0,19.01232249
R-409A,-45,60,0.6192314305,22.31202887,36.03180939,0,21.29877887
R-409A,-45,65,0.6192314305,24.7446188,39.9602113,0,23.7313688
R-409A,-45,70,0.6192314305,27.32109487,44.12097566,0,26.30784487
R-409A,-40,20,0.7925795337,8.111497458,10.23430093,0,7.098247458
R-409A,-40,25,0.7925795337,9.389520832,11.84678689,0,8.376270832
R-409A,-40,30,0.7925795337,10.8028573,13.6299978,0,9.789607304
R-409A,-40,35,0.7925795337,12.35613309,15.58977057,0,11.34288309
R-409A,-40,40,0.7925795337,14.05298572,17.73069468,0,13.03973572
R-409A,-40,45,0.7925795337,15.89600647,20.05603955,0,14.88275647
R-409A,-40,50,0.7925795337,17.88671536,22.56772299,0,16.87346536
R-409A,-40,55,0.7925795337,20.02557249,25.26632551,0,19.01232249
R-409A,-40,60,0.7925795337,22.31202887,28.15115445,0,21.29877887
R-409A,-40,65,0.7925795337,24.7446188,31.22036054,0,23.7313688
R-409A,-40,70,0.7925795337,27.32109487,34.47110821,0,26.30784487
R-409A,-35,20,1.008400222,8.111497458,8.04392669,0,7.098247458
R-409A,-35,25,1.008400222,9.389520832,9.311303814,0,8.376270832
R-409A,-35,30,1.008400222,10.8028573,10.71286685,0,9.789607304
R-409A,-35,35,1.008400222,12.35613309,12.25320347,0,11.34288309
R-409A,-35,40,1.008400222,14.05298572,13.93592089,0,13.03973572
R-409A,-35,45,1.008400222,15.89600647,15.76358883,0,14.88275647
R-409A,-35,50,1.008400222,17.88671536,17.73771463,0,16.87346536
R-409A,-35,55,1.008400222,20.02557249,19.85875455,0,19.01232249
R-409A,-35,60,1.008400222,22.31202887,22.12616418,0,21.29877887
R-409A,-35,65,1.008400222,24.7446188,24.53849004,0,23.7313688
R-409A,-35,70,1.008400222,27.32109487,27.09350343,0,26.30784487
R-409A,-30,20,1.270507411,8.111497458,6.384455051,0.2572574111,7.098247458
R-409A,-30,25,1.270507411,9.389520832,7.390370768,0.2572574111,8.376270832
R-409A,-30,30,1.270507411,10.8028573,8.50278968,0.2572574111,9.789607304
R-409A,-30,35,1.270507411,12.35613309,9.725353023,0.2572574111,11.34288309
R-409A,-30,40,1.270507411,14.05298572,11.06092384,0.2572574111,13.03973572
R-409A,-30,45,1.270507411,15.89600647,12.51154171,0.2572574111,14.88275647
R-409A,-30,50,1.270507411,17.88671536,14.07840301,0.2572574111,16.87346536
R-409A,-30,55,1.270507411,20.02557249,15.76186988,0.2572574111,19.01232249
R-409A,-30,60,1.270507411,22.31202887,17.56151021,0.2572574111,21.29877887
R-409A,-30,65,1.270507411,24.7446188,19.47617037,0.2572574111,23.7313688
R-409A,-30,70,1.270507411,27.32109487,21.50408147,0.2572574111,26.30784487
R-409A,-25,20,1.58585076,8.111497458,5.114918542,0.5726007603,7.098247458
R-409A,-25,25,1.58585076,9.389520832,5.920809869,0.5726007603,8.376270832
R-409A,-25,30,1.58585076,10.8028573,6.812026437,0.5726007603,9.789607304
R-409A,-25,35,1.58585076,12.35613309,7.791485429,0.5726007603,11.34288309
R-409A,-25,40,1.58585076,14.05298572,8.861480582,0.5726007603,13.03973572
R-409A,-25,45,1.58585076,15.89600647,10.0236459,0.5726007603,14.88275647
R-409A,-25,50,1.58585076,17.88671536,11.27893987,0.5726007603,16.87346536
R-409A,-25,55,1.58585076,20.02557249,12.62765261,0.5726007603,19.01232249
R-409A,-25,60,1.58585076,22.31202887,14.06943795,0.5726007603,21.29877887
R-409A,-25,65,1.58585076,24.7446188,15.60337165,0.5726007603,23.7313688
R-409A,-25,70,1.58585076,27.32109487,17.22803656,0.5726007603,26.30784487
R-409A,-20,20,1.961825967,8.111497458,4.13466719,0.9485759669,7.098247458
R-409A,-20,25,1.961825967,9.389520832,4.786113034,0.9485759669,8.376270832
R-409A,-20,30,1.961825967,10.8028573,5.506531918,0.9485759669,9.789607304
R-409A,-20,35,1.961825967,12.35613309,6.298281958,0.9485759669,11.34288309
R-409A,-20,40,1.961825967,14.05298572,7.163217307,0.9485759669,13.03973572
R-409A,-20,45,1.961825967,15.89600647,8.102658819,0.9485759669,14.88275647
R-409A,-20,50,1.961825967,17.88671536,9.117381289,0.9485759669,16.87346536
R-409A,-20,55,1.961825967,20.02557249,10.20761924,0.9485759669,19.01232249
R-409A,-20,60,1.961825967,22.31202887,11.37309285,0.9485759669,21.29877887
R-409A,-20,65,1.961825967,24.7446188,12.61305499,0.9485759669,23.7313688
R-409A,-20,70,1.961825967,27.32109487,13.9263601,0.9485759669,26.30784487
R-409A,-15,20,2.406198072,8.111497458,3.37108468,1.392948072,7.098247458
R-409A,-15,25,2.406198072,9.389520832,3.902222739,1.392948072,8.376270832
R-409A,-15,30,2.406198072,10.8028573,4.489596026,1.392948072,9.789607304
R-409A,-15,35,2.406198072,12.35613309,5.135127168,1.392948072,11.34288309
R-409A,-15,40,2.406198072,14.05298572,5.840327894,1.392948072,13.03973572
R-409A,-15,45,2.406198072,15.89600647,6.606275125,1.392948072,14.88275647
R-409A,-15,50,2.406198072,17.88671536,7.43360057,1.392948072,16.87346536
R-409A,-15,55,2.406198072,20.02557249,8.322495444,1.392948072,19.01232249
R-409A,-15,60,2.406198072,22.31202887,9.272731587,1.392948072,21.29877887
R-409A,-15,65,2.406198072,24.7446188,10.28369987,1.392948072,23.7313688
R-409A,-15,70,2.406198072,27.32109487,11.35446628,1.392948072,26.30784487
R-409A,-10,20,2.927007128,8.111497458,2.771259892,1.913757128,7.098247458
R-409A,-10,25,2.927007128,9.389520832,3.207891345,1.913757128,8.376270832
R-409A,-10,30,2.927007128,10.8028573,3.690751963,1.913757128,9.789607304
R-409A,-10,35,2.927007128,12.35613309,4.221422276,1.913757128,11.34288309
R-409A,-10,40,2.927007128,14.05298572,4.801145028,1.913757128,13.03973572
R-409A,-10,45,2.927007128,15.89600647,5.430805521,1.913757128,14.88275647
R-409A,-10,50,2.927007128,17.88671536,6.110923063,1.913757128,16.87346536
R-409A,-10,55,2.927007128,20.02557249,6.841654843,1.913757128,19.01232249
R-409A,-10,60,2.927007128,22.31202887,7.622813302,1.913757128,21.29877887
R-409A,-10,65,2.927007128,24.7446188,8.453897692,1.913757128,23.7313688
R-409A,-10,70,2.927007128,27.32109487,9.334140191,1.913757128,26.30784487
R-409A,-5,20,3.532457623,8.111497458,2.296275942,2.519207623,7.098247458
R-409A,-5,25,3.532457623,9.389520832,2.658070339,2.519207623,8.376270832
R-409A,-5,30,3.532457623,10.8028573,3.058170389,2.519207623,9.789607304
R-409A,-5,35,3.532457623,12.35613309,3.497885724,2.519207623,11.34288309
R-409A,-5,40,3.532457623,14.05298572,3.978246087,2.519207623,13.03973572
R-409A,-5,45,3.532457623,15.89600647,4.499985043,2.519207623,14.88275647
R-409A,-5,50,3.532457623,17.88671536,5.063532891,2.519207623,16.87346536
R-409A,-5,55,3.532457623,20.02557249,5.66901988,2.519207623,19.01232249
R-409A,-5,60,3.532457623,22.31202887,6.316290597,2.519207623,21.29877887
R-409A,-5,65,3.532457623,24.7446188,7.00493012,2.519207623,23.7313688
R-409A,-5,70,3.532457623,27.32109487,7.73430223,2.519207623,26.30784487
R-409A,0,20,4.230793852,8.111497458,1.917251878,3.217543852,7.098247458
R-409A,0,25,4.230793852,9.389520832,2.219328372,3.217543852,8.376270832
R-409A,0,30,4.230793852,10.8028573,2.553387776,3.217543852,9.789607304
R-409A,0,35,4.230793852,12.35613309,2.920523553,3.217543852,11.34288309
R-409A,0,40,4.230793852,14.05298572,3.321595476,3.217543852,13.03973572
R-409A,0,45,4.230793852,15.89600647,3.757216028,3.217543852,14.88275647
R-409A,0,50,4.230793852,17.88671536,4.227744482,3.217543852,16.87346536
R-409A,0,55,4.230793852,20.02557249,4.733289589,3.217543852,19.01232249
R-409A,0,60,4.230793852,22.31202887,5.273721588,3.217543852,21.29877887
R-409A,0,65,4.230793852,24.7446188,5.848694044,3.217543852,23.7313688
R-409A,0,70,4.230793852,27.32109487,6.457675753,3.217543852,26.30784487
R-409A,5,20,5.030164147,8.111497458,1.612571125,4.016914147,7.098247458
R-409A,5,25,5.030164147,9.389520832,1.866643027,4.016914147,8.376270832
R-409A,5,30,5.030164147,10.8028573,2.147615264,4.016914147,9.789607304
R-409A,5,35,5.030164147,12.35613309,2.456407531,4.016914147,11.34288309
R-409A,5,40,5.030164147,14.05298572,2.793742969,4.016914147,13.03973572
R-409A,5,45,5.030164147,15.89600647,3.160136728,4.016914147,14.88275647
R-409A,5,50,5.030164147,17.88671536,3.555890989,4.016914147,16.87346536
R-409A,5,55,5.030164147,20.02557249,3.981097218,4.016914147,19.01232249
R-409A,5,60,5.030164147,22.31202887,4.435646277,4.016914147,21.29877887
R-409A,5,65,5.030164147,24.7446188,4.919246783,4.016914147,23.7313688
R-409A,5,70,5.030164147,27.32109487,5.431451951,4.016914147,26.30784487
R-409A,10,20,5.938477638,8.111497458,1.365922035,4.925227638,7.098247458
R-409A,10,25,5.938477638,9.389520832,1.581132641,4.925227638,8.376270832
R-409A,10,30,5.938477638,10.8028573,1.81912907,4.925227638,9.789607304
R-409A,10,35,5.938477638,12.35613309,2.080690346,4.925227638,11.34288309
R-409A,10,40,5.938477638,14.05298572,2.366429003,4.925227638,13.03973572
R-409A,10,45,5.938477638,15.89600647,2.676781398,4.925227638,14.88275647
R-409A,10,50,5.938477638,17.88671536,3.012003489,4.925227638,16.87346536
R-409A,10,55,5.938477638,20.02557249,3.372172754,4.925227638,19.01232249
R-409A,10,60,5.938477638,22.31202887,3.757196748,4.925227638,21.29877887
R-409A,10,65,5.938477638,24.7446188,4.166828657,4.925227638,23.7313688
R-409A,10,70,5.938477638,27.32109487,4.600690032,4.925227638,26.30784487
R-413A,-50,20,0.4955678535,8.286215669,16.72064806,0,7.272965669
R-413A,-50,25,0.4955678535,9.572180917,19.3155808,0,8.558930917
R-413A,-50,30,0.4955678535,10.98984696,22.17627087,0,9.976596956
R-413A,-50,35,0.4955678535,12.54293841,25.31023414,0,11.52968841
R-413A,-50,40,0.4955678535,14.2341804,28.72296962,0,13.2209304
R-413A,-50,45,0.4955678535,16.06527484,32.41791155,0,15.05202484
R-413A,-50,50,0.4955678535,18.03691431,36.39645749,0,17.02366431
R-413A,-50,55,0.4955678535,20.14883676,40.65807864,0,19.13558676
R-413A,-50,60,0.4955678535,22.39992333,45.20051729,0,21.38667333
R-413A,-50,65,0.4955678535,24.78834025,50.02007308,0,23.77509025
R-413A,-50,70,0.4955678535,27.31172458,55.11197787,0,26.29847458
R-413A,-45,20,0.6406985597,8.286215669,12.93309552,0,7.272965669
R-413A,-45,25,0.6406985597,9.572180917,14.94022543,0,8.558930917
R-413A,-45,30,0.6406985597,10.98984696,17.15291347,0,9.976596956
R-413A,-45,35,0.6406985597,12.54293841,19.576973,0,11.52968841
R-413A,-45,40,0.6406985597,14.2341804,22.2166574,0,13.2209304
R-413A,-45,45,0.6406985597,16.06527484,25.07462301,0,15.05202484
R-413A,-45,50,0.6406985597,18.03691431,28.15195077,0,17.02366431
R-413A,-45,55,0.6406985597,20.14883676,31.44823171,0,19.13558676
R-413A,-45,60,0.6406985597,22.39992333,34.9617195,0,21.38667333
R-413A,-45,65,0.6406985597,24.78834025,38.68955202,0,23.77509025
R-413A,-45,70,0.6406985597,27.31172458,42.62804116,0,26.29847458
R-413A,-40,20,0.8231310482,8.286215669,10.06670285,0,7.272965669
R-413A,-40,25,0.8231310482,9.572180917,11.6289878,0,8.558930917
R-413A,-40,30,0.8231310482,10.98984696,13.35127253,0,9.976596956
R-413A,-40,35,0.8231310482,12.54293841,15.238082,0,11.52968841
R-413A,-40,40,0.8231310482,14.2341804,17.29272687,0,13.2209304
R-413A,-40,45,0.8231310482,16.06527484,19.51727478,0,15.05202484
R-413A,-40,50,0.8231310482,18.03691431,21.91256708,0,17.02366431
R-413A,-40,55,0.8231310482,20.14883676,24.47828545,0,19.13558676
R-413A,-40,60,0.8231310482,22.39992333,27.2130706,0,21.38667333
R-413A,-40,65,0.8231310482,24.78834025,30.11469474,0,23.77509025
R-413A,-40,70,0.8231310482,27.31172458,33.18028719,0,26.29847458
R-413A,-35,20,1.04657776,8.286215669,7.917439091,0.03332776008,7.272965669
R-413A,-35,25,1.04657776,9.572180917,9.14617268,0.03332776008,8.558930917
R-413A,-35,30,1.04657776,10.98984696,10.50074574,0.03332776008,9.976596956
R-413A,-35,35,1.04657776,12.54293841,11.98471713,0.03332776008,11.52968841
R-413A,-35,40,1.04657776,14.2341804,13.60069069,0.03332776008,13.2209304
R-413A,-35,45,1.04657776,16.06527484,15.3502926,0.03332776008,15.05202484
R-413A,-35,50,1.04657776,18.03691431,17.2341846,0.03332776008,17.02366431
R-413A,-35,55,1.04657776,20.14883676,19.2521163,0.03332776008,19.13558676
R-413A,-35,60,1.04657776,22.39992333,21.40301866,0.03332776008,21.38667333
R-413A,-35,65,1.04657776,24.78834025,23.68513951,0.03332776008,23.77509025
R-413A,-35,70,1.04657776,27.31172458,26.09622105,0.03332776008,26.29847458
R-413A,-30,20,1.317543909,8.286215669,6.289138156,0.3042939089,7.272965669
R-413A,-30,25,1.317543909,9.572180917,7.265170331,0.3042939089,8.558930917
R-413A,-30,30,1.317543909,10.98984696,8.341161825,0.3042939089,9.976596956
R-413A,-30,35,1.317543909,12.54293841,9.51993958,0.3042939089,11.52968841
R-413A,-30,40,1.317543909,14.2341804,10.80357194,0.3042939089,13.2209304
R-413A,-30,45,1.317543909,16.06527484,12.19335062,0.3042939089,15.05202484
R-413A,-30,50,1.317543909,18.03691431,13.6898013,0.3042939089,17.02366431
R-413A,-30,55,1.317543909,20.14883676,15.29272506,0.3042939089,19.13558676
R-413A,-30,60,1.317543909,22.39992333,17.00127273,0.3042939089,21.38667333
R-413A,-30,65,1.317543909,24.78834025,18.81405248,0.3042939089,23.77509025
R-413A,-30,70,1.317543909,27.31172458,20.72927087,0.3042939089,26.29847458
R-413A,-25,20,1.642999758,8.286215669,5.04334564,0.6297497585,7.272965669
R-413A,-25,25,1.642999758,9.572180917,5.82603915,0.6297497585,8.558930917
R-413A,-25,30,1.642999758,10.98984696,6.688891401,0.6297497585,9.976596956
R-413A,-25,35,1.642999758,12.54293841,7.634169355,0.6297497585,11.52968841
R-413A,-25,40,1.642999758,14.2341804,8.663531644,0.6297497585,13.2209304
R-413A,-25,45,1.642999758,16.06527484,9.778014124,0.6297497585,15.05202484
R-413A,-25,50,1.642999758,18.03691431,10.97803832,0.6297497585,17.02366431
R-413A,-25,55,1.642999758,20.14883676,12.26344475,0.6297497585,19.13558676
R-413A,-25,60,1.642999758,22.39992333,13.63355242,0.6297497585,21.38667333
R-413A,-25,65,1.642999758,24.78834025,15.08724522,0.6297497585,23.77509025
R-413A,-25,70,1.642999758,27.31172458,16.62308496,0.6297497585,26.29847458
R-413A,-20,20,2.030310786,8.286215669,4.081254814,1.017060786,7.272965669
R-413A,-20,25,2.030310786,9.572180917,4.714638263,1.017060786,8.558930917
R-413A,-20,30,2.030310786,10.98984696,5.412889018,1.017060786,9.976596956
R-413A,-20,35,2.030310786,12.54293841,6.177841586,1.017060786,11.52968841
R-413A,-20,40,2.030310786,14.2341804,7.010838192,1.017060786,13.2209304
R-413A,-20,45,2.030310786,16.06527484,7.912717085,1.017060786,15.05202484
R-413A,-20,50,2.030310786,18.03691431,8.883819382,1.017060786,17.02366431
R-413A,-20,55,2.030310786,20.14883676,9.924016017,1.017060786,19.13558676
R-413A,-20,60,2.030310786,22.39992333,11.03275591,1.017060786,21.38667333
R-413A,-20,65,2.030310786,24.78834025,12.20913587,1.017060786,23.77509025
R-413A,-20,70,2.030310786,27.31172458,13.45199206,1.017060786,26.29847458
R-413A,-15,20,2.487149503,8.286215669,3.331611412,1.473899503,7.272965669
R-413A,-15,25,2.487149503,9.572180917,3.848655219,1.473899503,8.558930917
R-413A,-15,30,2.487149503,10.98984696,4.418651529,1.473899503,9.976596956
R-413A,-15,35,2.487149503,12.54293841,5.043097887,1.473899503,11.52968841
R-413A,-15,40,2.487149503,14.2341804,5.723089979,1.473899503,13.2209304
R-413A,-15,45,2.487149503,16.06527484,6.459312085,1.473899503,15.05202484
R-413A,-15,50,2.487149503,18.03691431,7.252042664,1.473899503,17.02366431
R-413A,-15,55,2.487149503,20.14883676,8.101176359,1.473899503,19.13558676
R-413A,-15,60,2.487149503,22.39992333,9.006263314,1.473899503,21.38667333
R-413A,-15,65,2.487149503,24.78834025,9.96656623,1.473899503,23.77509025
R-413A,-15,70,2.487149503,27.31172458,10.98113505,1.473899503,26.29847458
R-413A,-10,20,3.02139015,8.286215669,2.742517602,2.00814015,7.272965669
R-413A,-10,25,3.02139015,9.572180917,3.16813799,2.00814015,8.558930917
R-413A,-10,30,3.02139015,10.98984696,3.637347846,2.00814015,9.976596956
R-413A,-10,35,3.02139015,12.54293841,4.151379922,2.00814015,11.52968841
R-413A,-10,40,3.02139015,14.2341804,4.711136163,2.00814015,13.2209304
R-413A,-10,45,3.02139015,16.06527484,5.317179857,2.00814015,15.05202484
R-413A,-10,50,3.02139015,18.03691431,5.969740224,2.00814015,17.02366431
R-413A,-10,55,3.02139015,20.14883676,6.668730537,2.00814015,19.13558676
R-413A,-10,60,3.02139015,22.39992333,7.413780484,2.00814015,21.38667333
R-413A,-10,65,3.02139015,24.78834025,8.204283135,2.00814015,23.77509025
R-413A,-10,70,3.02139015,27.31172458,9.039456416,2.00814015,26.29847458
R-413A,-5,20,3.640988298,8.286215669,2.275814968,2.627738298,7.272965669
R-413A,-5,25,3.640988298,9.572180917,2.629006229,2.627738298,8.558930917
R-413A,-5,30,3.640988298,10.98984696,3.018369205,2.627738298,9.976596956
R-413A,-5,35,3.640988298,12.54293841,3.444926866,2.627738298,11.52968841
R-413A,-5,40,3.640988298,14.2341804,3.90942767,2.627738298,13.2209304
R-413A,-5,45,3.640988298,16.06527484,4.412339049,2.627738298,15.05202484
R-413A,-5,50,3.640988298,18.03691431,4.953851217,2.627738298,17.02366431
R-413A,-5,55,3.640988298,20.14883676,5.533892204,2.627738298,19.13558676
R-413A,-5,60,3.640988298,22.39992333,6.152154715,2.627738298,21.38667333
R-413A,-5,65,3.640988298,24.78834025,6.808135105,2.627738298,23.77509025
R-413A,-5,70,3.640988298,27.31172458,7.501184387,2.627738298,26.29847458
R-413A,0,20,4.353848253,8.286215669,1.903193494,3.340598253,7.272965669
R-413A,0,25,4.353848253,9.572180917,2.198556394,3.340598253,8.558930917
R-413A,0,30,4.353848253,10.98984696,2.524168578,3.340598253,9.976596956
R-413A,0,35,4.353848253,12.54293841,2.880885524,3.340598253,11.52968841
R-413A,0,40,4.353848253,14.2341804,3.269333144,3.340598253,13.2209304
R-413A,0,45,4.353848253,16.06527484,3.689902337,3.340598253,15.05202484
R-413A,0,50,4.353848253,18.03691431,4.142752173,3.340598253,17.02366431
R-413A,0,55,4.353848253,20.14883676,4.627822466,3.340598253,19.13558676
R-413A,0,60,4.353848253,22.39992333,5.144856234,3.340598253,21.38667333
R-413A,0,65,4.353848253,24.78834025,5.693432295,3.340598253,23.77509025
R-413A,0,70,4.353848253,27.31172458,6.27300792,3.340598253,26.29847458
R-413A,5,20,5.167681895,8.286215669,1.603468603,4.154431895,7.272965669
R-413A,5,25,5.167681895,9.572180917,1.852316205,4.154431895,8.558930917
R-413A,5,30,5.167681895,10.98984696,2.126649275,4.154431895,9.976596956
R-413A,5,35,5.167681895,12.54293841,2.427188566,4.154431895,11.52968841
R-413A,5,40,5.167681895,14.2341804,2.754461418,4.154431895,13.2209304
R-413A,5,45,5.167681895,16.06527484,3.108797169,4.154431895,15.05202484
R-413A,5,50,5.167681895,18.03691431,3.490329838,4.154431895,17.02366431
R-413A,5,55,5.167681895,20.14883676,3.899008718,4.154431895,19.13558676
R-413A,5,60,5.167681895,22.39992333,4.334617298,4.154431895,21.38667333
R-413A,5,65,5.167681895,24.78834025,4.796800723,4.154431895,23.77509025
R-413A,5,70,5.167681895,27.31172458,5.28510174,4.154431895,26.29847458
R-413A,10,20,6.089863329,8.286215669,1.360657082,5.076613329,7.272965669
R-413A,10,25,6.089863329,9.572180917,1.571821961,5.076613329,8.558930917
R-413A,10,30,6.089863329,10.98984696,1.80461307,5.076613329,9.976596956
R-413A,10,35,6.089863329,12.54293841,2.05964202,5.076613329,11.52968841
R-413A,10,40,6.089863329,14.2341804,2.337356297,5.076613329,13.2209304
R-413A,10,45,6.089863329,16.06527484,2.638035368,5.076613329,15.05202484
R-413A,10,50,6.089863329,18.03691431,2.961792956,5.076613329,17.02366431
R-413A,10,55,6.089863329,20.14883676,3.308586034,5.076613329,19.13558676
R-413A,10,60,6.089863329,22.39992333,3.678230877,5.076613329,21.38667333
R-413A,10,65,6.089863329,24.78834025,4.070426365,5.076613329,23.77509025
R-413A,10,70,6.089863329,27.31172458,4.484784486,5.076613329,26.29847458
R-426A,-50,20,0.3701736667,6.636644409,17.92846171,0,5.623394409
R-426A,-50,25,0.3701736667,7.694695672,20.78671814,0,6.681445672
R-426A,-50,30,0.3701736667,8.865557035,23.94972369,0,7.852307035
R-426A,-50,35,0.3701736667,10.1530356,27.427763,0,9.1397856
R-426A,-50,40,0.3701736667,11.56012081,31.22891187,0,10.54687081
R-426A,-50,45,0.3701736667,13.08895339,35.35895329,0,12.07570339
R-426A,-50,50,0.3701736667,14.74082583,39.82137888,0,13.72757583
R-426A,-50,55,0.3701736667,16.51621779,44.61748438,0,15.50296779
R-426A,-50,60,0.3701736667,18.41486863,49.7465657,0,17.40161863
R-426A,-50,65,0.3701736667,20.43588859,55.20621921,0,19.42263859
R-426A,-50,70,0.3701736667,22.57790878,60.99274695,0,21.56465878
R-426A,-45,20,0.4819248519,6.636644409,13.77111884,0,5.623394409
R-426A,-45,25,0.4819248519,7.694695672,15.96658824,0,6.681445672
R-426A,-45,30,0.4819248519,8.865557035,18.39613998,0,7.852307035
R-426A,-45,35,0.4819248519,10.1530356,21.06767385,0,9.1397856
R-426A,-45,40,0.4819248519,11.56012081,23.98739299,0,10.54687081
R-426A,-45,45,0.4819248519,13.08895339,27.15973941,0,12.07570339
R-426A,-45,50,0.4819248519,14.74082583,30.58739506,0,13.72757583
R-426A,-45,55,0.4819248519,16.51621779,34.27135523,0,15.50296779
R-426A,-45,60,0.4819248519,18.41486863,38.2110791,0,17.40161863
R-426A,-45,65,0.4819248519,20.43588859,42.40472039,0,19.42263859
R-426A,-45,70,0.4819248519,22.57790878,46.84943865,0,21.56465878
R-426A,-40,20,0.6229458856,6.636644409,10.65364514,0,5.623394409
R-426A,-40,25,0.6229458856,7.694695672,12.35210931,0,6.681445672
R-426A,-40,30,0.6229458856,8.865557035,14.2316648,0,7.852307035
R-426A,-40,35,0.6229458856,10.1530356,16.29842308,0,9.1397856
R-426A,-40,40,0.6229458856,11.56012081,18.55718302,0,10.54687081
R-426A,-40,45,0.6229458856,13.08895339,21.01138107,0,12.07570339
R-426A,-40,50,0.6229458856,14.74082583,23.66309205,0,13.72757583
R-426A,-40,55,0.6229458856,16.51621779,26.51308593,0,15.50296779
R-426A,-40,60,0.6229458856,18.41486863,29.56094431,0,17.40161863
R-426A,-40,65,0.6229458856,20.43588859,32.80523889,0,19.42263859
R-426A,-40,70,0.6229458856,22.57790878,36.24377222,0,21.56465878
R-426A,-35,20,0.7966990198,6.636644409,8.330177701,0,5.623394409
R-426A,-35,25,0.7966990198,7.694695672,9.658221588,0,6.681445672
R-426A,-35,30,0.7966990198,8.865557035,11.12786236,0,7.852307035
R-426A,-35,35,0.7966990198,10.1530356,12.74387861,0,9.1397856
R-426A,-35,40,0.7966990198,11.56012081,14.51002264,0,10.54687081
R-426A,-35,45,0.7966990198,13.08895339,16.42898142,0,12.07570339
R-426A,-35,50,0.7966990198,14.74082583,18.50237727,0,13.72757583
R-426A,-35,55,0.7966990198,16.51621779,20.73081224,0,15.50296779
R-426A,-35,60,0.7966990198,18.41486863,23.11395919,0,17.40161863
R-426A,-35,65,0.7966990198,20.43588859,25.65070131,0,19.42263859
R-426A,-35,70,0.7966990198,22.57790878,28.3393204,0,21.56465878
R-426A,-30,20,1.008606902,6.636644409,6.580010898,0,5.623394409
R-426A,-30,25,1.008606902,7.694695672,7.629033328,0,6.681445672
R-426A,-30,30,1.008606902,8.865557035,8.789903197,0,7.852307035
R-426A,-30,35,1.008606902,10.1530356,10.06639512,0,9.1397856
R-426A,-30,40,1.008606902,11.56012081,11.46147304,0,10.54687081
R-426A,-30,45,1.008606902,13.08895339,12.97725939,0,12.07570339
R-426A,-30,50,1.008606902,14.74082583,14.61503565,0,13.72757583
R-426A,-30,55,1.008606902,16.51621779,16.37527738,0,15.50296779
R-426A,-30,60,1.008606902,18.41486863,18.25772617,0,17.40161863
R-426A,-30,65,1.008606902,20.43588859,20.26149984,0,19.42263859
R-426A,-30,70,1.008606902,22.57790878,22.3852412,0,21.56465878
R-426A,-25,20,1.264524971,6.636644409,5.248330054,0.2512749711,5.623394409
R-426A,-25,25,1.264524971,7.694695672,6.085048416,0.2512749711,6.681445672
R-426A,-25,30,1.264524971,8.865557035,7.010978224,0.2512749711,7.852307035
R-426A,-25,35,1.264524971,10.1530356,8.029130174,0.2512749711,9.1397856
R-426A,-25,40,1.264524971,11.56012081,9.141868353,0.2512749711,10.54687081
R-426A,-25,45,1.264524971,13.08895339,10.35088566,0.2512749711,12.07570339
R-426A,-25,50,1.264524971,14.74082583,11.65720422,0.2512749711,13.72757583
R-426A,-25,55,1.264524971,16.51621779,13.06120335,0.2512749711,15.50296779
R-426A,-25,60,1.264524971,18.41486863,14.56267694,0.2512749711,17.40161863
R-426A,-25,65,1.264524971,20.43588859,16.16092134,0.2512749711,19.42263859
R-426A,-25,70,1.264524971,22.57790878,17.85485404,0.2512749711,21.56465878
R-426A,-20,20,1.570689848,6.636644409,4.225305473,0.5574398476,5.623394409
R-426A,-20,25,1.570689848,7.694695672,4.89892749,0.5574398476,6.681445672
R-426A,-20,30,1.570689848,8.865557035,5.644371515,0.5574398476,7.852307035
R-426A,-20,35,1.570689848,10.1530356,6.464061391,0.5574398476,9.1397856
R-426A,-20,40,1.570689848,11.56012081,7.359900385,0.5574398476,10.54687081
R-426A,-20,45,1.570689848,13.08895339,8.333251413,0.5574398476,12.07570339
R-426A,-20,50,1.570689848,14.74082583,9.384937362,0.5574398476,13.72757583
R-426A,-20,55,1.570689848,16.51621779,10.51526361,0.5574398476,15.50296779
R-426A,-20,60,1.570689848,18.41486863,11.72406421,0.5574398476,17.40161863
R-426A,-20,65,1.570689848,20.43588859,13.0107727,0.5574398476,19.42263859
R-426A,-20,70,1.570689848,22.57790878,14.37451755,0.5574398476,21.56465878
R-426A,-15,20,1.933651586,6.636644409,3.432182126,0.9204015856,5.623394409
R-426A,-15,25,1.933651586,7.694695672,3.979359948,0.9204015856,6.681445672
R-426A,-15,30,1.933651586,8.865557035,4.584878218,0.9204015856,7.852307035
R-426A,-15,35,1.933651586,10.1530356,5.250705802,0.9204015856,9.1397856
R-426A,-15,40,1.933651586,11.56012081,5.978388713,0.9204015856,10.54687081
R-426A,-15,45,1.933651586,13.08895339,6.769034033,0.9204015856,12.07570339
R-426A,-15,50,1.933651586,14.74082583,7.623310189,0.9204015856,13.72757583
R-426A,-15,55,1.933651586,16.51621779,8.541465234,0.9204015856,15.50296779
R-426A,-15,60,1.933651586,18.41486863,9.523364379,0.9204015856,17.40161863
R-426A,-15,65,1.933651586,20.43588859,10.56854748,0.9204015856,19.42263859
R-426A,-15,70,1.933651586,22.57790878,11.67630661,0.9204015856,21.56465878
R-426A,-10,20,2.36019048,6.636644409,2.811910507,1.34694048,5.623394409
R-426A,-10,25,2.36019048,7.694695672,3.260201131,1.34694048,6.681445672
R-426A,-10,30,2.36019048,8.865557035,3.756288787,1.34694048,7.852307035
R-426A,-10,35,2.36019048,10.1530356,4.301786524,1.34694048,9.1397856
R-426A,-10,40,2.36019048,11.56012081,4.897960953,1.34694048,10.54687081
R-426A,-10,45,2.36019048,13.08895339,5.545719086,1.34694048,12.07570339
R-426A,-10,50,2.36019048,14.74082583,6.245608547,1.34694048,13.72757583
R-426A,-10,55,2.36019048,16.51621779,6.997832561,1.34694048,15.50296779
R-426A,-10,60,2.36019048,18.41486863,7.802280701,1.34694048,17.40161863
R-426A,-10,65,2.36019048,20.43588859,8.658575977,1.34694048,19.42263859
R-426A,-10,70,2.36019048,22.57790878,9.5661384,1.34694048,21.56465878
R-426A,-5,20,2.857219867,6.636644409,2.322762937,1.843969867,5.623394409
R-426A,-5,25,2.857219867,7.694695672,2.693070898,1.843969867,6.681445672
R-426A,-5,30,2.857219867,8.865557035,3.102861329,1.843969867,7.852307035
R-426A,-5,35,2.857219867,10.1530356,3.553466682,1.843969867,9.1397856
R-426A,-5,40,2.857219867,11.56012081,4.045933233,1.843969867,10.54687081
R-426A,-5,45,2.857219867,13.08895339,4.581010213,1.843969867,12.07570339
R-426A,-5,50,2.857219867,14.74082583,5.159149985,1.843969867,13.72757583
R-426A,-5,55,2.857219867,16.51621779,5.780520422,1.843969867,15.50296779
R-426A,-5,60,2.857219867,18.41486863,6.445030305,1.843969867,17.40161863
R-426A,-5,65,2.857219867,20.43588859,7.152368226,1.843969867,19.42263859
R-426A,-5,70,2.857219867,22.57790878,7.902055086,1.843969867,21.56465878
R-426A,0,20,3.431677084,6.636644409,1.933936162,2.418427084,5.623394409
R-426A,0,25,3.431677084,7.694695672,2.242255167,2.418427084,6.681445672
R-426A,0,30,3.431677084,8.865557035,2.58344734,2.418427084,7.852307035
R-426A,0,35,3.431677084,10.1530356,2.958622083,2.418427084,9.1397856
R-426A,0,40,3.431677084,11.56012081,3.368650526,2.418427084,10.54687081
R-426A,0,45,3.431677084,13.08895339,3.814156481,2.418427084,12.07570339
R-426A,0,50,3.431677084,14.74082583,4.295516587,2.418427084,13.72757583
R-426A,0,55,3.431677084,16.51621779,4.812870614,2.418427084,15.50296779
R-426A,0,60,3.431677084,18.41486863,5.366142613,2.418427084,17.40161863
R-426A,0,65,3.431677084,20.43588859,5.955073305,2.418427084,19.42263859
R-426A,0,70,3.431677084,22.57790878,6.579263792,2.418427084,21.56465878
R-426A,5,20,4.090405466,6.636644409,1.622490598,3.077155466,5.623394409
R-426A,5,25,4.090405466,7.694695672,1.881157195,3.077155466,6.681445672
R-426A,5,30,4.090405466,8.865557035,2.16740299,3.077155466,7.852307035
R-426A,5,35,4.090405466,10.1530356,2.482158721,3.077155466,9.1397856
R-426A,5,40,4.090405466,11.56012081,2.826155233,3.077155466,10.54687081
R-426A,5,45,4.090405466,13.08895339,3.199915876,3.077155466,12.07570339
R-426A,5,50,4.090405466,14.74082583,3.603756634,3.077155466,13.72757583
R-426A,5,55,4.090405466,16.51621779,4.037794769,3.077155466,15.50296779
R-426A,5,60,4.090405466,18.41486863,4.501966562,3.077155466,17.40161863
R-426A,5,65,4.090405466,20.43588859,4.99605449,3.077155466,19.42263859
R-426A,5,70,4.090405466,22.57790878,5.519723893,3.077155466,21.56465878
R-426A,10,20,4.840030924,6.636644409,1.371198762,3.826780924,5.623394409
R-426A,10,25,4.840030924,7.694695672,1.589802998,3.826780924,6.681445672
R-426A,10,30,4.840030924,8.865557035,1.831714957,3.826780924,7.852307035
R-426A,10,35,4.840030924,10.1530356,2.097721226,3.826780924,9.1397856
R-426A,10,40,4.840030924,11.56012081,2.388439454,3.826780924,10.54687081
R-426A,10,45,4.840030924,13.08895339,2.704311935,3.826780924,12.07570339
R-426A,10,50,4.840030924,14.74082583,3.045605713,3.826780924,13.72757583
R-426A,10,55,4.840030924,16.51621779,3.41241989,3.826780924,15.50296779
R-426A,10,60,4.840030924,18.41486863,3.804700615,3.826780924,17.40161863
R-426A,10,65,4.840030924,20.43588859,4.222264055,3.826780924,19.42263859
R-426A,10,70,4.840030924,22.57790878,4.664827382,3.826780924,21.56465878
R-437A,-50,20,0.4406263007,7.581057813,17.2051868,0,6.567807813
R-437A,-50,25,0.4406263007,8.765783084,19.89391707,0,7.752533084
R-437A,-50,30,0.4406263007,10.07274149,22.86005504,0,9.059491487
R-437A,-50,35,0.4406263007,11.50546896,26.11162553,0,10.49221896
R-437A,-50,40,0.4406263007,13.06658552,29.65457463,0,12.05333552
R-437A,-50,45,0.4406263007,14.75777819,33.49273107,0,13.74452819
R-437A,-50,50,0.4406263007,16.57982027,37.62784983,0,15.56657027
R-437A,-50,55,0.4406263007,18.53262993,42.05974518,0,17.51937993
R-437A,-50,60,0.4406263007,20.61537013,46.7865175,0,19.60212013
R-437A,-50,65,0.4406263007,22.82659081,51.80487587,0,21.81334081
R-437A,-50,70,0.4406263007,25.16441281,57.11055552,0,24.15116281
R-437A,-45,20,0.5737801555,7.581057813,13.21247823,0,6.567807813
R-437A,-45,25,0.5737801555,8.765783084,15.27725035,0,7.752533084
R-437A,-45,30,0.5737801555,10.07274149,17.55505378,0,9.059491487
R-437A,-45,35,0.5737801555,11.50546896,20.05205104,0,10.49221896
R-437A,-45,40,0.5737801555,13.06658552,22.77280836,0,12.05333552
R-437A,-45,45,0.5737801555,14.75777819,25.72026594,0,13.74452819
R-437A,-45,50,0.5737801555,16.57982027,28.89577152,0,15.56657027
R-437A,-45,55,0.5737801555,18.53262993,32.29918245,0,17.51937993
R-437A,-45,60,0.5737801555,20.61537013,35.92903995,0,19.60212013
R-437A,-45,65,0.5737801555,22.82659081,39.78281681,0,21.81334081
R-437A,-45,70,0.5737801555,25.16441281,43.85723795,0,24.15116281
R-437A,-40,20,0.7389487778,7.581057813,10.2592467,0,6.567807813
R-437A,-40,25,0.7389487778,8.765783084,11.86250434,0,7.752533084
R-437A,-40,30,0.7389487778,10.07274149,13.63117687,0,9.059491487
R-437A,-40,35,0.7389487778,11.50546896,15.57004938,0,10.49221896
R-437A,-40,40,0.7389487778,13.06658552,17.68266747,0,12.05333552
R-437A,-40,45,0.7389487778,14.75777819,19.97131416,0,13.74452819
R-437A,-40,50,0.7389487778,16.57982027,22.43703592,0,15.56657027
R-437A,-40,55,0.7389487778,18.53262993,25.07972201,0,17.51937993
R-437A,-40,60,0.7389487778,20.61537013,27.8982397,0,19.60212013
R-437A,-40,65,0.7389487778,22.82659081,30.89062665,0,21.81334081
R-437A,-40,70,0.7389487778,25.16441281,34.05433985,0,24.15116281
R-437A,-35,20,0.9416782314,7.581057813,8.050581993,0,6.567807813
R-437A,-35,25,0.9416782314,8.765783084,9.308681875,0,7.752533084
R-437A,-35,30,0.9416782314,10.07274149,10.69658526,0,9.059491487
R-437A,-35,35,0.9416782314,11.50546896,12.21804708,0,10.49221896
R-437A,-35,40,0.9416782314,13.06658552,13.87584961,0,12.05333552
R-437A,-35,45,0.9416782314,14.75777819,15.67178437,0,13.74452819
R-437A,-35,50,0.9416782314,16.57982027,17.60667256,0,15.56657027
R-437A,-35,55,0.9416782314,18.53262993,19.68042725,0,17.51937993
R-437A,-35,60,0.9416782314,20.61537013,21.8921596,0,19.60212013
R-437A,-35,65,0.9416782314,22.82659081,24.24032971,0,21.81334081
R-437A,-35,70,0.9416782314,25.16441281,26.72294206,0,24.15116281
R-437A,-30,20,1.188001906,7.581057813,6.381351556,0.1747519062,6.567807813
R-437A,-30,25,1.188001906,8.765783084,7.37859345,0.1747519062,7.752533084
R-437A,-30,30,1.188001906,10.07274149,8.478725021,0.1747519062,9.059491487
R-437A,-30,35,1.188001906,11.50546896,9.684722643,0.1747519062,10.49221896
R-437A,-30,40,1.188001906,13.06658552,10.99879171,0.1747519062,12.05333552
R-437A,-30,45,1.188001906,14.75777819,12.42235228,0.1747519062,13.74452819
R-437A,-30,50,1.188001906,16.57982027,13.95605528,0.1747519062,15.56657027
R-437A,-30,55,1.188001906,18.53262993,15.59983181,0.1747519062,17.51937993
R-437A,-30,60,1.188001906,20.61537013,17.35297732,0.1747519062,19.60212013
R-437A,-30,65,1.188001906,22.82659081,19.2142712,0.1747519062,21.81334081
R-437A,-30,70,1.188001906,25.16441281,21.18213168,0.1747519062,24.15116281
R-437A,-25,20,1.48439355,7.581057813,5.107175125,0.4711435497,6.567807813
R-437A,-25,25,1.48439355,8.765783084,5.90529586,0.4711435497,7.752533084
R-437A,-25,30,1.48439355,10.07274149,6.785762097,0.4711435497,9.059491487
R-437A,-25,35,1.48439355,11.50546896,7.750955913,0.4711435497,10.49221896
R-437A,-25,40,1.48439355,13.06658552,8.802642346,0.4711435497,12.05333552
R-437A,-25,45,1.48439355,14.75777819,9.941957908,0.4711435497,13.74452819
R-437A,-25,50,1.48439355,16.57982027,11.16942355,0.4711435497,15.56657027
R-437A,-25,55,1.48439355,18.53262993,12.48498414,0.4711435497,17.51937993
R-437A,-25,60,1.48439355,20.61537013,13.8880758,0.4711435497,19.60212013
R-437A,-25,65,1.48439355,22.82659081,15.37772164,0.4711435497,21.81334081
R-437A,-25,70,1.48439355,25.16441281,16.95265573,0.4711435497,24.15116281
R-437A,-20,20,1.837702569,7.581057813,4.125290971,0.8244525685,6.567807813
R-437A,-20,25,1.837702569,8.765783084,4.769968348,0.8244525685,7.752533084
R-437A,-20,30,1.837702569,10.07274149,5.481159824,0.8244525685,9.059491487
R-437A,-20,35,1.837702569,11.50546896,6.260789509,0.8244525685,10.49221896
R-437A,-20,40,1.837702569,13.06658552,7.110283102,0.8244525685,12.05333552
R-437A,-20,45,1.837702569,14.75777819,8.030558613,0.8244525685,13.74452819
R-437A,-20,50,1.837702569,16.57982027,9.022036839,0.8244525685,15.56657027
R-437A,-20,55,1.837702569,18.53262993,10.08467325,0.8244525685,17.51937993
R-437A,-20,60,1.837702569,20.61537013,11.21801236,0.8244525685,19.60212013
R-437A,-20,65,1.837702569,22.82659081,12.42126512,0.8244525685,21.81334081
R-437A,-20,70,1.837702569,25.16441281,13.69340896,0.8244525685,24.15116281
R-437A,-15,20,2.255071967,7.581057813,3.361780876,1.241821967,6.567807813
R-437A,-15,25,2.255071967,8.765783084,3.887141169,1.241821967,7.752533084
R-437A,-15,30,2.255071967,10.07274149,4.466705113,1.241821967,9.059491487
R-437A,-15,35,2.255071967,11.50546896,5.102040701,1.241821967,10.49221896
R-437A,-15,40,2.255071967,13.06658552,5.794309764,1.241821967,12.05333552
R-437A,-15,45,2.255071967,14.75777819,6.544260407,1.241821967,13.74452819
R-437A,-15,50,2.255071967,16.57982027,7.352235544,1.241821967,15.56657027
R-437A,-15,55,2.255071967,18.53262993,8.218198886,1.241821967,17.51937993
R-437A,-15,60,2.255071967,20.61537013,9.141779255,1.241821967,19.60212013
R-437A,-15,65,2.255071967,22.82659081,10.12233363,1.241821967,21.81334081
R-437A,-15,70,2.255071967,25.16441281,11.1590287,1.241821967,24.15116281
R-437A,-10,20,2.743840074,7.581057813,2.762937201,1.730590074,6.567807813
R-437A,-10,25,2.743840074,8.765783084,3.194713558,1.730590074,7.752533084
R-437A,-10,30,2.743840074,10.07274149,3.671038113,1.730590074,9.059491487
R-437A,-10,35,2.743840074,11.50546896,4.19319955,1.730590074,10.49221896
R-437A,-10,40,2.743840074,13.06658552,4.762152738,1.730590074,12.05333552
R-437A,-10,45,2.743840074,14.75777819,5.37851252,1.730590074,13.74452819
R-437A,-10,50,2.743840074,16.57982027,6.042560728,1.730590074,15.56657027
R-437A,-10,55,2.743840074,18.53262993,6.754267534,1.730590074,17.51937993
R-437A,-10,60,2.743840074,20.61537013,7.513327882,1.730590074,19.60212013
R-437A,-10,65,2.743840074,22.82659081,8.319213292,1.730590074,21.81334081
R-437A,-10,70,2.743840074,25.16441281,9.171238898,1.730590074,24.15116281
R-437A,-5,20,3.311428008,7.581057813,2.289362111,2.298178008,6.567807813
R-437A,-5,25,3.311428008,8.765783084,2.647130804,2.298178008,7.752533084
R-437A,-5,30,3.311428008,10.07274149,3.041812011,2.298178008,9.059491487
R-437A,-5,35,3.311428008,11.50546896,3.474473531,2.298178008,10.49221896
R-437A,-5,40,3.311428008,13.06658552,3.945906566,2.298178008,12.05333552
R-437A,-5,45,3.311428008,14.75777819,4.456620575,2.298178008,13.74452819
R-437A,-5,50,3.311428008,16.57982027,5.00684908,2.298178008,15.56657027
R-437A,-5,55,3.311428008,18.53262993,5.596567368,2.298178008,17.51937993
R-437A,-5,60,3.311428008,20.61537013,6.22552267,2.298178008,19.60212013
R-437A,-5,65,3.311428008,22.82659081,6.893277088,2.298178008,21.81334081
R-437A,-5,70,3.311428008,25.16441281,7.599263144,2.298178008,24.15116281
R-437A,0,20,3.965215653,7.581057813,1.911890418,2.951965653,6.567807813
R-437A,0,25,3.965215653,8.765783084,2.210669949,2.951965653,7.752533084
R-437A,0,30,3.965215653,10.07274149,2.540275831,2.951965653,9.059491487
R-437A,0,35,3.965215653,11.50546896,2.901599804,2.951965653,10.49221896
R-437A,0,40,3.965215653,13.06658552,3.295302617,2.951965653,12.05333552
R-437A,0,45,3.965215653,14.75777819,3.721809728,2.951965653,13.74452819
R-437A,0,50,3.965215653,16.57982027,4.181316156,2.951965653,15.56657027
R-437A,0,55,3.965215653,18.53262993,4.673801263,2.951965653,17.51937993
R-437A,0,60,3.965215653,20.61537013,5.199053957,2.951965653,19.60212013
R-437A,0,65,3.965215653,22.82659081,5.75670854,2.951965653,21.81334081
R-437A,0,70,3.965215653,25.16441281,6.346291101,2.951965653,24.15116281
R-437A,5,20,4.712409649,7.581057813,1.608743377,3.699159649,6.567807813
R-437A,5,25,4.712409649,8.765783084,1.860148785,3.699159649,7.752533084
R-437A,5,30,4.712409649,10.07274149,2.137492756,3.699159649,9.059491487
R-437A,5,35,4.712409649,11.50546896,2.441525635,3.699159649,10.49221896
R-437A,5,40,4.712409649,13.06658552,2.772803405,3.699159649,12.05333552
R-437A,5,45,4.712409649,14.75777819,3.131684062,3.699159649,13.74452819
R-437A,5,50,4.712409649,16.57982027,3.518331704,3.699159649,15.56657027
R-437A,5,55,4.712409649,18.53262993,3.932728966,3.699159649,17.51937993
R-437A,5,60,4.712409649,20.61537013,4.374698225,3.699159649,19.60212013
R-437A,5,65,4.712409649,22.82659081,4.84393177,3.699159649,21.81334081
R-437A,5,70,4.712409649,25.16441281,5.34003083,3.699159649,24.15116281
R-437A,10,20,5.559907595,7.581057813,1.363522268,4.546657595,6.567807813
R-437A,10,25,5.559907595,8.765783084,1.576605894,4.546657595,7.752533084
R-437A,10,30,5.559907595,10.07274149,1.811674262,4.546657595,9.059491487
R-437A,10,35,5.559907595,11.50546896,2.069363342,4.546657595,10.49221896
R-437A,10,40,5.559907595,13.06658552,2.350144368,4.546657595,12.05333552
R-437A,10,45,5.559907595,14.75777819,2.654320767,4.546657595,13.74452819
R-437A,10,50,5.559907595,16.57982027,2.982031624,4.546657595,15.56657027
R-437A,10,55,5.559907595,18.53262993,3.333262219,4.546657595,17.51937993
R-437A,10,60,5.559907595,20.61537013,3.707862007,4.546657595,19.60212013
R-437A,10,65,5.559907595,22.82659081,4.105570178,4.546657595,21.81334081
R-437A,10,70,5.559907595,25.16441281,4.526048749,4.546657595,24.15116281
R-600,-50,20,0.09866867006,2.316359363,23.47613849,0,1.303109363
R-600,-50,25,0.09866867006,2.753769257,27.90925686,0,1.740519257
R-600,-50,30,0.09866867006,3.25320432,32.97099594,0,2.23995432
R-600,-50,35,0.09866867006,3.819887164,38.71428653,0,2.806637164
R-600,-50,40,0.09866867006,4.45896366,45.19128166,0,3.44571366
R-600,-50,45,0.09866867006,5.175429744,52.45261481,0,4.162179744
R-600,-50,50,0.09866867006,5.974057415,60.54664983,0,4.960807415
R-600,-50,55,0.09866867006,6.859321967,69.51874352,0,5.846071967
R-600,-50,60,0.09866867006,7.835332653,79.41054287,0,6.822082653
R-600,-50,65,0.09866867006,8.905769025,90.25933987,0,7.892519025
R-600,-50,70,0.09866867006,10.07382525,102.0975072,0,9.060575249
R-600,-45,20,0.1307024709,2.316359363,17.72238388,0,1.303109363
R-600,-45,25,0.1307024709,2.753769257,21.06899157,0,1.740519257
R-600,-45,30,0.1307024709,3.25320432,24.89015165,0,2.23995432
R-600,-45,35,0.1307024709,3.819887164,29.22582212,0,2.806637164
R-600,-45,40,0.1307024709,4.45896366,34.11537388,0,3.44571366
R-600,-45,45,0.1307024709,5.175429744,39.59703065,0,4.162179744
R-600,-45,50,0.1307024709,5.974057415,45.70730282,0,4.960807415
R-600,-45,55,0.1307024709,6.859321967,52.48043072,0,5.846071967
R-600,-45,60,0.1307024709,7.835332653,59.9478541,0,6.822082653
R-600,-45,65,0.1307024709,8.905769025,68.13772507,0,7.892519025
R-600,-45,70,0.1307024709,10.07382525,77.07448209,0,9.060575249
R-600,-40,20,0.1710610585,2.316359363,13.54112609,0,1.303109363
R-600,-40,25,0.1710610585,2.753769257,16.09816565,0,1.740519257
R-600,-40,30,0.1710610585,3.25320432,19.01779603,0,2.23995432
R-600,-40,35,0.1710610585,3.819887164,22.33054791,0,2.806637164
R-600,-40,40,0.1710610585,4.45896366,26.06650338,0,3.44571366
R-600,-40,45,0.1710610585,5.175429744,30.25486799,0,4.162179744
R-600,-40,50,0.1710610585,5.974057415,34.92353822,0,4.960807415
R-600,-40,55,0.1710610585,6.859321967,40.09867603,0,5.846071967
R-600,-40,60,0.1710610585,7.835332653,45.80430357,0,6.822082653
R-600,-40,65,0.1710610585,8.905769025,52.06193099,0,7.892519025
R-600,-40,70,0.1710610585,10.07382525,58.89023099,0,9.060575249
R-600,-35,20,0.2213661501,2.316359363,10.46392758,0,1.303109363
R-600,-35,25,0.2213661501,2.753769257,12.43988413,0,1.740519257
R-600,-35,30,0.2213661501,3.25320432,14.69603333,0,2.23995432
R-600,-35,35,0.2213661501,3.819887164,17.25596782,0,2.806637164
R-600,-35,40,0.2213661501,4.45896366,20.14293358,0,3.44571366
R-600,-35,45,0.2213661501,5.175429744,23.37949926,0,4.162179744
R-600,-35,50,0.2213661501,5.974057415,26.9872219,0,4.960807415
R-600,-35,55,0.2213661501,6.859321967,30.9863182,0,5.846071967
R-600,-35,60,0.2213661501,7.835332653,35.39535131,0,6.822082653
R-600,-35,65,0.2213661501,8.905769025,40.23094325,0,7.892519025
R-600,-35,70,0.2213661501,10.07382525,45.50752336,0,9.060575249
R-600,-30,20,0.2834436303,2.316359363,8.172204682,0,1.303109363
R-600,-30,25,0.2834436303,2.753769257,9.715403566,0,1.740519257
R-600,-30,30,0.2834436303,3.25320432,11.47742963,0,2.23995432
R-600,-30,35,0.2834436303,3.819887164,13.47670843,0,2.806637164
R-600,-30,40,0.2834436303,4.45896366,15.73139483,0,3.44571366
R-600,-30,45,0.2834436303,5.175429744,18.25911466,0,4.162179744
R-600,-30,50,0.2834436303,5.974057415,21.07670371,0,4.960807415
R-600,-30,55,0.2834436303,6.859321967,24.19995101,0,5.846071967
R-600,-30,60,0.2834436303,7.835332653,27.64335414,0,6.822082653
R-600,-30,65,0.2834436303,8.905769025,31.41989472,0,7.892519025
R-600,-30,70,0.2834436303,10.07382525,35.54084189,0,9.060575249
R-600,-25,20,0.3593320522,2.316359363,6.446292083,0,1.303109363
R-600,-25,25,0.3593320522,2.753769257,7.663578132,0,1.740519257
R-600,-25,30,0.3593320522,3.25320432,9.053476583,0,2.23995432
R-600,-25,35,0.3593320522,3.819887164,10.63052166,0,2.806637164
R-600,-25,40,0.3593320522,4.45896366,12.40903402,0,3.44571366
R-600,-25,45,0.3593320522,5.175429744,14.40291706,0,4.162179744
R-600,-25,50,0.3593320522,5.974057415,16.62545097,0,4.960807415
R-600,-25,55,0.3593320522,6.859321967,19.08909023,0,5.846071967
R-600,-25,60,0.3593320522,7.835332653,21.80527066,0,6.822082653
R-600,-25,65,0.3593320522,8.905769025,24.78423222,0,7.892519025
R-600,-25,70,0.3593320522,10.07382525,28.0348641,0,9.060575249
R-600,-20,20,0.4512895986,2.316359363,5.132755929,0,1.303109363
R-600,-20,25,0.4512895986,2.753769257,6.10200028,0,1.740519257
R-600,-20,30,0.4512895986,3.25320432,7.208684467,0,2.23995432
R-600,-20,35,0.4512895986,3.819887164,8.464381132,0,2.806637164
R-600,-20,40,0.4512895986,4.45896366,9.880492867,0,3.44571366
R-600,-20,45,0.4512895986,5.175429744,11.46809003,0,4.162179744
R-600,-20,50,0.4512895986,5.974057415,13.23774674,0,4.960807415
R-600,-20,55,0.4512895986,6.859321967,15.19937971,0,5.846071967
R-600,-20,60,0.4512895986,7.835332653,17.36209449,0,6.822082653
R-600,-20,65,0.4512895986,8.905769025,19.73404451,0,7.892519025
R-600,-20,70,0.4512895986,10.07382525,22.32230763,0,9.060575249
R-600,-15,20,0.5665605509,2.316359363,4.088458611,0,1.303109363
R-600,-15,25,0.5665605509,2.753769257,4.860502999,0,1.740519257
R-600,-15,30,0.5665605509,3.25320432,5.742024069,0,2.23995432
R-600,-15,35,0.5665605509,3.819887164,6.74223992,0,2.806637164
R-600,-15,40,0.5665605509,4.45896366,7.870233204,0,3.44571366
R-600,-15,45,0.5665605509,5.175429744,9.134821929,0,4.162179744
R-600,-15,50,0.5665605509,5.974057415,10.54442884,0,4.960807415
R-600,-15,55,0.5665605509,6.859321967,12.10695301,0,5.846071967
R-600,-15,60,0.5665605509,7.835332653,13.82964741,0,6.822082653
R-600,-15,65,0.5665605509,8.905769025,15.71900657,0,7.892519025
R-600,-15,70,0.5665605509,10.07382525,17.78066834,0,9.060575249
R-600,-10,20,0.7090066334,2.316359363,3.26704893,0,1.303109363
R-600,-10,25,0.7090066334,2.753769257,3.88398236,0,1.740519257
R-600,-10,30,0.7090066334,3.25320432,4.588397579,0,2.23995432
R-600,-10,35,0.7090066334,3.819887164,5.387660685,0,2.806637164
R-600,-10,40,0.7090066334,4.45896366,6.289029538,0,3.44571366
R-600,-10,45,0.7090066334,5.175429744,7.299550528,0,4.162179744
R-600,-10,50,0.7090066334,5.974057415,8.425954192,0,4.960807415
R-600,-10,55,0.7090066334,6.859321967,9.674552598,0,5.846071967
R-600,-10,60,0.7090066334,7.835332653,11.05114153,0,6.822082653
R-600,-10,65,0.7090066334,8.905769025,12.56091072,0,7.892519025
R-600,-10,70,0.7090066334,10.07382525,14.2083653,0,9.060575249
R-600,-5,20,0.8800009871,2.316359363,2.632223596,0,1.303109363
R-600,-5,25,0.8800009871,2.753769257,3.129279737,0,1.740519257
R-600,-5,30,0.8800009871,3.25320432,3.696818944,0,2.23995432
R-600,-5,35,0.8800009871,3.819887164,4.340775999,0,2.806637164
R-600,-5,40,0.8800009871,4.45896366,5.066998476,0,3.44571366
R-600,-5,45,0.8800009871,5.175429744,5.881163567,0,4.162179744
R-600,-5,50,0.8800009871,5.974057415,6.788693993,0,4.960807415
R-600,-5,55,0.8800009871,6.859321967,7.79467531,0,5.846071967
R-600,-5,60,0.8800009871,7.835332653,8.903777118,0,6.822082653
R-600,-5,65,0.8800009871,8.905769025,10.12018072,0,7.892519025
R-600,-5,70,0.8800009871,10.07382525,11.44751585,0,9.060575249
R-600,0,20,1.083651268,2.316359363,2.137550548,0.07040126844,1.303109363
R-600,0,25,1.083651268,2.753769257,2.541195066,0.07040126844,1.740519257
R-600,0,30,1.083651268,3.25320432,3.002076789,0.07040126844,2.23995432
R-600,0,35,1.083651268,3.819887164,3.525015173,0.07040126844,2.806637164
R-600,0,40,1.083651268,4.45896366,4.114758862,0.07040126844,3.44571366
R-600,0,45,1.083651268,5.175429744,4.775918135,0.07040126844,4.162179744
R-600,0,50,1.083651268,5.974057415,5.51289662,0.07040126844,4.960807415
R-600,0,55,1.083651268,6.859321967,6.329824148,0.07040126844,5.846071967
R-600,0,60,1.083651268,7.835332653,7.230492762,0.07040126844,6.822082653
R-600,0,65,1.083651268,8.905769025,8.218297975,0.07040126844,7.892519025
R-600,0,70,1.083651268,10.07382525,9.296187383,0.07040126844,9.060575249
R-600,5,20,1.324352951,2.316359363,1.749049875,0.3111029508,1.303109363
R-600,5,25,1.324352951,2.753769257,2.079331839,0.3111029508,1.740519257
R-600,5,30,1.324352951,3.25320432,2.456448123,0.3111029508,2.23995432
R-600,5,35,1.324352951,3.819887164,2.884342245,0.3111029508,2.806637164
R-600,5,40,1.324352951,4.45896366,3.366899781,0.3111029508,3.44571366
R-600,5,45,1.324352951,5.175429744,3.90789309,0.3111029508,4.162179744
R-600,5,50,1.324352951,5.974057415,4.510925438,0.3111029508,4.960807415
R-600,5,55,1.324352951,6.859321967,5.179376059,0.3111029508,5.846071967
R-600,5,60,1.324352951,7.835332653,5.91634779,0.3111029508,6.822082653
R-600,5,65,1.324352951,8.905769025,6.724619007,0.3111029508,7.892519025
R-600,5,70,1.324352951,10.07382525,7.606601581,0.3111029508,9.060575249
R-600,10,20,1.606759775,2.316359363,1.441633901,0.5935097754,1.303109363
R-600,10,25,1.606759775,2.753769257,1.713864947,0.5935097754,1.740519257
R-600,10,30,1.606759775,3.25320432,2.024698632,0.5935097754,2.23995432
R-600,10,35,1.606759775,3.819887164,2.377385358,0.5935097754,2.806637164
R-600,10,40,1.606759775,4.45896366,2.775127762,0.5935097754,3.44571366
R-600,10,45,1.606759775,5.175429744,3.221035169,0.5935097754,4.162179744
R-600,10,50,1.606759775,5.974057415,3.718077529,0.5935097754,4.960807415
R-600,10,55,1.606759775,6.859321967,4.269040134,0.5935097754,5.846071967
R-600,10,60,1.606759775,7.835332653,4.876480463,0.5935097754,6.822082653
R-600,10,65,1.606759775,8.905769025,5.542688559,0.5935097754,7.892519025
R-600,10,70,1.606759775,10.07382525,6.269652379,0.5935097754,9.060575249
R-1234yf,-50,20,0.3873759647,6.836584724,17.6484484,0,5.823334724
R-1234yf,-50,25,0.3873759647,7.911314899,20.42283368,0,6.898064899
R-1234yf,-50,30,0.3873759647,9.097388693,23.48464934,0,8.084138693
R-1234yf,-50,35,0.3873759647,10.39803476,26.84223004,0,9.384784758
R-1234yf,-50,40,0.3873759647,11.81566208,30.50179453,0,10.80241208
R-1234yf,-50,45,0.3873759647,13.35185496,34.46743262,0,12.33860496
R-1234yf,-50,50,0.3873759647,15.00740333,38.74118348,0,13.99415333
R-1234yf,-50,55,0.3873759647,16.78237107,43.32321205,0,15.76912107
R-1234yf,-50,60,0.3873759647,18.67620407,48.21208791,0,17.66295407
R-1234yf,-50,65,0.3873759647,20.68787838,53.40516775,0,19.67462838
R-1234yf,-50,70,0.3873759647,22.81608773,58.89907948,0,21.80283773
R-1234yf,-45,20,0.5059410203,6.836584724,13.51261204,0,5.823334724
R-1234yf,-45,25,0.5059410203,7.911314899,15.63683232,0,6.898064899
R-1234yf,-45,30,0.5059410203,9.097388693,17.98112493,0,8.084138693
R-1234yf,-45,35,0.5059410203,10.39803476,20.55187135,0,9.384784758
R-1234yf,-45,40,0.5059410203,11.81566208,23.35383297,0,10.80241208
R-1234yf,-45,45,0.5059410203,13.35185496,26.3901412,0,12.33860496
R-1234yf,-45,50,0.5059410203,15.00740333,29.66235732,0,13.99415333
R-1234yf,-45,55,0.5059410203,16.78237107,33.17060762,0,15.76912107
R-1234yf,-45,60,0.5059410203,18.67620407,36.9137969,0,17.66295407
R-1234yf,-45,65,0.5059410203,20.68787838,40.88990129,0,19.67462838
R-1234yf,-45,70,0.5059410203,22.81608773,45.09633894,0,21.80283773
R-1234yf,-40,20,0.6533820569,6.836584724,10.46337997,0,5.823334724
R-1234yf,-40,25,0.6533820569,7.911314899,12.10825246,0,6.898064899
R-1234yf,-40,30,0.6533820569,9.097388693,13.92353616,0,8.084138693
R-1234yf,-40,35,0.6533820569,10.39803476,15.9141725,0,9.384784758
R-1234yf,-40,40,0.6533820569,11.81566208,18.08384843,0,10.80241208
R-1234yf,-40,45,0.6533820569,13.35185496,20.43498872,0,12.33860496
R-1234yf,-40,50,0.6533820569,15.00740333,22.96880236,0,13.99415333
R-1234yf,-40,55,0.6533820569,16.78237107,25.68538711,0,15.76912107
R-1234yf,-40,60,0.6533820569,18.67620407,28.58389493,0,17.66295407
R-1234yf,-40,65,0.6533820569,20.68787838,31.66275866,0,19.67462838
R-1234yf,-40,70,0.6533820569,22.81608773,34.91997904,0,21.80283773
R-1234yf,-35,20,0.8347652439,6.836584724,8.189829145,0,5.823334724
R-1234yf,-35,25,0.8347652439,7.911314899,9.477293115,0,6.898064899
R-1234yf,-35,30,0.8347652439,9.097388693,10.89814024,0,8.084138693
R-1234yf,-35,35,0.8347652439,10.39803476,12.45623825,0,9.384784758
R-1234yf,-35,40,0.8347652439,11.81566208,14.15447297,0,10.80241208
R-1234yf,-35,45,0.8347652439,13.35185496,15.99474231,0,12.33860496
R-1234yf,-35,50,0.8347652439,15.00740333,17.97799254,0,13.99415333
R-1234yf,-35,55,0.8347652439,16.78237107,20.10430021,0,15.76912107
R-1234yf,-35,60,0.8347652439,18.67620407,22.37300151,0,17.66295407
R-1234yf,-35,65,0.8347652439,20.68787838,24.78286983,0,19.67462838
R-1234yf,-35,70,0.8347652439,22.81608773,27.33234032,0,21.80283773
R-1234yf,-30,20,1.055607527,6.836584724,6.476445599,0.04235752726,5.823334724
R-1234yf,-30,25,1.055607527,7.911314899,7.4945609,0.04235752726,6.898064899
R-1234yf,-30,30,1.055607527,9.097388693,8.618154436,0.04235752726,8.084138693
R-1234yf,-30,35,1.055607527,10.39803476,9.850284779,0.04235752726,9.384784758
R-1234yf,-30,40,1.055607527,11.81566208,11.19323402,0.04235752726,10.80241208
R-1234yf,-30,45,1.055607527,13.35185496,12.64850299,0.04235752726,12.33860496
R-1234yf,-30,50,1.055607527,15.00740333,14.21684001,0.04235752726,13.99415333
R-1234yf,-30,55,1.055607527,16.78237107,15.8983056,0.04235752726,15.76912107
R-1234yf,-30,60,1.055607527,18.67620407,17.69237485,0.04235752726,17.66295407
R-1234yf,-30,65,1.055607527,20.68787838,19.59807774,0.04235752726,19.67462838
R-1234yf,-30,70,1.055607527,22.81608773,21.61417681,0.04235752726,21.80283773
R-1234yf,-25,20,1.321832921,6.836584724,5.172049067,0.3085829207,5.823334724
R-1234yf,-25,25,1.321832921,7.911314899,5.985109597,0.3085829207,6.898064899
R-1234yf,-25,30,1.321832921,9.097388693,6.882404388,0.3085829207,8.084138693
R-1234yf,-25,35,1.321832921,10.39803476,7.866375996,0.3085829207,9.384784758
R-1234yf,-25,40,1.321832921,11.81566208,8.938846883,0.3085829207,10.80241208
R-1234yf,-25,45,1.321832921,13.35185496,10.10101561,0.3085829207,12.33860496
R-1234yf,-25,50,1.321832921,15.00740333,11.35347977,0.3085829207,13.99415333
R-1234yf,-25,55,1.321832921,16.78237107,12.69628771,0.3085829207,15.76912107
R-1234yf,-25,60,1.321832921,18.67620407,14.12902022,0.3085829207,17.66295407
R-1234yf,-25,65,1.321832921,20.68787838,15.65090266,0.3085829207,19.67462838
R-1234yf,-25,70,1.321832921,22.81608773,17.26094681,0.3085829207,21.80283773
R-1234yf,-20,20,1.639712185,6.836584724,4.169380936,0.6264621849,5.823334724
R-1234yf,-20,25,1.639712185,7.911314899,4.824819241,0.6264621849,6.898064899
R-1234yf,-20,30,1.639712185,9.097388693,5.548161913,0.6264621849,8.084138693
R-1234yf,-20,35,1.639712185,10.39803476,6.341377989,0.6264621849,9.384784758
R-1234yf,-20,40,1.639712185,11.81566208,7.205936622,0.6264621849,10.80241208
R-1234yf,-20,45,1.639712185,13.35185496,8.142804016,0.6264621849,12.33860496
R-1234yf,-20,50,1.639712185,15.00740333,9.152461917,0.6264621849,13.99415333
R-1234yf,-20,55,1.639712185,16.78237107,10.23494929,0.6264621849,15.76912107
R-1234yf,-20,60,1.639712185,18.67620407,11.38992821,0.6264621849,17.66295407
R-1234yf,-20,65,1.639712185,20.68787838,12.61677419,0.6264621849,19.67462838
R-1234yf,-20,70,1.639712185,22.81608773,13.91469061,0.6264621849,21.80283773
R-1234yf,-15,20,2.015786292,6.836584724,3.391522579,1.002536292,5.823334724
R-1234yf,-15,25,2.015786292,7.911314899,3.924679382,1.002536292,6.898064899
R-1234yf,-15,30,2.015786292,9.097388693,4.51307201,1.002536292,8.084138693
R-1234yf,-15,35,2.015786292,10.39803476,5.158302147,1.002536292,9.384784758
R-1234yf,-15,40,2.015786292,11.81566208,5.861564853,1.002536292,10.80241208
R-1234yf,-15,45,2.015786292,13.35185496,6.623646076,1.002536292,12.33860496
R-1234yf,-15,50,2.015786292,15.00740333,7.444937682,1.002536292,13.99415333
R-1234yf,-15,55,2.015786292,16.78237107,8.32547137,1.002536292,15.76912107
R-1234yf,-15,60,2.015786292,18.67620407,9.264972253,1.002536292,17.66295407
R-1234yf,-15,65,2.015786292,20.68787838,10.26293236,1.002536292,19.67462838
R-1234yf,-15,70,2.015786292,22.81608773,11.31870369,1.002536292,21.80283773
R-1234yf,-10,20,2.456774835,6.836584724,2.782747783,1.443524835,5.823334724
R-1234yf,-10,25,2.456774835,7.911314899,3.220203491,1.443524835,6.898064899
R-1234yf,-10,30,2.456774835,9.097388693,3.702980251,1.443524835,8.084138693
R-1234yf,-10,35,2.456774835,10.39803476,4.232392245,1.443524835,9.384784758
R-1234yf,-10,40,2.456774835,11.81566208,4.809420023,1.443524835,10.80241208
R-1234yf,-10,45,2.456774835,13.35185496,5.434708454,1.443524835,12.33860496
R-1234yf,-10,50,2.456774835,15.00740333,6.108579067,1.443524835,13.99415333
R-1234yf,-10,55,2.456774835,16.78237107,6.831057868,1.443524835,15.76912107
R-1234yf,-10,60,2.456774835,18.67620407,7.601919313,1.443524835,17.66295407
R-1234yf,-10,65,2.456774835,20.68787838,8.420746616,1.443524835,19.67462838
R-1234yf,-10,70,2.456774835,22.81608773,9.287008077,1.443524835,21.80283773
R-1234yf,-5,20,2.969471318,6.836584724,2.302290203,1.956221318,5.823334724
R-1234yf,-5,25,2.969471318,7.911314899,2.66421664,1.956221318,6.898064899
R-1234yf,-5,30,2.969471318,9.097388693,3.063639186,1.956221318,8.084138693
R-1234yf,-5,35,2.969471318,10.39803476,3.501645122,1.956221318,9.384784758
R-1234yf,-5,40,2.969471318,11.81566208,3.979045701,1.956221318,10.80241208
R-1234yf,-5,45,2.969471318,13.35185496,4.496374449,1.956221318,12.33860496
R-1234yf,-5,50,2.969471318,15.00740333,5.053897384,1.956221318,13.99415333
R-1234yf,-5,55,2.969471318,16.78237107,5.651636021,1.956221318,15.76912107
R-1234yf,-5,60,2.969471318,18.67620407,6.289403757,1.956221318,17.66295407
R-1234yf,-5,65,2.969471318,20.68787838,6.966855766,1.956221318,19.67462838
R-1234yf,-5,70,2.969471318,22.81608773,7.683552151,1.956221318,21.80283773
R-1234yf,0,20,3.56062806,6.836584724,1.92005023,2.54737806,5.823334724
R-1234yf,0,25,3.56062806,7.911314899,2.221887478,2.54737806,6.898064899
R-1234yf,0,30,3.56062806,9.097388693,2.554995507,2.54737806,8.084138693
R-1234yf,0,35,3.56062806,10.39803476,2.920281081,2.54737806,9.384784758
R-1234yf,0,40,3.56062806,11.81566208,3.318420763,2.54737806,10.80241208
R-1234yf,0,45,3.56062806,13.35185496,3.749859503,2.54737806,12.33860496
R-1234yf,0,50,3.56062806,15.00740333,4.214819149,2.54737806,13.99415333
R-1234yf,0,55,3.56062806,16.78237107,4.713317646,2.54737806,15.76912107
R-1234yf,0,60,3.56062806,18.67620407,5.245199373,2.54737806,17.66295407
R-1234yf,0,65,3.56062806,20.68787838,5.810176753,2.54737806,19.67462838
R-1234yf,0,70,3.56062806,22.81608773,6.407882922,2.54737806,21.80283773
R-1234yf,5,20,4.23683413,6.836584724,1.613606885,3.22358413,5.823334724
R-1234yf,5,25,4.23683413,7.911314899,1.867270385,3.22358413,6.898064899
R-1234yf,5,30,4.23683413,9.097388693,2.147213795,3.22358413,8.084138693
R-1234yf,5,35,4.23683413,10.39803476,2.454199159,3.22358413,9.384784758
R-1234yf,5,40,4.23683413,11.81566208,2.788795058,3.22358413,10.80241208
R-1234yf,5,45,4.23683413,13.35185496,3.151375427,3.22358413,12.33860496
R-1234yf,5,50,4.23683413,15.00740333,3.542126707,3.22358413,13.99415333
R-1234yf,5,55,4.23683413,16.78237107,3.961063981,3.22358413,15.76912107
R-1234yf,5,60,4.23683413,18.67620407,4.408056462,3.22358413,17.66295407
R-1234yf,5,65,4.23683413,20.68787838,4.882862473,3.22358413,19.67462838
R-1234yf,5,70,4.23683413,22.81608773,5.385173701,3.22358413,21.80283773
R-1234yf,10,20,5.004390446,6.836584724,1.366117372,3.991140446,5.823334724
R-1234yf,10,25,5.004390446,7.911314899,1.580874831,3.991140446,6.898064899
R-1234yf,10,30,5.004390446,9.097388693,1.817881477,3.991140446,8.084138693
R-1234yf,10,35,5.004390446,10.39803476,2.077782473,3.991140446,9.384784758
R-1234yf,10,40,5.004390446,11.81566208,2.361059196,3.991140446,10.80241208
R-1234yf,10,45,5.004390446,13.35185496,2.668028226,3.991140446,12.33860496
R-1234yf,10,50,5.004390446,15.00740333,2.99884741,3.991140446,13.99415333
R-1234yf,10,55,5.004390446,16.78237107,3.353529515,3.991140446,15.76912107
R-1234yf,10,60,5.004390446,18.67620407,3.731963816,3.991140446,17.66295407
R-1234yf,10,65,5.004390446,20.68787838,4.133945702,3.991140446,19.67462838
R-1234yf,10,70,5.004390446,22.81608773,4.55921415,3.991140446,21.80283773
R-415B,-50,20,0.3953799641,6.975679868,17.64297764,0,5.962429868
R-415B,-50,25,0.3953799641,8.082962854,20.44353176,0,7.069712854
R-415B,-50,30,0.3953799641,9.30769678,23.54114428,0,8.29444678
R-415B,-50,35,0.3953799641,10.65378094,26.94567734,0,9.640530941
R-415B,-50,40,0.3953799641,12.12425684,30.66482356,0,11.11100684
R-415B,-50,45,0.3953799641,13.72127451,34.70402082,0,12.70802451
R-415B,-50,50,0.3953799641,15.44609117,39.06644891,0,14.43284117
R-415B,-50,55,0.3953799641,17.2991056,43.75311642,0,16.2858556
R-415B,-50,60,0.3953799641,19.27993062,48.76304407,0,18.26668062
R-415B,-50,65,0.3953799641,21.38750512,54.09354813,0,20.37425512
R-415B,-50,70,0.3953799641,23.62024606,59.74062472,0,22.60699606
R-415B,-45,20,0.512930318,6.975679868,13.59966378,0,5.962429868
R-415B,-45,25,0.512930318,8.082962854,15.75840338,0,7.069712854
R-415B,-45,30,0.512930318,9.30769678,18.14612327,0,8.29444678
R-415B,-45,35,0.512930318,10.65378094,20.77042547,0,9.640530941
R-415B,-45,40,0.512930318,12.12425684,23.63723963,0,11.11100684
R-415B,-45,45,0.512930318,13.72127451,26.75075742,0,12.70802451
R-415B,-45,50,0.512930318,15.44609117,30.11342989,0,14.43284117
R-415B,-45,55,0.512930318,17.2991056,33.7260345,0,16.2858556
R-415B,-45,60,0.512930318,19.27993062,37.5878164,0,18.26668062
R-415B,-45,65,0.512930318,21.38750512,41.69670688,0,20.37425512
R-415B,-45,70,0.512930318,23.62024606,46.04961967,0,22.60699606
R-415B,-40,20,0.6621178201,6.975679868,10.53540572,0,5.962429868
R-415B,-40,25,0.6621178201,8.082962854,12.20774099,0,7.069712854
R-415B,-40,30,0.6621178201,9.30769678,14.05746303,0,8.29444678
R-415B,-40,35,0.6621178201,10.65378094,16.09046097,0,9.640530941
R-415B,-40,40,0.6621178201,12.12425684,18.31132839,0,11.11100684
R-415B,-40,45,0.6621178201,13.72127451,20.72331251,0,12.70802451
R-415B,-40,50,0.6621178201,15.44609117,23.32831212,0,14.43284117
R-415B,-40,55,0.6621178201,17.2991056,26.12692949,0,16.2858556
R-415B,-40,60,0.6621178201,19.27993062,29.11857985,0,18.26668062
R-415B,-40,65,0.6621178201,21.38750512,32.30166063,0,20.37425512
R-415B,-40,70,0.6621178201,23.62024606,35.67378092,0,22.60699606
R-415B,-35,20,0.8457077826,6.975679868,8.248333539,0,5.962429868
R-415B,-35,25,0.8457077826,8.082962854,9.557630922,0,7.069712854
R-415B,-35,30,0.8457077826,9.30769678,11.00580717,0,8.29444678
R-415B,-35,35,0.8457077826,10.65378094,12.59747298,0,9.640530941
R-415B,-35,40,0.8457077826,12.12425684,14.33622474,0,11.11100684
R-415B,-35,45,0.8457077826,13.72127451,16.22460475,0,12.70802451
R-415B,-35,50,0.8457077826,15.44609117,18.2640996,0,14.43284117
R-415B,-35,55,0.8457077826,17.2991056,20.45518081,0,16.2858556
R-415B,-35,60,0.8457077826,19.27993062,22.79739056,0,18.26668062
R-415B,-35,65,0.8457077826,21.38750512,25.28947417,0,20.37425512
R-415B,-35,70,0.8457077826,23.62024606,27.92955977,0,22.60699606
R-415B,-30,20,1.069356505,6.975679868,6.523250044,0.05610650496,5.962429868
R-415B,-30,25,1.069356505,8.082962854,7.558716683,0.05610650496,7.069712854
R-415B,-30,30,1.069356505,9.30769678,8.704016609,0.05610650496,8.29444678
R-415B,-30,35,1.069356505,10.65378094,9.962796216,0.05610650496,9.640530941
R-415B,-30,40,1.069356505,12.12425684,11.33789974,0.05610650496,11.11100684
R-415B,-30,45,1.069356505,13.72127451,12.83133777,0.05610650496,12.70802451
R-415B,-30,50,1.069356505,15.44609117,14.44428598,0.05610650496,14.43284117
R-415B,-30,55,1.069356505,17.2991056,16.17711729,0.05610650496,16.2858556
R-415B,-30,60,1.069356505,19.27993062,18.02946962,0.05610650496,18.26668062
R-415B,-30,65,1.069356505,21.38750512,20.0003507,0.05610650496,20.37425512
R-415B,-30,70,1.069356505,23.62024606,22.08828015,0.05610650496,22.60699606
R-415B,-25,20,1.3391656,6.975679868,5.208974802,0.3259156002,5.962429868
R-415B,-25,25,1.3391656,8.082962854,6.035820255,0.3259156002,7.069712854
R-415B,-25,30,1.3391656,9.30769678,6.950370275,0.3259156002,8.29444678
R-415B,-25,35,1.3391656,10.65378094,7.955536596,0.3259156002,9.640530941
R-415B,-25,40,1.3391656,12.12425684,9.053590414,0.3259156002,11.11100684
R-415B,-25,45,1.3391656,13.72127451,10.24613723,0.3259156002,12.70802451
R-415B,-25,50,1.3391656,15.44609117,11.53411585,0.3259156002,14.43284117
R-415B,-25,55,1.3391656,17.2991056,12.91782405,0.3259156002,16.2858556
R-415B,-25,60,1.3391656,19.27993062,14.39697272,0.3259156002,18.26668062
R-415B,-25,65,1.3391656,21.38750512,15.9707695,0.3259156002,20.37425512
R-415B,-25,70,1.3391656,23.62024606,17.63803226,0.3259156002,22.60699606
R-415B,-20,20,1.661627727,6.975679868,4.198100304,0.6483777274,5.962429868
R-415B,-20,25,1.661627727,8.082962854,4.864484819,0.6483777274,7.069712854
R-415B,-20,30,1.661627727,9.30769678,5.601553601,0.6483777274,8.29444678
R-415B,-20,35,1.661627727,10.65378094,6.411653324,0.6483777274,9.640530941
R-415B,-20,40,1.661627727,12.12425684,7.296614422,0.6483777274,11.11100684
R-415B,-20,45,1.661627727,13.72127451,8.257730827,0.6483777274,12.70802451
R-415B,-20,50,1.661627727,15.44609117,9.295759162,0.6483777274,14.43284117
R-415B,-20,55,1.661627727,17.2991056,10.41093942,0.6483777274,16.2858556
R-415B,-20,60,1.661627727,19.27993062,11.60303857,0.6483777274,18.26668062
R-415B,-20,65,1.661627727,21.38750512,12.87141805,0.6483777274,20.37425512
R-415B,-20,70,1.661627727,23.62024606,14.21512513,0.6483777274,22.60699606
R-415B,-15,20,2.043555675,6.975679868,3.413501258,1.030305675,5.962429868
R-415B,-15,25,2.043555675,8.082962854,3.955342618,1.030305675,7.069712854
R-415B,-15,30,2.043555675,9.30769678,4.554657793,1.030305675,8.29444678
R-415B,-15,35,2.043555675,10.65378094,5.213354875,1.030305675,9.640530941
R-415B,-15,40,2.043555675,12.12425684,5.932922204,1.030305675,11.11100684
R-415B,-15,45,2.043555675,13.72127451,6.714411883,1.030305675,12.70802451
R-415B,-15,50,2.043555675,15.44609117,7.558439126,1.030305675,14.43284117
R-415B,-15,55,2.043555675,17.2991056,8.465199071,1.030305675,16.2858556
R-415B,-15,60,2.043555675,19.27993062,9.434502251,1.030305675,18.26668062
R-415B,-15,65,2.043555675,21.38750512,10.46582943,1.030305675,20.37425512
R-415B,-15,70,2.043555675,23.62024606,11.55840594,1.030305675,22.60699606
R-415B,-10,20,2.491995539,6.975679868,2.799234492,1.478745539,5.962429868
R-415B,-10,25,2.491995539,8.082962854,3.243570354,1.478745539,7.069712854
R-415B,-10,30,2.491995539,9.30769678,3.735037496,1.478745539,8.29444678
R-415B,-10,35,2.491995539,10.65378094,4.275200646,1.478745539,9.640530941
R-415B,-10,40,2.491995539,12.12425684,4.865280314,1.478745539,11.11100684
R-415B,-10,45,2.491995539,13.72127451,5.506139273,1.478745539,12.70802451
R-415B,-10,50,2.491995539,15.44609117,6.19828203,1.478745539,14.43284117
R-415B,-10,55,2.491995539,17.2991056,6.941868606,1.478745539,16.2858556
R-415B,-10,60,2.491995539,19.27993062,7.73674363,1.478745539,18.26668062
R-415B,-10,65,2.491995539,21.38750512,8.582481301,1.478745539,20.37425512
R-415B,-10,70,2.491995539,23.62024606,9.478446364,1.478745539,22.60699606
R-415B,-5,20,3.014125489,6.975679868,2.31432961,2.000875489,5.962429868
R-415B,-5,25,3.014125489,8.082962854,2.681694204,2.000875489,7.069712854
R-415B,-5,30,3.014125489,9.30769678,3.088025636,2.000875489,8.29444678
R-415B,-5,35,3.014125489,10.65378094,3.53461758,2.000875489,9.640530941
R-415B,-5,40,3.014125489,12.12425684,4.022479119,2.000875489,11.11100684
R-415B,-5,45,3.014125489,13.72127451,4.552323571,2.000875489,12.70802451
R-415B,-5,50,3.014125489,15.44609117,5.124568048,2.000875489,14.43284117
R-415B,-5,55,3.014125489,17.2991056,5.739344851,2.000875489,16.2858556
R-415B,-5,60,3.014125489,19.27993062,6.396525523,2.000875489,18.26668062
R-415B,-5,65,3.014125489,21.38750512,7.095758024,2.000875489,20.37425512
R-415B,-5,70,3.014125489,23.62024606,7.836517142,2.000875489,22.60699606
R-415B,0,20,3.617142349,6.975679868,1.928505763,2.603892349,5.962429868
R-415B,0,25,3.617142349,8.082962854,2.234626695,2.603892349,7.069712854
R-415B,0,30,3.617142349,9.30769678,2.573218271,2.603892349,8.29444678
R-415B,0,35,3.617142349,10.65378094,2.945358494,2.603892349,9.640530941
R-415B,0,40,3.617142349,12.12425684,3.351888223,2.603892349,11.11100684
R-415B,0,45,3.617142349,13.72127451,3.793401858,2.603892349,12.70802451
R-415B,0,50,3.617142349,15.44609117,4.270246974,2.603892349,14.43284117
R-415B,0,55,3.617142349,17.2991056,4.782533816,2.603892349,16.2858556
R-415B,0,60,3.617142349,19.27993062,5.330155342,2.603892349,18.26668062
R-415B,0,65,3.617142349,21.38750512,5.912818202,2.603892349,20.37425512
R-415B,0,70,3.617142349,23.62024606,6.530084741,2.603892349,22.60699606
R-415B,5,20,4.308138986,6.975679868,1.619186357,3.294888986,5.962429868
R-415B,5,25,4.308138986,8.082962854,1.876207541,3.294888986,7.069712854
R-415B,5,30,4.308138986,9.30769678,2.160491296,3.294888986,8.29444678
R-415B,5,35,4.308138986,10.65378094,2.47294272,3.294888986,9.640530941
R-415B,5,40,4.308138986,12.12425684,2.814267803,3.294888986,11.11100684
R-415B,5,45,4.308138986,13.72127451,3.184965609,3.294888986,12.70802451
R-415B,5,50,4.308138986,15.44609117,3.585327962,3.294888986,14.43284117
R-415B,5,55,4.308138986,17.2991056,4.015447426,3.294888986,16.2858556
R-415B,5,60,4.308138986,19.27993062,4.475234128,3.294888986,18.26668062
R-415B,5,65,4.308138986,21.38750512,4.964441767,3.294888986,20.37425512
R-415B,5,70,4.308138986,23.62024606,5.482702888,3.294888986,22.60699606
R-415B,10,20,5.093976105,6.975679868,1.369397838,4.080726105,5.962429868
R-415B,10,25,5.093976105,8.082962854,1.586768899,4.080726105,7.069712854
R-415B,10,30,5.093976105,9.30769678,1.827196789,4.080726105,8.29444678
R-415B,10,35,5.093976105,10.65378094,2.09144698,4.080726105,9.640530941
R-415B,10,40,5.093976105,12.12425684,2.380116551,4.080726105,11.11100684
R-415B,10,45,5.093976105,13.72127451,2.693627576,4.080726105,12.70802451
R-415B,10,50,5.093976105,15.44609117,3.03222686,4.080726105,14.43284117
R-415B,10,55,5.093976105,17.2991056,3.395992687,4.080726105,16.2858556
R-415B,10,60,5.093976105,19.27993062,3.784849049,4.080726105,18.26668062
R-415B,10,65,5.093976105,21.38750512,4.198587641,4.080726105,20.37425512
R-415B,10,70,5.093976105,23.62024606,4.636897695,4.080726105,22.60699606
R-424A,-50,20,0.6069440853,9.535641706,15.71090639,0,8.522391706
R-424A,-50,25,0.6069440853,10.95720205,18.05306669,0,9.943952051
R-424A,-50,30,0.6069440853,12.51332103,20.61692557,0,11.50007103
R-424A,-50,35,0.6069440853,14.20618817,23.40609047,0,13.19293817
R-424A,-50,40,0.6069440853,16.03696377,26.4224731,0,15.02371377
R-424A,-50,45,0.6069440853,18.00583084,29.666375,0,16.99258084
R-424A,-50,50,0.6069440853,20.11209509,33.13665224,0,19.09884509
R-424A,-50,55,0.6069440853,22.35433427,36.83096155,0,21.34108427
R-424A,-50,60,0.6069440853,24.73059699,40.7460878,0,23.71734699
R-424A,-50,65,0.6069440853,27.2386491,44.87835002,0,26.2253991
R-424A,-50,70,0.6069440853,29.87626442,49.22408034,0,28.86301442
R-424A,-45,20,0.7850649414,9.535641706,12.14630944,0,8.522391706
R-424A,-45,25,0.7850649414,10.95720205,13.95706453,0,9.943952051
R-424A,-45,30,0.7850649414,12.51332103,15.93921773,0,11.50007103
R-424A,-45,35,0.7850649414,14.20618817,18.09555799,0,13.19293817
R-424A,-45,40,0.7850649414,16.03696377,20.42756328,0,15.02371377
R-424A,-45,45,0.7850649414,18.00583084,22.93546673,0,16.99258084
R-424A,-45,50,0.7850649414,20.11209509,25.61838394,0,19.09884509
R-424A,-45,55,0.7850649414,22.35433427,28.47450331,0,21.34108427
R-424A,-45,60,0.7850649414,24.73059699,31.50133918,0,23.71734699
R-424A,-45,65,0.7850649414,27.2386491,34.69604572,0,26.2253991
R-424A,-45,70,0.7850649414,29.87626442,38.05578729,0,28.86301442
R-424A,-40,20,1.004346266,9.535641706,9.494376619,0,8.522391706
R-424A,-40,25,1.004346266,10.95720205,10.90978522,0,9.943952051
R-424A,-40,30,1.004346266,12.51332103,12.45917016,0,11.50007103
R-424A,-40,35,1.004346266,14.20618817,14.14471149,0,13.19293817
R-424A,-40,40,1.004346266,16.03696377,15.96756448,0,15.02371377
R-424A,-40,45,1.004346266,18.00583084,17.92791137,0,16.99258084
R-424A,-40,50,1.004346266,20.11209509,20.02506084,0,19.09884509
R-424A,-40,55,1.004346266,22.35433427,22.25759683,0,21.34108427
R-424A,-40,60,1.004346266,24.73059699,24.62357638,0,23.71734699
R-424A,-40,65,1.004346266,27.2386491,27.120775,0,26.2253991
R-424A,-40,70,1.004346266,29.87626442,29.74697614,0,28.86301442
R-424A,-35,20,1.271458045,9.535641706,7.49976906,0.2582080448,8.522391706
R-424A,-35,25,1.271458045,10.95720205,8.617824312,0.2582080448,9.943952051
R-424A,-35,30,1.271458045,12.51332103,9.841709747,0.2582080448,11.50007103
R-424A,-35,35,1.271458045,14.20618817,11.17314742,0.2582080448,13.19293817
R-424A,-35,40,1.271458045,16.03696377,12.6130499,0.2582080448,15.02371377
R-424A,-35,45,1.271458045,18.00583084,14.16156114,0.2582080448,16.99258084
R-424A,-35,50,1.271458045,20.11209509,15.81813507,0.2582080448,19.09884509
R-424A,-35,55,1.271458045,22.35433427,17.5816531,0.2582080448,21.34108427
R-424A,-35,60,1.271458045,24.73059699,19.45058045,0.2582080448,23.71734699
R-424A,-35,65,1.271458045,27.2386491,21.42315998,0.2582080448,26.2253991
R-424A,-35,70,1.271458045,29.87626442,23.49764079,0.2582080448,28.86301442
R-424A,-30,20,1.593542696,9.535641706,5.983926083,0.5802926964,8.522391706
R-424A,-30,25,1.593542696,10.95720205,6.87600155,0.5802926964,9.943952051
R-424A,-30,30,1.593542696,12.51332103,7.852516949,0.5802926964,11.50007103
R-424A,-30,35,1.593542696,14.20618817,8.914846277,0.5802926964,13.19293817
R-424A,-30,40,1.593542696,16.03696377,10.06371766,0.5802926964,15.02371377
R-424A,-30,45,1.593542696,18.00583084,11.29924594,0.5802926964,16.99258084
R-424A,-30,50,1.593542696,20.11209509,12.62099543,0.5802926964,19.09884509
R-424A,-30,55,1.593542696,22.35433427,14.02807363,0.5802926964,21.34108427
R-424A,-30,60,1.593542696,24.73059699,15.51925596,0.5802926964,23.71734699
R-424A,-30,65,1.593542696,27.2386491,17.09314044,0.5802926964,26.2253991
R-424A,-30,70,1.593542696,29.87626442,18.74833005,0.5802926964,28.86301442
R-424A,-25,20,1.978135258,9.535641706,4.820520573,0.9648852579,8.522391706
R-424A,-25,25,1.978135258,10.95720205,5.539157147,0.9648852579,9.943952051
R-424A,-25,30,1.978135258,12.51332103,6.325816692,0.9648852579,11.50007103
R-424A,-25,35,1.978135258,14.20618817,7.181606069,0.9648852579,13.19293817
R-424A,-25,40,1.978135258,16.03696377,8.107111839,0.9648852579,15.02371377
R-424A,-25,45,1.978135258,18.00583084,9.102426525,0.9648852579,16.99258084
R-424A,-25,50,1.978135258,20.11209509,10.16719914,0.9648852579,19.09884509
R-424A,-25,55,1.978135258,22.35433427,11.3007107,0.9648852579,21.34108427
R-424A,-25,60,1.978135258,24.73059699,12.50197472,0.9648852579,23.71734699
R-424A,-25,65,1.978135258,27.2386491,13.76986179,0.9648852579,26.2253991
R-424A,-25,70,1.978135258,29.87626442,15.1032465,0.9648852579,28.86301442
R-424A,-20,20,2.433063482,9.535641706,3.919191495,1.419813482,8.522391706
R-424A,-20,25,2.433063482,10.95720205,4.50345917,1.419813482,9.943952051
R-424A,-20,30,2.433063482,12.51332103,5.143031049,1.419813482,11.50007103
R-424A,-20,35,2.433063482,14.20618817,5.838807034,1.419813482,13.19293817
R-424A,-20,40,2.433063482,16.03696377,6.591264012,1.419813482,15.02371377
R-424A,-20,45,2.433063482,18.00583084,7.400477206,1.419813482,16.99258084
R-424A,-20,50,2.433063482,20.11209509,8.266161255,1.419813482,19.09884509
R-424A,-20,55,2.433063482,22.35433427,9.187731614,1.419813482,21.34108427
R-424A,-20,60,2.433063482,24.73059699,10.16438625,1.419813482,23.71734699
R-424A,-20,65,2.433063482,27.2386491,11.19520691,1.419813482,26.2253991
R-424A,-20,70,2.433063482,29.87626442,12.27927863,1.419813482,28.86301442
R-424A,-15,20,2.966329542,9.535641706,3.214626551,1.953079542,8.522391706
R-424A,-15,25,2.966329542,10.95720205,3.693858654,1.953079542,9.943952051
R-424A,-15,30,2.966329542,12.51332103,4.218452756,1.953079542,11.50007103
R-424A,-15,35,2.966329542,14.20618817,4.789146982,1.953079542,13.19293817
R-424A,-15,40,2.966329542,16.03696377,5.406332487,1.953079542,15.02371377
R-424A,-15,45,2.966329542,18.00583084,6.07007097,1.953079542,16.99258084
R-424A,-15,50,2.966329542,20.11209509,6.780128372,1.953079542,19.09884509
R-424A,-15,55,2.966329542,22.35433427,7.536025231,1.953079542,21.34108427
R-424A,-15,60,2.966329542,24.73059699,8.337103698,1.953079542,23.71734699
R-424A,-15,65,2.966329542,27.2386491,9.182610603,1.953079542,26.2253991
R-424A,-15,70,2.966329542,29.87626442,10.07179546,1.953079542,28.86301442
R-424A,-10,20,3.585976042,9.535641706,2.659148191,2.572726042,8.522391706
R-424A,-10,25,3.585976042,10.95720205,3.055570344,2.572726042,9.943952051
R-424A,-10,30,3.585976042,12.51332103,3.489516072,2.572726042,11.50007103
R-424A,-10,35,3.585976042,14.20618817,3.961595952,2.572726042,13.19293817
R-424A,-10,40,3.585976042,16.03696377,4.47213355,2.572726042,15.02371377
R-424A,-10,45,3.585976042,18.00583084,5.021179904,2.572726042,16.99258084
R-424A,-10,50,3.585976042,20.11209509,5.608541398,2.572726042,19.09884509
R-424A,-10,55,3.585976042,22.35433427,6.233821422,2.572726042,21.34108427
R-424A,-10,60,3.585976042,24.73059699,6.896475799,2.572726042,23.71734699
R-424A,-10,65,3.585976042,27.2386491,7.595881507,2.572726042,26.2253991
R-424A,-10,70,3.585976042,29.87626442,8.331417741,2.572726042,28.86301442
R-424A,-5,20,4.299940014,9.535641706,2.217622031,3.286690014,8.522391706
R-424A,-5,25,4.299940014,10.95720205,2.548222072,3.286690014,9.943952051
R-424A,-5,30,4.299940014,12.51332103,2.910115256,3.286690014,11.50007103
R-424A,-5,35,4.299940014,14.20618817,3.303810781,3.286690014,13.19293817
R-424A,-5,40,4.299940014,16.03696377,3.729578487,3.286690014,15.02371377
R-424A,-5,45,4.299940014,18.00583084,4.187460938,3.286690014,16.99258084
R-424A,-5,50,4.299940014,20.11209509,4.677296665,3.286690014,19.09884509
R-424A,-5,55,4.299940014,22.35433427,5.198754913,3.286690014,21.34108427
R-424A,-5,60,4.299940014,24.73059699,5.75138186,3.286690014,23.71734699
R-424A,-5,65,4.299940014,27.2386491,6.33465793,3.286690014,26.2253991
R-424A,-5,70,4.299940014,29.87626442,6.948065397,3.286690014,28.86301442
R-424A,0,20,5.115899473,9.535641706,1.863922807,4.102649473,8.522391706
R-424A,0,25,5.115899473,10.95720205,2.141793854,4.102649473,9.943952051
R-424A,0,30,5.115899473,12.51332103,2.44596695,4.102649473,11.50007103
R-424A,0,35,5.115899473,14.20618817,2.776870079,4.102649473,13.19293817
R-424A,0,40,5.115899473,16.03696377,3.134730042,4.102649473,15.02371377
R-424A,0,45,5.115899473,18.00583084,3.519582614,4.102649473,16.99258084
R-424A,0,50,5.115899473,20.11209509,3.931292081,4.102649473,19.09884509
R-424A,0,55,5.115899473,22.35433427,4.36958044,4.102649473,21.34108427
R-424A,0,60,5.115899473,24.73059699,4.834066252,4.102649473,23.71734699
R-424A,0,65,5.115899473,27.2386491,5.324312811,4.102649473,26.2253991
R-424A,0,70,5.115899473,29.87626442,5.839884965,4.102649473,28.86301442
R-424A,5,20,6.041117928,9.535641706,1.578456474,5.027867928,8.522391706
R-424A,5,25,6.041117928,10.95720205,1.813770594,5.027867928,9.943952051
R-424A,5,30,6.041117928,12.51332103,2.07135851,5.027867928,11.50007103
R-424A,5,35,6.041117928,14.20618817,2.351582661,5.027867928,13.19293817
R-424A,5,40,6.041117928,16.03696377,2.654635112,5.027867928,15.02371377
R-424A,5,45,6.041117928,18.00583084,2.98054616,5.027867928,16.99258084
R-424A,5,50,6.041117928,20.11209509,3.329200874,5.027867928,19.09884509
R-424A,5,55,6.041117928,22.35433427,3.70036383,5.027867928,21.34108427
R-424A,5,60,6.041117928,24.73059699,4.093712006,5.027867928,23.71734699
R-424A,5,65,6.041117928,27.2386491,4.50887558,5.027867928,26.2253991
R-424A,5,70,6.041117928,29.87626442,4.945486046,5.027867928,28.86301442
R-424A,10,20,7.082292829,9.535641706,1.346406021,6.069042829,8.522391706
R-424A,10,25,7.082292829,10.95720205,1.547126378,6.069042829,9.943952051
R-424A,10,30,7.082292829,12.51332103,1.766846039,6.069042829,11.50007103
R-424A,10,35,7.082292829,14.20618817,2.005874159,6.069042829,13.19293817
R-424A,10,40,7.082292829,16.03696377,2.264374569,6.069042829,15.02371377
R-424A,10,45,7.082292829,18.00583084,2.542373109,6.069042829,16.99258084
R-424A,10,50,7.082292829,20.11209509,2.839771748,6.069042829,19.09884509
R-424A,10,55,7.082292829,22.35433427,3.156369669,6.069042829,21.34108427
R-424A,10,60,7.082292829,24.73059699,3.491891339,6.069042829,23.71734699
R-424A,10,65,7.082292829,27.2386491,3.846021304,6.069042829,26.2253991
R-424A,10,70,7.082292829,29.87626442,4.218445232,6.069042829,28.86301442
R-513A,-50,20,0.3824235761,6.786723394,17.74661349,0,5.773473394
R-513A,-50,25,0.3824235761,7.857919333,20.5476854,0,6.844669333
R-513A,-50,30,0.3824235761,9.041017534,23.64137072,0,8.027767534
R-513A,-50,35,0.3824235761,10.33941368,27.0365488,0,9.326163677
R-513A,-50,40,0.3824235761,11.75568132,30.73994925,0,10.74243132
R-513A,-50,45,0.3824235761,13.29155895,34.75611802,0,12.27830895
R-513A,-50,50,0.3824235761,14.9479713,39.08747324,0,13.9347213
R-513A,-50,55,0.3824235761,16.72508792,43.73445824,0,15.71183792
R-513A,-50,60,0.3824235761,18.62242071,48.69579669,0,17.60917071
R-513A,-50,65,0.3824235761,20.63896134,53.96885188,0,19.62571134
R-513A,-50,70,0.3824235761,22.77335791,59.55008877,0,21.76010791
R-513A,-45,20,0.4995819661,6.786723394,13.5848046,0,5.773473394
R-513A,-45,25,0.4995819661,7.857919333,15.72898917,0,6.844669333
R-513A,-45,30,0.4995819661,9.041017534,18.09716553,0,8.027767534
R-513A,-45,35,0.4995819661,10.33941368,20.69613072,0,9.326163677
R-513A,-45,40,0.4995819661,11.75568132,23.53103618,0,10.74243132
R-513A,-45,45,0.4995819661,13.29155895,26.60536178,0,12.27830895
R-513A,-45,50,0.4995819661,14.9479713,29.92095855,0,13.9347213
R-513A,-45,55,0.4995819661,16.72508792,33.47816585,0,15.71183792
R-513A,-45,60,0.4995819661,18.62242071,37.2760067,0,17.60917071
R-513A,-45,65,0.4995819661,20.63896134,41.31246269,0,19.62571134
R-513A,-45,70,0.4995819661,22.77335791,45.58482782,0,21.76010791
R-513A,-40,20,0.6453306363,6.786723394,10.51666078,0,5.773473394
R-513A,-40,25,0.6453306363,7.857919333,12.17657878,0,6.844669333
R-513A,-40,30,0.6453306363,9.041017534,14.00989977,0,8.027767534
R-513A,-40,35,0.6453306363,10.33941368,16.02188568,0,9.326163677
R-513A,-40,40,0.6453306363,11.75568132,18.21652446,0,10.74243132
R-513A,-40,45,0.6453306363,13.29155895,20.59651007,0,12.27830895
R-513A,-40,50,0.6453306363,14.9479713,23.16327547,0,13.9347213
R-513A,-40,55,0.6453306363,16.72508792,25.9170834,0,15.71183792
R-513A,-40,60,0.6453306363,18.62242071,28.8571775,0,17.60917071
R-513A,-40,65,0.6453306363,20.63896134,31.98199524,0,19.62571134
R-513A,-40,70,0.6453306363,22.77335791,35.28944176,0,21.76010791
R-513A,-35,20,0.8247094422,6.786723394,8.229229649,0,5.773473394
R-513A,-35,25,0.8247094422,7.857919333,9.528106423,0,6.844669333
R-513A,-35,30,0.8247094422,9.041017534,10.96267009,0,8.027767534
R-513A,-35,35,0.8247094422,10.33941368,12.53703807,0,9.326163677
R-513A,-35,40,0.8247094422,11.75568132,14.25433094,0,10.74243132
R-513A,-35,45,0.8247094422,13.29155895,16.11665669,0,12.27830895
R-513A,-35,50,0.8247094422,14.9479713,18.1251366,0,13.9347213
R-513A,-35,55,0.8247094422,16.72508792,20.27997627,0,15.71183792
R-513A,-35,60,0.8247094422,18.62242071,22.58058385,0,17.60917071
R-513A,-35,65,0.8247094422,20.63896134,25.02573668,0,19.62571134
R-513A,-35,70,0.8247094422,22.77335791,27.61379553,0,21.76010791
R-513A,-30,20,1.043214779,6.786723394,6.505585935,0.02996477902,5.773473394
R-513A,-30,25,1.043214779,7.857919333,7.532407987,0.02996477902,6.844669333
R-513A,-30,30,1.043214779,9.041017534,8.666496791,0.02996477902,8.027767534
R-513A,-30,35,1.043214779,10.33941368,9.911107363,0.02996477902,9.326163677
R-513A,-30,40,1.043214779,11.75568132,11.26870665,0.02996477902,10.74243132
R-513A,-30,45,1.043214779,13.29155895,12.74096113,0.02996477902,12.27830895
R-513A,-30,50,1.043214779,14.9479713,14.32875722,0.02996477902,13.9347213
R-513A,-30,55,1.043214779,16.72508792,16.03225746,0.02996477902,15.71183792
R-513A,-30,60,1.043214779,18.62242071,17.85099396,0.02996477902,17.60917071
R-513A,-30,65,1.043214779,20.63896134,19.78400014,0.02996477902,19.62571134
R-513A,-30,70,1.043214779,22.77335791,21.82998014,0.02996477902,21.76010791
R-513A,-25,20,1.306758241,6.786723394,5.193556988,0.293508241,5.773473394
R-513A,-25,25,1.306758241,7.857919333,6.01329235,0.293508241,6.844669333
R-513A,-25,30,1.306758241,9.041017534,6.918661196,0.293508241,8.027767534
R-513A,-25,35,1.306758241,10.33941368,7.91226208,0.293508241,9.326163677
R-513A,-25,40,1.306758241,11.75568132,8.996064423,0.293508241,10.74243132
R-513A,-25,45,1.306758241,13.29155895,10.1713986,0.293508241,12.27830895
R-513A,-25,50,1.306758241,14.9479713,11.43897228,0.293508241,13.9347213
R-513A,-25,55,1.306758241,16.72508792,12.7989152,0.293508241,15.71183792
R-513A,-25,60,1.306758241,18.62242071,14.25085385,0.293508241,17.60917071
R-513A,-25,65,1.306758241,20.63896134,15.79401659,0.293508241,19.62571134
R-513A,-25,70,1.306758241,22.77335791,17.42736888,0.293508241,21.76010791
R-513A,-20,20,1.621608769,6.786723394,4.185179264,0.6083587686,5.773473394
R-513A,-20,25,1.621608769,7.857919333,4.84575533,0.6083587686,6.844669333
R-513A,-20,30,1.621608769,9.041017534,5.575338336,0.6083587686,8.027767534
R-513A,-20,35,1.621608769,10.33941368,6.376022304,0.6083587686,9.326163677
R-513A,-20,40,1.621608769,11.75568132,7.249394274,0.6083587686,10.74243132
R-513A,-20,45,1.621608769,13.29155895,8.196526316,0.6083587686,12.27830895
R-513A,-20,50,1.621608769,14.9479713,9.217988696,0.6083587686,13.9347213
R-513A,-20,55,1.621608769,16.72508792,10.31388596,0.6083587686,15.71183792
R-513A,-20,60,1.621608769,18.62242071,11.48391713,0.6083587686,17.60917071
R-513A,-20,65,1.621608769,20.63896134,12.72746037,0.6083587686,19.62571134
R-513A,-20,70,1.621608769,22.77335791,14.04368202,0.6083587686,21.76010791
R-513A,-15,20,1.994318564,6.786723394,3.403028741,0.9810685645,5.773473394
R-513A,-15,25,1.994318564,7.857919333,3.940152528,0.9810685645,6.844669333
R-513A,-15,30,1.994318564,9.041017534,4.53338684,0.9810685645,8.027767534
R-513A,-15,35,1.994318564,10.33941368,5.184434353,0.9810685645,9.326163677
R-513A,-15,40,1.994318564,11.75568132,5.894585515,0.9810685645,10.74243132
R-513A,-15,45,1.994318564,13.29155895,6.664712039,0.9810685645,12.27830895
R-513A,-15,50,1.994318564,14.9479713,7.495277618,0.9810685645,13.9347213
R-513A,-15,55,1.994318564,16.72508792,8.386367262,0.9810685645,15.71183792
R-513A,-15,60,1.994318564,18.62242071,9.33773623,0.9810685645,17.60917071
R-513A,-15,65,1.994318564,20.63896134,10.34887891,0.9810685645,19.62571134
R-513A,-15,70,1.994318564,22.77335791,11.41911744,0.9810685645,21.76010791
R-513A,-10,20,2.4316338,6.786723394,2.791013759,1.4183838,5.773473394
R-513A,-10,25,2.4316338,7.857919333,3.231538948,1.4183838,6.844669333
R-513A,-10,30,2.4316338,9.041017534,3.71808351,1.4183838,8.027767534
R-513A,-10,35,2.4316338,10.33941368,4.252043904,1.4183838,9.326163677
R-513A,-10,40,2.4316338,11.75568132,4.834478498,1.4183838,10.74243132
R-513A,-10,45,2.4316338,13.29155895,5.466102233,1.4183838,12.27830895
R-513A,-10,50,2.4316338,14.9479713,6.14729541,1.4183838,13.9347213
R-513A,-10,55,2.4316338,16.72508792,6.87812775,1.4183838,15.71183792
R-513A,-10,60,2.4316338,18.62242071,7.658398527,1.4183838,17.60917071
R-513A,-10,65,2.4316338,20.63896134,8.487693063,1.4183838,19.62571134
R-513A,-10,70,2.4316338,22.77335791,9.3654554,1.4183838,21.76010791
R-513A,-5,20,2.940391907,6.786723394,2.308101644,1.927141907,5.773473394
R-513A,-5,25,2.940391907,7.857919333,2.672405442,1.927141907,6.844669333
R-513A,-5,30,2.940391907,9.041017534,3.074766161,1.927141907,8.027767534
R-513A,-5,35,2.940391907,10.33941368,3.51633864,1.927141907,9.326163677
R-513A,-5,40,2.940391907,11.75568132,3.997998122,1.927141907,10.74243132
R-513A,-5,45,2.940391907,13.29155895,4.520335849,1.927141907,12.27830895
R-513A,-5,50,2.940391907,14.9479713,5.083666319,1.927141907,13.9347213
R-513A,-5,55,2.940391907,16.72508792,5.688047189,1.927141907,15.71183792
R-513A,-5,60,2.940391907,18.62242071,6.333312465,1.927141907,17.60917071
R-513A,-5,65,2.940391907,20.63896134,7.019119217,1.927141907,19.62571134
R-513A,-5,70,2.940391907,22.77335791,7.745007682,1.927141907,21.76010791
R-513A,0,20,3.527408001,6.786723394,1.923997278,2.514158001,5.773473394
R-513A,0,25,3.527408001,7.857919333,2.227675203,2.514158001,6.844669333
R-513A,0,30,3.527408001,9.041017534,2.563076778,2.514158001,8.027767534
R-513A,0,35,3.527408001,10.33941368,2.931164661,2.514158001,9.326163677
R-513A,0,40,3.527408001,11.75568132,3.33266844,2.514158001,10.74243132
R-513A,0,45,3.527408001,13.29155895,3.768080966,2.514158001,12.27830895
R-513A,0,50,3.527408001,14.9479713,4.237664397,2.514158001,13.9347213
R-513A,0,55,3.527408001,16.72508792,4.741466798,2.514158001,15.71183792
R-513A,0,60,3.527408001,18.62242071,5.279349797,2.514158001,17.60917071
R-513A,0,65,3.527408001,20.63896134,5.851027534,2.514158001,19.62571134
R-513A,0,70,3.527408001,22.77335791,6.456116757,2.514158001,21.76010791
R-513A,5,20,4.199353735,6.786723394,1.616135201,3.186103735,5.773473394
R-513A,5,25,4.199353735,7.857919333,1.871221104,3.186103735,6.844669333
R-513A,5,30,4.199353735,9.041017534,2.152954503,3.186103735,8.027767534
R-513A,5,35,4.199353735,10.33941368,2.462144018,3.186103735,9.326163677
R-513A,5,40,4.199353735,11.75568132,2.799402494,3.186103735,10.74243132
R-513A,5,45,4.199353735,13.29155895,3.165143921,3.186103735,12.27830895
R-513A,5,50,4.199353735,14.9479713,3.559588508,3.186103735,13.9347213
R-513A,5,55,4.199353735,16.72508792,3.98277663,3.186103735,15.71183792
R-513A,5,60,4.199353735,18.62242071,4.434592056,3.186103735,17.60917071
R-513A,5,65,4.199353735,20.63896134,4.914794666,3.186103735,19.62571134
R-513A,5,70,4.199353735,22.77335791,5.423062533,3.186103735,21.76010791
R-513A,10,20,4.962632499,6.786723394,1.367565177,3.949382499,5.773473394
R-513A,10,25,4.962632499,7.857919333,1.583417538,3.949382499,6.844669333
R-513A,10,30,4.962632499,9.041017534,1.82181887,3.949382499,8.027767534
R-513A,10,35,4.962632499,10.33941368,2.083453425,3.949382499,9.326163677
R-513A,10,40,4.962632499,11.75568132,2.368839789,3.949382499,10.74243132
R-513A,10,45,4.962632499,13.29155895,2.678328276,3.949382499,12.27830895
R-513A,10,50,4.962632499,14.9479713,3.012105229,3.949382499,13.9347213
R-513A,10,55,4.962632499,16.72508792,3.37020481,3.949382499,15.71183792
R-513A,10,60,4.962632499,18.62242071,3.752528666,3.949382499,17.60917071
R-513A,10,65,4.962632499,20.63896134,4.15887361,3.949382499,19.62571134
R-513A,10,70,4.962632499,22.77335791,4.588967229,3.949382499,21.76010791
R-22,-50,20,0.6605788188,10.28308476,15.56677942,0,9.269834763
R-22,-50,25,0.6605788188,11.82234976,17.89695555,0,10.80909976
R-22,-50,30,0.6605788188,13.50968132,20.45127838,0,12.49643132
R-22,-50,35,0.6605788188,15.34791158,23.23403528,0,14.33466158
R-22,-50,40,0.6605788188,17.33870153,26.24774067,0,16.32545153
R-22,-50,45,0.6605788188,19.48255766,29.49316131,0,18.46930766
R-22,-50,50,0.6605788188,21.77889594,32.96941307,0,20.76564594
R-22,-50,55,0.6605788188,24.22615533,36.6741328,0,23.21290533
R-22,-50,60,0.6605788188,26.8219621,40.60372712,0,25.8087121
R-22,-50,65,0.6605788188,29.56334449,44.75369729,0,28.55009449
R-22,-50,70,0.6605788188,32.44699559,49.11903723,0,31.43374559
R-22,-45,20,0.852689486,10.28308476,12.05958902,0,9.269834763
R-22,-45,25,0.852689486,11.82234976,13.86477722,0,10.80909976
R-22,-45,30,0.852689486,13.50968132,15.84361194,0,12.49643132
R-22,-45,35,0.852689486,15.34791158,17.9994146,0,14.33466158
R-22,-45,40,0.852689486,17.33870153,20.33413313,0,16.32545153
R-22,-45,45,0.852689486,19.48255766,22.84836155,0,18.46930766
R-22,-45,50,0.852689486,21.77889594,25.5414149,0,20.76564594
R-22,-45,55,0.852689486,24.22615533,28.41146247,0,23.21290533
R-22,-45,60,0.852689486,26.8219621,31.45572045,0,25.8087121
R-22,-45,65,0.852689486,29.56334449,34.67070367,0,28.55009449
R-22,-45,70,0.852689486,32.44699559,38.05253393,0,31.43374559
R-22,-40,20,1.088904076,10.28308476,9.443517559,0.0756540761,9.269834763
R-22,-40,25,1.088904076,11.82234976,10.85710855,0.0756540761,10.80909976
R-22,-40,30,1.088904076,13.50968132,12.40667715,0.0756540761,12.49643132
R-22,-40,35,1.088904076,15.34791158,14.09482425,0.0756540761,14.33466158
R-22,-40,40,1.088904076,17.33870153,15.92307523,0.0756540761,16.32545153
R-22,-40,45,1.088904076,19.48255766,17.89189525,0.0756540761,18.46930766
R-22,-40,50,1.088904076,21.77889594,20.00074793,0.0756540761,20.76564594
R-22,-40,55,1.088904076,24.22615533,22.24819969,0.0756540761,23.21290533
R-22,-40,60,1.088904076,26.8219621,24.63207062,0.0756540761,25.8087121
R-22,-40,65,1.088904076,29.56334449,27.14963158,0.0756540761,28.55009449
R-22,-40,70,1.088904076,32.44699559,29.79784566,0.0756540761,31.43374559
R-22,-35,20,1.376374228,10.28308476,7.471140153,0.3631242284,9.269834763
R-22,-35,25,1.376374228,11.82234976,8.589487884,0.3631242284,10.80909976
R-22,-35,30,1.376374228,13.50968132,9.815412872,0.3631242284,12.49643132
R-22,-35,35,1.376374228,15.34791158,11.1509728,0.3631242284,14.33466158
R-22,-35,40,1.376374228,17.33870153,12.59737444,0.3631242284,16.32545153
R-22,-35,45,1.376374228,19.48255766,14.1549858,0.3631242284,18.46930766
R-22,-35,50,1.376374228,21.77889594,15.82338255,0.3631242284,20.76564594
R-22,-35,55,1.376374228,24.22615533,17.6014305,0.3631242284,23.21290533
R-22,-35,60,1.376374228,26.8219621,19.48740506,0.3631242284,25.8087121
R-22,-35,65,1.376374228,29.56334449,21.47914708,0.3631242284,28.55009449
R-22,-35,70,1.376374228,32.44699559,23.57425395,0.3631242284,31.43374559
R-22,-30,20,1.722779799,10.28308476,5.968890959,0.7095297986,9.269834763
R-22,-30,25,1.722779799,11.82234976,6.862368464,0.7095297986,10.80909976
R-22,-30,30,1.722779799,13.50968132,7.841792276,0.7095297986,12.49643132
R-22,-30,35,1.722779799,15.34791158,8.908806334,0.7095297986,14.33466158
R-22,-30,40,1.722779799,17.33870153,10.06437476,0.7095297986,16.32545153
R-22,-30,45,1.722779799,19.48255766,11.30879157,0.7095297986,18.46930766
R-22,-30,50,1.722779799,21.77889594,12.64171774,0.7095297986,20.76564594
R-22,-30,55,1.722779799,24.22615533,14.06224716,0.7095297986,23.21290533
R-22,-30,60,1.722779799,26.8219621,15.56900198,0.7095297986,25.8087121
R-22,-30,65,1.722779799,29.56334449,17.16025723,0.7095297986,28.55009449
R-22,-30,70,1.722779799,32.44699559,18.83409338,0.7095297986,31.43374559
R-22,-25,20,2.136251026,10.28308476,4.813612557,1.123001026,9.269834763
R-22,-25,25,2.136251026,11.82234976,5.534157558,1.123001026,10.80909976
R-22,-25,30,2.136251026,13.50968132,6.324013964,1.123001026,12.49643132
R-22,-25,35,2.136251026,15.34791158,7.184507531,1.123001026,14.33466158
R-22,-25,40,2.136251026,17.33870153,8.116415776,1.123001026,16.32545153
R-22,-25,45,2.136251026,19.48255766,9.119975803,1.123001026,18.46930766
R-22,-25,50,2.136251026,21.77889594,10.19491421,1.123001026,20.76564594
R-22,-25,55,2.136251026,24.22615533,11.34050027,1.123001026,23.21290533
R-22,-25,60,2.136251026,26.8219621,12.55562281,1.123001026,25.8087121
R-22,-25,65,2.136251026,29.56334449,13.83889072,1.123001026,28.55009449
R-22,-25,70,2.136251026,32.44699559,15.188756,1.123001026,31.43374559
R-22,-20,20,2.625269369,10.28308476,3.916963678,1.612019369,9.269834763
R-22,-20,25,2.625269369,11.82234976,4.503290176,1.612019369,10.80909976
R-22,-20,30,2.625269369,13.50968132,5.146017196,1.612019369,12.49643132
R-22,-20,35,2.625269369,15.34791158,5.846223539,1.612019369,14.33466158
R-22,-20,40,2.625269369,17.33870153,6.604541892,1.612019369,16.32545153
R-22,-20,45,2.625269369,19.48255766,7.421165193,1.612019369,18.46930766
R-22,-20,50,2.625269369,21.77889594,8.295870969,1.612019369,20.76564594
R-22,-20,55,2.625269369,24.22615533,9.228064599,1.612019369,23.21290533
R-22,-20,60,2.625269369,26.8219621,10.2168419,1.612019369,25.8087121
R-22,-20,65,2.625269369,29.56334449,11.2610709,1.612019369,28.55009449
R-22,-20,70,2.625269369,32.44699559,12.35949193,1.612019369,31.43374559
R-22,-15,20,3.198548331,10.28308476,3.214922427,2.185298331,9.269834763
R-22,-15,25,3.198548331,11.82234976,3.696161051,2.185298331,10.80909976
R-22,-15,30,3.198548331,13.50968132,4.223691475,2.185298331,12.49643132
R-22,-15,35,3.198548331,15.34791158,4.798399147,2.185298331,14.33466158
R-22,-15,40,3.198548331,17.33870153,5.420803356,2.185298331,16.32545153
R-22,-15,45,3.198548331,19.48255766,6.09106246,2.185298331,18.46930766
R-22,-15,50,3.198548331,21.77889594,6.808993859,2.185298331,20.76564594
R-22,-15,55,3.198548331,24.22615533,7.574109509,2.185298331,23.21290533
R-22,-15,60,3.198548331,26.8219621,8.385667285,2.185298331,25.8087121
R-22,-15,65,3.198548331,29.56334449,9.242738091,2.185298331,28.55009449
R-22,-15,70,3.198548331,32.44699559,10.14428804,2.185298331,31.43374559
R-22,-10,20,3.864896575,10.28308476,2.660636466,2.851646575,9.269834763
R-22,-10,25,3.864896575,11.82234976,3.058904561,2.851646575,10.80909976
R-22,-10,30,3.864896575,13.50968132,3.49548327,2.851646575,12.49643132
R-22,-10,35,3.864896575,15.34791158,3.97110538,2.851646575,14.33466158
R-22,-10,40,3.864896575,17.33870153,4.48620065,2.851646575,16.32545153
R-22,-10,45,3.864896575,19.48255766,5.040900134,2.851646575,18.46930766
R-22,-10,50,3.864896575,21.77889594,5.635052717,2.851646575,20.76564594
R-22,-10,55,3.864896575,24.22615533,6.268254495,2.851646575,23.21290533
R-22,-10,60,3.864896575,26.8219621,6.939891296,2.851646575,25.8087121
R-22,-10,65,3.864896575,29.56334449,7.649194208,2.851646575,28.55009449
R-22,-10,70,3.864896575,32.44699559,8.395307602,2.851646575,31.43374559
R-22,-5,20,4.63306663,10.28308476,2.219498571,3.61981663,9.269834763
R-22,-5,25,4.63306663,11.82234976,2.551733162,3.61981663,10.80909976
R-22,-5,30,4.63306663,13.50968132,2.915926404,3.61981663,12.49643132
R-22,-5,35,4.63306663,15.34791158,3.312689587,3.61981663,14.33466158
R-22,-5,40,4.63306663,17.33870153,3.742381216,3.61981663,16.32545153
R-22,-5,45,4.63306663,19.48255766,4.205110615,3.61981663,18.46930766
R-22,-5,50,4.63306663,21.77889594,4.700751723,3.61981663,20.76564594
R-22,-5,55,4.63306663,24.22615533,5.228967607,3.61981663,23.21290533
R-22,-5,60,4.63306663,26.8219621,5.789245923,3.61981663,25.8087121
R-22,-5,65,4.63306663,29.56334449,6.380945248,3.61981663,28.55009449
R-22,-5,70,4.63306663,32.44699559,7.003351816,3.61981663,31.43374559
R-22,0,20,5.511593398,10.28308476,1.865719044,4.498343398,9.269834763
R-22,0,25,5.511593398,11.82234976,2.14499672,4.498343398,10.80909976
R-22,0,30,5.511593398,13.50968132,2.451138962,4.498343398,12.49643132
R-22,0,35,5.511593398,15.34791158,2.784659621,4.498343398,14.33466158
R-22,0,40,5.511593398,17.33870153,3.145860058,4.498343398,16.32545153
R-22,0,45,5.511593398,19.48255766,3.534832173,4.498343398,18.46930766
R-22,0,50,5.511593398,21.77889594,3.951469997,4.498343398,20.76564594
R-22,0,55,5.511593398,24.22615533,4.395490302,4.498343398,23.21290533
R-22,0,60,5.511593398,26.8219621,4.866462412,4.498343398,25.8087121
R-22,0,65,5.511593398,29.56334449,5.363847142,4.498343398,28.55009449
R-22,0,70,5.511593398,32.44699559,5.8870445,4.498343398,31.43374559
R-22,5,20,6.508627516,10.28308476,1.579916002,5.495377516,9.269834763
R-22,5,25,6.508627516,11.82234976,1.816412098,5.495377516,10.80909976
R-22,5,30,6.508627516,13.50968132,2.075657469,5.495377516,12.49643132
R-22,5,35,6.508627516,15.34791158,2.358087253,5.495377516,14.33466158
R-22,5,40,6.508627516,17.33870153,2.663956646,5.495377516,16.32545153
R-22,5,45,6.508627516,19.48255766,2.993343468,5.495377516,18.46930766
R-22,5,50,6.508627516,21.77889594,3.346157987,5.495377516,20.76564594
R-22,5,55,6.508627516,24.22615533,3.722160358,5.495377516,23.21290533
R-22,5,60,6.508627516,26.8219621,4.120985881,5.495377516,25.8087121
R-22,5,65,6.508627516,29.56334449,4.542177966,5.495377516,28.55009449
R-22,5,70,6.508627516,32.44699559,4.985228532,5.495377516,31.43374559
R-22,10,20,7.631769334,10.28308476,1.347405079,6.618519334,9.269834763
R-22,10,25,7.631769334,11.82234976,1.54909684,6.618519334,10.80909976
R-22,10,30,7.631769334,13.50968132,1.770189942,6.618519334,12.49643132
R-22,10,35,7.631769334,15.34791158,2.011055485,6.618519334,14.33466158
R-22,10,40,7.631769334,17.33870153,2.271911108,6.618519334,16.32545153
R-22,10,45,7.631769334,19.48255766,2.55282318,6.618519334,18.46930766
R-22,10,50,7.631769334,21.77889594,2.853715173,6.618519334,20.76564594
R-22,10,55,7.631769334,24.22615533,3.174382541,6.618519334,23.21290533
R-22,10,60,7.631769334,26.8219621,3.514514253,6.618519334,25.8087121
R-22,10,65,7.631769334,29.56334449,3.873720916,6.618519334,28.55009449
R-22,10,70,7.631769334,32.44699559,4.25156922,6.618519334,31.43374559
R-410A,-50,20,1.141597984,14.87992738,13.03429717,0.1283479841,13.86667738
R-410A,-50,25,1.141597984,16.88755424,14.79290825,0.1283479841,15.87430424
R-410A,-50,30,1.141597984,19.05237206,16.68921312,0.1283479841,18.03912206
R-410A,-50,35,1.141597984,21.37326214,18.72223185,0.1283479841,20.36001214
R-410A,-50,40,1.141597984,23.84820921,20.89019912,0.1283479841,22.83495921
R-410A,-50,45,1.141597984,26.47457552,23.19080437,0.1283479841,25.46132552
R-410A,-50,50,1.141597984,29.24944031,25.6214891,0.1283479841,28.23619031
R-410A,-50,55,1.141597984,32.16999892,28.17979653,0.1283479841,31.15674892
R-410A,-50,60,1.141597984,35.23401356,30.86376645,0.1283479841,34.22076356
R-410A,-50,65,1.141597984,38.44030528,33.67236611,0.1283479841,37.42705528
R-410A,-50,70,1.141597984,41.78927429,36.60594611,0.1283479841,40.77602429
R-410A,-45,20,1.456017802,14.87992738,10.21960539,0.4427678023,13.86667738
R-410A,-45,25,1.456017802,16.88755424,11.59845313,0.4427678023,15.87430424
R-410A,-45,30,1.456017802,19.05237206,13.08526038,0.4427678023,18.03912206
R-410A,-45,35,1.456017802,21.37326214,14.6792588,0.4427678023,20.36001214
R-410A,-45,40,1.456017802,23.84820921,16.3790643,0.4427678023,22.83495921
R-410A,-45,45,1.456017802,26.47457552,18.18286526,0.4427678023,25.46132552
R-410A,-45,50,1.456017802,29.24944031,20.08865569,0.4427678023,28.23619031
R-410A,-45,55,1.456017802,32.16999892,22.09450933,0.4427678023,31.15674892
R-410A,-45,60,1.456017802,35.23401356,24.19888926,0.4427678023,34.22076356
R-410A,-45,65,1.456017802,38.44030528,26.40098577,0.4427678023,37.42705528
R-410A,-45,70,1.456017802,41.78927429,28.70107372,0.4427678023,40.77602429
R-410A,-40,20,1.836978393,14.87992738,8.100219051,0.8237283932,13.86667738
R-410A,-40,25,1.836978393,16.88755424,9.193115336,0.8237283932,15.87430424
R-410A,-40,30,1.836978393,19.05237206,10.37158201,0.8237283932,18.03912206
R-410A,-40,35,1.836978393,21.37326214,11.63501009,0.8237283932,20.36001214
R-410A,-40,40,1.836978393,23.84820921,12.98230251,0.8237283932,22.83495921
R-410A,-40,45,1.836978393,26.47457552,14.41202336,0.8237283932,25.46132552
R-410A,-40,50,1.836978393,29.24944031,15.92258266,0.8237283932,28.23619031
R-410A,-40,55,1.836978393,32.16999892,17.51245362,0.8237283932,31.15674892
R-410A,-40,60,1.836978393,35.23401356,19.18041807,0.8237283932,34.22076356
R-410A,-40,65,1.836978393,38.44030528,20.9258342,0.8237283932,37.42705528
R-410A,-40,70,1.836978393,41.78927429,22.74891988,0.8237283932,40.77602429
R-410A,-35,20,2.293695551,14.87992738,6.487315795,1.280445551,13.86667738
R-410A,-35,25,2.293695551,16.88755424,7.36259624,1.280445551,15.87430424
R-410A,-35,30,2.293695551,19.05237206,8.306408429,1.280445551,18.03912206
R-410A,-35,35,2.293695551,21.37326214,9.318264639,1.280445551,20.36001214
R-410A,-35,40,2.293695551,23.84820921,10.39728625,1.280445551,22.83495921
R-410A,-35,45,2.293695551,26.47457552,11.54232326,1.280445551,25.46132552
R-410A,-35,50,2.293695551,29.24944031,12.7521023,1.280445551,28.23619031
R-410A,-35,55,2.293695551,32.16999892,14.02540058,1.280445551,31.15674892
R-410A,-35,60,2.293695551,35.23401356,15.36124249,1.280445551,34.22076356
R-410A,-35,65,2.293695551,38.44030528,16.75911403,1.280445551,37.42705528
R-410A,-35,70,2.293695551,41.78927429,18.21918967,1.280445551,40.77602429
R-410A,-30,20,2.835681811,14.87992738,5.247389647,1.822431811,13.86667738
R-410A,-30,25,2.835681811,16.88755424,5.955377001,1.822431811,15.87430424
R-410A,-30,30,2.835681811,19.05237206,6.718797569,1.822431811,18.03912206
R-410A,-30,35,2.835681811,21.37326214,7.537256847,1.822431811,20.36001214
R-410A,-30,40,2.835681811,23.84820921,8.410044145,1.822431811,22.83495921
R-410A,-30,45,2.835681811,26.47457552,9.336229268,1.822431811,25.46132552
R-410A,-30,50,2.835681811,29.24944031,10.31478221,1.822431811,28.23619031
R-410A,-30,55,2.835681811,32.16999892,11.34471392,1.822431811,31.15674892
R-410A,-30,60,2.835681811,35.23401356,12.42523524,1.822431811,34.22076356
R-410A,-30,65,2.835681811,38.44030528,13.5559304,1.822431811,37.42705528
R-410A,-30,70,2.835681811,41.78927429,14.73694056,1.822431811,40.77602429
R-410A,-25,20,3.472578261,14.87992738,4.284979706,2.459328261,13.86667738
R-410A,-25,25,3.472578261,16.88755424,4.863116961,2.459328261,15.87430424
R-410A,-25,30,3.472578261,19.05237206,5.486520569,2.459328261,18.03912206
R-410A,-25,35,3.472578261,21.37326214,6.154868382,2.459328261,20.36001214
R-410A,-25,40,3.472578261,23.84820921,6.867580056,2.459328261,22.83495921
R-410A,-25,45,3.472578261,26.47457552,7.623896001,2.459328261,25.46132552
R-410A,-25,50,3.472578261,29.24944031,8.422975124,2.459328261,28.23619031
R-410A,-25,55,3.472578261,32.16999892,9.264009764,2.459328261,31.15674892
R-410A,-25,60,3.472578261,35.23401356,10.14635551,2.459328261,34.22076356
R-410A,-25,65,3.472578261,38.44030528,11.06967284,2.459328261,37.42705528
R-410A,-25,70,3.472578261,41.78927429,12.03407703,2.459328261,40.77602429
R-410A,-20,20,4.213967048,14.87992738,3.531097232,3.200717048,13.86667738
R-410A,-20,25,4.213967048,16.88755424,4.007519292,3.200717048,15.87430424
R-410A,-20,30,4.213967048,19.05237206,4.521243721,3.200717048,18.03912206
R-410A,-20,35,4.213967048,21.37326214,5.072005049,3.200717048,20.36001214
R-410A,-20,40,4.213967048,23.84820921,5.659325035,3.200717048,22.83495921
R-410A,-20,45,4.213967048,26.47457552,6.282577727,3.200717048,25.46132552
R-410A,-20,50,4.213967048,29.24944031,6.941070012,3.200717048,28.23619031
R-410A,-20,55,4.213967048,32.16999892,7.634136326,3.200717048,31.15674892
R-410A,-20,60,4.213967048,35.23401356,8.36124563,3.200717048,34.22076356
R-410A,-20,65,4.213967048,38.44030528,9.122118147,3.200717048,37.42705528
R-410A,-20,70,4.213967048,41.78927429,9.916848854,3.200717048,40.77602429
R-410A,-15,20,5.069170689,14.87992738,2.935377064,4.055920689,13.86667738
R-410A,-15,25,5.069170689,16.88755424,3.331423476,4.055920689,15.87430424
R-410A,-15,30,5.069170689,19.05237206,3.758479093,4.055920689,18.03912206
R-410A,-15,35,5.069170689,21.37326214,4.216323232,4.055920689,20.36001214
R-410A,-15,40,5.069170689,23.84820921,4.704558333,4.055920689,22.83495921
R-410A,-15,45,5.069170689,26.47457552,5.222664049,4.055920689,25.46132552
R-410A,-15,50,5.069170689,29.24944031,5.770064198,4.055920689,28.23619031
R-410A,-15,55,5.069170689,32.16999892,6.346205502,4.055920689,31.15674892
R-410A,-15,60,5.069170689,35.23401356,6.950646511,4.055920689,34.22076356
R-410A,-15,65,5.069170689,38.44030528,7.583154648,4.055920689,37.42705528
R-410A,-15,70,5.069170689,41.78927429,8.24380887,4.055920689,40.77602429
R-410A,-10,20,6.0470456,14.87992738,2.46069376,5.0337956,13.86667738
R-410A,-10,25,6.0470456,16.88755424,2.792695037,5.0337956,15.87430424
R-410A,-10,30,6.0470456,19.05237206,3.150690985,5.0337956,18.03912206
R-410A,-10,35,6.0470456,21.37326214,3.534496605,5.0337956,20.36001214
R-410A,-10,40,6.0470456,23.84820921,3.943778629,5.0337956,22.83495921
R-410A,-10,45,6.0470456,26.47457552,4.378100856,5.0337956,25.46132552
R-410A,-10,50,6.0470456,29.24944031,4.836980278,5.0337956,28.23619031
R-410A,-10,55,6.0470456,32.16999892,5.319953089,5.0337956,31.15674892
R-410A,-10,60,6.0470456,35.23401356,5.826649226,5.0337956,34.22076356
R-410A,-10,65,6.0470456,38.44030528,6.356873723,5.0337956,37.42705528
R-410A,-10,70,6.0470456,41.78927429,6.910692767,5.0337956,40.77602429
R-410A,-5,20,7.155778293,14.87992738,2.079428228,6.142528293,13.86667738
R-410A,-5,25,7.155778293,16.88755424,2.359988466,6.142528293,15.87430424
R-410A,-5,30,7.155778293,19.05237206,2.662515701,6.142528293,18.03912206
R-410A,-5,35,7.155778293,21.37326214,2.986853598,6.142528293,20.36001214
R-410A,-5,40,7.155778293,23.84820921,3.332720527,6.142528293,22.83495921
R-410A,-5,45,7.155778293,26.47457552,3.699747872,6.142528293,25.46132552
R-410A,-5,50,7.155778293,29.24944031,4.087527465,6.142528293,28.23619031
R-410A,-5,55,7.155778293,32.16999892,4.495667361,6.142528293,31.15674892
R-410A,-5,60,7.155778293,35.23401356,4.923854837,6.142528293,34.22076356
R-410A,-5,65,7.155778293,38.44030528,5.371925135,6.142528293,37.42705528
R-410A,-5,70,7.155778293,41.78927429,5.839934187,6.142528293,40.77602429
R-410A,0,20,8.402693504,14.87992738,1.770852093,7.389443504,13.86667738
R-410A,0,25,8.402693504,16.88755424,2.009778677,7.389443504,15.87430424
R-410A,0,30,8.402693504,19.05237206,2.267412473,7.389443504,18.03912206
R-410A,0,35,8.402693504,21.37326214,2.543620344,7.389443504,20.36001214
R-410A,0,40,8.402693504,23.84820921,2.838162453,7.389443504,22.83495921
R-410A,0,45,8.402693504,26.47457552,3.150724884,7.389443504,25.46132552
R-410A,0,50,8.402693504,29.24944031,3.480960039,7.389443504,28.23619031
R-410A,0,55,8.402693504,32.16999892,3.828534136,7.389443504,31.15674892
R-410A,0,60,8.402693504,35.23401356,4.193180859,7.389443504,34.22076356
R-410A,0,65,8.402693504,38.44030528,4.574759898,7.389443504,37.42705528
R-410A,0,70,8.402693504,41.78927429,4.973318885,7.389443504,40.77602429
R-410A,5,20,9.794083906,14.87992738,1.519277098,8.780833906,13.86667738
R-410A,5,25,9.794083906,16.88755424,1.724260727,8.780833906,15.87430424
R-410A,5,30,9.794083906,19.05237206,1.945293939,8.780833906,18.03912206
R-410A,5,35,9.794083906,21.37326214,2.182262512,8.780833906,20.36001214
R-410A,5,40,9.794083906,23.84820921,2.43496068,8.780833906,22.83495921
R-410A,5,45,9.794083906,26.47457552,2.703119125,8.780833906,25.46132552
R-410A,5,50,9.794083906,29.24944031,2.986439629,8.780833906,28.23619031
R-410A,5,55,9.794083906,32.16999892,3.28463583,8.780833906,31.15674892
R-410A,5,60,9.794083906,35.23401356,3.597479244,8.780833906,34.22076356
R-410A,5,65,9.794083906,38.44030528,3.924849495,8.780833906,37.42705528
R-410A,5,70,9.794083906,41.78927429,4.26678745,8.780833906,40.77602429
R-410A,10,20,11.33507115,14.87992738,1.312733479,10.32182115,13.86667738
R-410A,10,25,11.33507115,16.88755424,1.489849867,10.32182115,15.87430424
R-410A,10,30,11.33507115,19.05237206,1.680833919,10.32182115,18.03912206
R-410A,10,35,11.33507115,21.37326214,1.885586942,10.32182115,20.36001214
R-410A,10,40,11.33507115,23.84820921,2.103931144,10.32182115,22.83495921
R-410A,10,45,11.33507115,26.47457552,2.335633819,10.32182115,25.46132552
R-410A,10,50,11.33507115,29.24944031,2.580437293,10.32182115,28.23619031
R-410A,10,55,11.33507115,32.16999892,2.838094133,10.32182115,31.15674892
R-410A,10,60,11.33507115,35.23401356,3.108406917,10.32182115,34.22076356
R-410A,10,65,11.33507115,38.44030528,3.391271636,10.32182115,37.42705528
R-410A,10,70,11.33507115,41.78927429,3.686723599,10.32182115,40.77602429
R-404A,-50,20,0.9052880562,12.49324655,13.80029976,0,11.47999655
R-404A,-50,25,0.9052880562,14.22354583,15.71162431,0,13.21029583
R-404A,-50,30,0.9052880562,16.09585888,17.77982021,0,15.08260888
R-404A,-50,35,0.9052880562,18.10999569,20.00467759,0,17.09674569
R-404A,-50,40,0.9052880562,20.26492813,22.38506074,0,19.25167813
R-404A,-50,45,0.9052880562,22.55901124,24.91915262,0,21.54576124
R-404A,-50,50,0.9052880562,24.99026446,27.60476546,0,23.97701446
R-404A,-50,55,0.9052880562,27.55670866,30.43971305,0,26.54345866
R-404A,-50,60,0.9052880562,30.25675282,33.42223794,0,29.24350282
R-404A,-50,65,0.9052880562,33.08962187,36.55148397,0,32.07637187
R-404A,-50,70,0.9052880562,36.05581507,39.82800261,0,35.04256507
R-404A,-45,20,1.160540845,12.49324655,10.76502098,0.1472908447,11.47999655
R-404A,-45,25,1.160540845,14.22354583,12.25596316,0.1472908447,13.21029583
R-404A,-45,30,1.160540845,16.09585888,13.86927393,0.1472908447,15.08260888
R-404A,-45,35,1.160540845,18.10999569,15.60478959,0.1472908447,17.09674569
R-404A,-45,40,1.160540845,20.26492813,17.46162422,0.1472908447,19.25167813
R-404A,-45,45,1.160540845,22.55901124,19.43836044,0.1472908447,21.54576124
R-404A,-45,50,1.160540845,24.99026446,21.53329164,0.1472908447,23.97701446
R-404A,-45,55,1.160540845,27.55670866,23.74471246,0.1472908447,26.54345866
R-404A,-45,60,1.160540845,30.25675282,26.071252,0.1472908447,29.24350282
R-404A,-45,65,1.160540845,33.08962187,28.51224239,0.1472908447,32.07637187
R-404A,-45,70,1.160540845,36.05581507,31.06811383,0.1472908447,35.04256507
R-404A,-40,20,1.471402063,12.49324655,8.490708868,0.4581520633,11.47999655
R-404A,-40,25,1.471402063,14.22354583,9.666661607,0.4581520633,13.21029583
R-404A,-40,30,1.471402063,16.09585888,10.93913029,0.4581520633,15.08260888
R-404A,-40,35,1.471402063,18.10999569,12.30798579,0.4581520633,17.09674569
R-404A,-40,40,1.471402063,20.26492813,13.77252937,0.4581520633,19.25167813
R-404A,-40,45,1.471402063,22.55901124,15.33164307,0.4581520633,21.54576124
R-404A,-40,50,1.471402063,24.99026446,16.98398085,0.4581520633,23.97701446
R-404A,-40,55,1.471402063,27.55670866,18.72819765,0.4581520633,26.54345866
R-404A,-40,60,1.471402063,30.25675282,20.56321217,0.4581520633,29.24350282
R-404A,-40,65,1.471402063,33.08962187,22.48849767,0.4581520633,32.07637187
R-404A,-40,70,1.471402063,36.05581507,24.50439344,0.4581520633,35.04256507
R-404A,-35,20,1.845931891,12.49324655,6.767988899,0.8326818909,11.47999655
R-404A,-35,25,1.845931891,14.22354583,7.705347041,0.8326818909,13.21029583
R-404A,-35,30,1.845931891,16.09585888,8.71963855,0.8326818909,15.08260888
R-404A,-35,35,1.845931891,18.10999569,9.810760505,0.8326818909,17.09674569
R-404A,-35,40,1.845931891,20.26492813,10.97815592,0.8326818909,19.25167813
R-404A,-35,45,1.845931891,22.55901124,12.22093369,0.8326818909,21.54576124
R-404A,-35,50,1.845931891,24.99026446,13.53802087,0.8326818909,23.97701446
R-404A,-35,55,1.845931891,27.55670866,14.9283453,0.8326818909,26.54345866
R-404A,-35,60,1.845931891,30.25675282,16.39104507,0.8326818909,29.24350282
R-404A,-35,65,1.845931891,33.08962187,17.92570031,0.8326818909,32.07637187
R-404A,-35,70,1.845931891,36.05581507,19.53258148,0.8326818909,35.04256507
R-404A,-30,20,2.29252498,12.49324655,5.449557433,1.27927498,11.47999655
R-404A,-30,25,2.29252498,14.22354583,6.204314437,1.27927498,13.21029583
R-404A,-30,30,2.29252498,16.09585888,7.02101788,1.27927498,15.08260888
R-404A,-30,35,2.29252498,18.10999569,7.899584888,1.27927498,17.09674569
R-404A,-30,40,2.29252498,20.26492813,8.839566984,1.27927498,19.25167813
R-404A,-30,45,2.29252498,22.55901124,9.840246642,1.27927498,21.54576124
R-404A,-30,50,2.29252498,24.99026446,10.90075994,1.27927498,23.97701446
R-404A,-30,55,2.29252498,27.55670866,12.02024357,1.27927498,26.54345866
R-404A,-30,60,2.29252498,30.25675282,13.19800354,1.27927498,29.24350282
R-404A,-30,65,2.29252498,33.08962187,14.43370177,1.27927498,32.07637187
R-404A,-30,70,2.29252498,36.05581507,15.72755603,1.27927498,35.04256507
R-404A,-25,20,2.819771945,12.49324655,4.430587576,1.806521945,11.47999655
R-404A,-25,25,2.819771945,14.22354583,5.044218508,1.806521945,13.21029583
R-404A,-25,30,2.819771945,16.09585888,5.708213001,1.806521945,15.08260888
R-404A,-25,35,2.819771945,18.10999569,6.422503679,1.806521945,17.09674569
R-404A,-25,40,2.819771945,20.26492813,7.18672592,1.806521945,19.25167813
R-404A,-25,45,2.819771945,22.55901124,8.000296364,1.806521945,21.54576124
R-404A,-25,50,2.819771945,24.99026446,8.862512625,1.806521945,23.97701446
R-404A,-25,55,2.819771945,27.55670866,9.772672825,1.806521945,26.54345866
R-404A,-25,60,2.819771945,30.25675282,10.73021273,1.806521945,29.24350282
R-404A,-25,65,2.819771945,33.08962187,11.73485747,1.806521945,32.07637187
R-404A,-25,70,2.819771945,36.05581507,12.7867841,1.806521945,35.04256507
R-404A,-20,20,3.436301769,12.49324655,3.635666303,2.423051769,11.47999655
R-404A,-20,25,3.436301769,14.22354583,4.139201616,2.423051769,13.21029583
R-404A,-20,30,3.436301769,16.09585888,4.684064428,2.423051769,15.08260888
R-404A,-20,35,3.436301769,18.10999569,5.270199449,2.423051769,17.09674569
R-404A,-20,40,3.436301769,20.26492813,5.89730748,2.423051769,19.25167813
R-404A,-20,45,3.436301769,22.55901124,6.564909824,2.423051769,21.54576124
R-404A,-20,50,3.436301769,24.99026446,7.272430114,2.423051769,23.97701446
R-404A,-20,55,3.436301769,27.55670866,8.019292401,2.423051769,26.54345866
R-404A,-20,60,3.436301769,30.25675282,8.805033682,2.423051769,29.24350282
R-404A,-20,65,3.436301769,33.08962187,9.629428409,2.423051769,32.07637187
R-404A,-20,70,3.436301769,36.05581507,10.49262186,2.423051769,35.04256507
R-404A,-15,20,4.150609991,12.49324655,3.009978431,3.137359991,11.47999655
R-404A,-15,25,4.150609991,14.22354583,3.426856743,3.137359991,13.21029583
R-404A,-15,30,4.150609991,16.09585888,3.877950208,3.137359991,15.08260888
R-404A,-15,35,4.150609991,18.10999569,4.363213053,3.137359991,17.09674569
R-404A,-15,40,4.150609991,20.26492813,4.882397568,3.137359991,19.25167813
R-404A,-15,45,4.150609991,22.55901124,5.43510744,3.137359991,21.54576124
R-404A,-15,50,4.150609991,24.99026446,6.020865492,3.137359991,23.97701446
R-404A,-15,55,4.150609991,27.55670866,6.639194895,3.137359991,26.54345866
R-404A,-15,60,4.150609991,30.25675282,7.289712328,3.137359991,29.24350282
R-404A,-15,65,4.150609991,33.08962187,7.972231056,3.137359991,32.07637187
R-404A,-15,70,4.150609991,36.05581507,8.686871364,3.137359991,35.04256507
R-404A,-10,20,4.970878746,12.49324655,2.513287325,3.957628746,11.47999655
R-404A,-10,25,4.970878746,14.22354583,2.86137453,3.957628746,13.21029583
R-404A,-10,30,4.970878746,16.09585888,3.23803088,3.957628746,15.08260888
R-404A,-10,35,4.970878746,18.10999569,3.643218154,3.957628746,17.09674569
R-404A,-10,40,4.970878746,20.26492813,4.07672952,3.957628746,19.25167813
R-404A,-10,45,4.970878746,22.55901124,4.538234062,3.957628746,21.54576124
R-404A,-10,50,4.970878746,24.99026446,5.027333343,3.957628746,23.97701446
R-404A,-10,55,4.970878746,27.55670866,5.543629219,3.957628746,26.54345866
R-404A,-10,60,4.970878746,30.25675282,6.086801623,3.957628746,29.24350282
R-404A,-10,65,4.970878746,33.08962187,6.656694634,3.957628746,32.07637187
R-404A,-10,70,4.970878746,36.05581507,7.253408686,3.957628746,35.04256507
R-404A,-5,20,5.904795785,12.49324655,2.115779614,4.891545785,11.47999655
R-404A,-5,25,5.904795785,14.22354583,2.408812489,4.891545785,13.21029583
R-404A,-5,30,5.904795785,16.09585888,2.725895944,4.891545785,15.08260888
R-404A,-5,35,5.904795785,18.10999569,3.066997802,4.891545785,17.09674569
R-404A,-5,40,5.904795785,20.26492813,3.431943943,4.891545785,19.25167813
R-404A,-5,45,5.904795785,22.55901124,3.820455789,4.891545785,21.54576124
R-404A,-5,50,5.904795785,24.99026446,4.232197924,4.891545785,23.97701446
R-404A,-5,55,5.904795785,27.55670866,4.666835174,4.891545785,26.54345866
R-404A,-5,60,5.904795785,30.25675282,5.124098093,4.891545785,29.24350282
R-404A,-5,65,5.904795785,33.08962187,5.603855422,4.891545785,32.07637187
R-404A,-5,70,5.904795785,36.05581507,6.10619171,4.891545785,35.04256507
R-404A,0,20,6.95938043,12.49324655,1.795166491,5.94613043,11.47999655
R-404A,0,25,6.95938043,14.22354583,2.043794843,5.94613043,13.21029583
R-404A,0,30,6.95938043,16.09585888,2.312829287,5.94613043,15.08260888
R-404A,0,35,6.95938043,18.10999569,2.602242523,5.94613043,17.09674569
R-404A,0,40,6.95938043,20.26492813,2.911886817,5.94613043,19.25167813
R-404A,0,45,6.95938043,22.55901124,3.241525804,5.94613043,21.54576124
R-404A,0,50,6.95938043,24.99026446,3.590874894,5.94613043,23.97701446
R-404A,0,55,6.95938043,27.55670866,3.959649704,5.94613043,26.54345866
R-404A,0,60,6.95938043,30.25675282,4.34762162,5.94613043,29.24350282
R-404A,0,65,6.95938043,33.08962187,4.754679272,5.94613043,32.07637187
R-404A,0,70,6.95938043,36.05581507,5.180894396,5.94613043,35.04256507
R-404A,5,20,8.140824946,12.49324655,1.534641345,7.127574946,11.47999655
R-404A,5,25,8.140824946,14.22354583,1.747187285,7.127574946,13.21029583
R-404A,5,30,8.140824946,16.09585888,1.977177864,7.127574946,15.08260888
R-404A,5,35,8.140824946,18.10999569,2.224589745,7.127574946,17.09674569
R-404A,5,40,8.140824946,20.26492813,2.489296633,7.127574946,19.25167813
R-404A,5,45,8.140824946,22.55901124,2.771096466,7.127574946,21.54576124
R-404A,5,50,8.140824946,24.99026446,3.069745957,7.127574946,23.97701446
R-404A,5,55,8.140824946,27.55670866,3.385001992,7.127574946,26.54345866
R-404A,5,60,8.140824946,30.25675282,3.716669136,7.127574946,29.24350282
R-404A,5,65,8.140824946,33.08962187,4.064652181,7.127574946,32.07637187
R-404A,5,70,8.140824946,36.05581507,4.429012454,7.127574946,35.04256507
R-404A,10,20,9.454360029,12.49324655,1.321426993,8.441110029,11.47999655
R-404A,10,25,9.454360029,14.22354583,1.504443007,8.441110029,13.21029583
R-404A,10,30,9.454360029,16.09585888,1.702480002,8.441110029,15.08260888
R-404A,10,35,9.454360029,18.10999569,1.915517881,8.441110029,17.09674569
R-404A,10,40,9.454360029,20.26492813,2.143447897,8.441110029,19.25167813
R-404A,10,45,9.454360029,22.55901124,2.386096063,8.441110029,21.54576124
R-404A,10,50,9.454360029,24.99026446,2.643252889,8.441110029,23.97701446
R-404A,10,55,9.454360029,27.55670866,2.914709042,8.441110029,26.54345866
R-404A,10,60,9.454360029,30.25675282,3.200296236,8.441110029,29.24350282
R-404A,10,65,9.454360029,33.08962187,3.499932494,8.441110029,32.07637187
R-404A,10,70,9.454360029,36.05581507,3.81367062,8.441110029,35.04256507
R-407C,-50,20,0.7757946878,11.43917633,14.74510784,0,10.42592633
R-407C,-50,25,0.7757946878,13.09484687,16.87926854,0,12.08159687
R-407C,-50,30,0.7757946878,14.89934801,19.20527201,0,13.88609801
R-407C,-50,35,0.7757946878,16.85406376,21.72490224,0,15.84081376
R-407C,-50,40,0.7757946878,18.9592387,24.4384745,0,17.9459887
R-407C,-50,45,0.7757946878,21.21407243,27.34495707,0,20.20082243
R-407C,-50,50,0.7757946878,23.61686936,30.44216431,0,22.60361936
R-407C,-50,55,0.7757946878,26.16524412,33.7270215,0,25.15199412
R-407C,-50,60,0.7757946878,28.85638136,37.19589965,0,27.84313136
R-407C,-50,65,0.7757946878,31.6873464,40.84501595,0,30.6740964
R-407C,-50,70,0.7757946878,34.65544162,44.67089317,0,33.64219162
R-407C,-45,20,0.9981190859,11.43917633,11.46073298,0,10.42592633
R-407C,-45,25,0.9981190859,13.09484687,13.11952356,0,12.08159687
R-407C,-45,30,0.9981190859,14.89934801,14.92742521,0,13.88609801
R-407C,-45,35,0.9981190859,16.85406376,16.88582454,0,15.84081376
R-407C,-45,40,0.9981190859,18.9592387,18.9949666,0,17.9459887
R-407C,-45,45,0.9981190859,21.21407243,21.25404947,0,20.20082243
R-407C,-45,50,0.9981190859,23.61686936,23.66137437,0,22.60361936
R-407C,-45,55,0.9981190859,26.16524412,26.21455144,0,25.15199412
R-407C,-45,60,0.9981190859,28.85638136,28.91076002,0,27.84313136
R-407C,-45,65,0.9981190859,31.6873464,31.74705989,0,30.6740964
R-407C,-45,70,0.9981190859,34.65544162,34.72074836,0,33.64219162
R-407C,-40,20,1.270307176,11.43917633,9.0050474,0.2570571758,10.42592633
R-407C,-40,25,1.270307176,13.09484687,10.30840974,0.2570571758,12.08159687
R-407C,-40,30,1.270307176,14.89934801,11.7289332,0.2570571758,13.88609801
R-407C,-40,35,1.270307176,16.85406376,13.26770727,0.2570571758,15.84081376
R-407C,-40,40,1.270307176,18.9592387,14.9249245,0.2570571758,17.9459887
R-407C,-40,45,1.270307176,21.21407243,16.69995481,0.2570571758,20.20082243
R-407C,-40,50,1.270307176,23.61686936,18.59146339,0.2570571758,22.60361936
R-407C,-40,55,1.270307176,26.16524412,20.59757248,0.2570571758,25.15199412
R-407C,-40,60,1.270307176,28.85638136,22.71606578,0.2570571758,27.84313136
R-407C,-40,65,1.270307176,31.6873464,24.94463308,0.2570571758,30.6740964
R-407C,-40,70,1.270307176,34.65544162,27.2811508,0.2570571758,33.64219162
R-407C,-35,20,1.600074549,11.43917633,7.149152105,0.5868245491,10.42592633
R-407C,-35,25,1.600074549,13.09484687,8.183897978,0.5868245491,12.08159687
R-407C,-35,30,1.600074549,14.89934801,9.311658644,0.5868245491,13.88609801
R-407C,-35,35,1.600074549,16.85406376,10.53329907,0.5868245491,15.84081376
R-407C,-35,40,1.600074549,18.9592387,11.8489721,0.5868245491,17.9459887
R-407C,-35,45,1.600074549,21.21407243,13.25817753,0.5868245491,20.20082243
R-407C,-35,50,1.600074549,23.61686936,14.75985564,0.5868245491,22.60361936
R-407C,-35,55,1.600074549,26.16524412,16.35251566,0.5868245491,25.15199412
R-407C,-35,60,1.600074549,28.85638136,18.03439807,0.5868245491,27.84313136
R-407C,-35,65,1.600074549,31.6873464,19.80366878,0.5868245491,30.6740964
R-407C,-35,70,1.600074549,34.65544162,21.65864187,0.5868245491,33.64219162
R-407C,-30,20,1.995604348,11.43917633,5.732186514,0.9823543478,10.42592633
R-407C,-30,25,1.995604348,13.09484687,6.561845229,0.9823543478,12.08159687
R-407C,-30,30,1.995604348,14.89934801,7.466083156,0.9823543478,13.88609801
R-407C,-30,35,1.995604348,16.85406376,8.445593824,0.9823543478,15.84081376
R-407C,-30,40,1.995604348,18.9592387,9.500499794,0.9823543478,17.9459887
R-407C,-30,45,1.995604348,21.21407243,10.63039999,0.9823543478,20.20082243
R-407C,-30,50,1.995604348,23.61686936,11.83444473,0.9823543478,22.60361936
R-407C,-30,55,1.995604348,26.16524412,13.11143872,0.9823543478,25.15199412
R-407C,-30,60,1.995604348,28.85638136,14.45997118,0.9823543478,27.84313136
R-407C,-30,65,1.995604348,31.6873464,15.87857154,0.9823543478,30.6740964
R-407C,-30,70,1.995604348,34.65544162,17.36588801,0.9823543478,33.64219162
R-407C,-25,20,2.465442096,11.43917633,4.639807339,1.452192096,10.42592633
R-407C,-25,25,2.465442096,13.09484687,5.311358515,1.452192096,12.08159687
R-407C,-25,30,2.465442096,14.89934801,6.043276389,1.452192096,13.88609801
R-407C,-25,35,2.465442096,16.85406376,6.836122326,1.452192096,15.84081376
R-407C,-25,40,2.465442096,18.9592387,7.68999553,1.452192096,17.9459887
R-407C,-25,45,2.465442096,21.21407243,8.604571354,1.452192096,20.20082243
R-407C,-25,50,2.465442096,23.61686936,9.579162049,1.452192096,22.60361936
R-407C,-25,55,2.465442096,26.16524412,10.6128001,1.452192096,25.15199412
R-407C,-25,60,2.465442096,28.85638136,11.70434358,1.452192096,27.84313136
R-407C,-25,65,2.465442096,31.6873464,12.85260216,1.452192096,30.6740964
R-407C,-25,70,2.465442096,34.65544162,14.05648167,1.452192096,33.64219162
R-407C,-20,20,3.018368856,11.43917633,3.789853685,2.005118856,10.42592633
R-407C,-20,25,3.018368856,13.09484687,4.338385232,2.005118856,12.08159687
R-407C,-20,30,3.018368856,14.89934801,4.936225067,2.005118856,13.88609801
R-407C,-20,35,3.018368856,16.85406376,5.583831719,2.005118856,15.84081376
R-407C,-20,40,3.018368856,18.9592387,6.281286218,2.005118856,17.9459887
R-407C,-20,45,3.018368856,21.21407243,7.028323391,2.005118856,20.20082243
R-407C,-20,50,3.018368856,23.61686936,7.824381474,2.005118856,22.60361936
R-407C,-20,55,3.018368856,26.16524412,8.668670189,2.005118856,25.15199412
R-407C,-20,60,3.018368856,28.85638136,9.560256794,2.005118856,27.84313136
R-407C,-20,65,3.018368856,31.6873464,10.49816902,2.005118856,30.6740964
R-407C,-20,70,3.018368856,34.65544162,11.48151312,2.005118856,33.64219162
R-407C,-15,20,3.663255381,11.43917633,3.122680551,2.650005381,10.42592633
R-407C,-15,25,3.663255381,13.09484687,3.574647549,2.650005381,12.08159687
R-407C,-15,30,3.663255381,14.89934801,4.067242509,2.650005381,13.88609801
R-407C,-15,35,3.663255381,16.85406376,4.60084324,2.650005381,15.84081376
R-407C,-15,40,3.663255381,18.9592387,5.175516508,2.650005381,17.9459887
R-407C,-15,45,3.663255381,21.21407243,5.791043819,2.650005381,20.20082243
R-407C,-15,50,3.663255381,23.61686936,6.446962306,2.650005381,22.60361936
R-407C,-15,55,3.663255381,26.16524412,7.142620811,2.650005381,25.15199412
R-407C,-15,60,3.663255381,28.85638136,7.877250795,2.650005381,27.84313136
R-407C,-15,65,3.663255381,31.6873464,8.650051144,2.650005381,30.6740964
R-407C,-15,70,3.663255381,34.65544162,9.460285461,2.650005381,33.64219162
R-407C,-10,20,4.408901066,11.43917633,2.594564078,3.395651066,10.42592633
R-407C,-10,25,4.408901066,13.09484687,2.970093153,3.395651066,12.08159687
R-407C,-10,30,4.408901066,14.89934801,3.379379075,3.395651066,13.88609801
R-407C,-10,35,4.408901066,16.85406376,3.822735757,3.395651066,15.84081376
R-407C,-10,40,4.408901066,18.9592387,4.300218674,3.395651066,17.9459887
R-407C,-10,45,4.408901066,21.21407243,4.811646284,3.395651066,20.20082243
R-407C,-10,50,4.408901066,23.61686936,5.356634001,3.395651066,22.60361936
R-407C,-10,55,4.408901066,26.16524412,5.934640793,3.395651066,25.15199412
R-407C,-10,60,4.408901066,28.85638136,6.545028099,3.395651066,27.84313136
R-407C,-10,65,4.408901066,31.6873464,7.18713029,3.395651066,30.6740964
R-407C,-10,70,4.408901066,34.65544162,7.860335512,3.395651066,33.64219162
R-407C,-5,20,5.263862572,11.43917633,2.173152542,4.250612572,10.42592633
R-407C,-5,25,5.263862572,13.09484687,2.487687832,4.250612572,12.08159687
R-407C,-5,30,5.263862572,14.89934801,2.83049715,4.250612572,13.88609801
R-407C,-5,35,5.263862572,16.85406376,3.201843423,4.250612572,15.84081376
R-407C,-5,40,5.263862572,18.9592387,3.601773116,4.250612572,17.9459887
R-407C,-5,45,5.263862572,21.21407243,4.030134173,4.250612572,20.20082243
R-407C,-5,50,5.263862572,23.61686936,4.486604473,4.250612572,22.60361936
R-407C,-5,55,5.263862572,26.16524412,4.970730859,4.250612572,25.15199412
R-407C,-5,60,5.263862572,28.85638136,5.481978484,4.250612572,27.84313136
R-407C,-5,65,5.263862572,31.6873464,6.019789834,4.250612572,30.6740964
R-407C,-5,70,5.263862572,34.65544162,6.583652432,4.250612572,33.64219162
R-407C,0,20,6.236277941,11.43917633,1.834295462,5.223027941,10.42592633
R-407C,0,25,6.236277941,13.09484687,2.09978564,5.223027941,12.08159687
R-407C,0,30,6.236277941,14.89934801,2.389141111,5.223027941,13.88609801
R-407C,0,35,6.236277941,16.85406376,2.702583803,5.223027941,15.84081376
R-407C,0,40,6.236277941,18.9592387,3.040152936,5.223027941,17.9459887
R-407C,0,45,6.236277941,21.21407243,3.401720166,5.223027941,20.20082243
R-407C,0,50,6.236277941,23.61686936,3.787013597,5.223027941,22.60361936
R-407C,0,55,6.236277941,26.16524412,4.195650734,5.223027941,25.15199412
R-407C,0,60,6.236277941,28.85638136,4.627180128,5.223027941,27.84313136
R-407C,0,65,6.236277941,31.6873464,5.081131196,5.223027941,30.6740964
R-407C,0,70,6.236277941,34.65544162,5.557071373,5.223027941,33.64219162
R-407C,5,20,7.333692829,11.43917633,1.559811216,6.320442829,10.42592633
R-407C,5,25,7.333692829,13.09484687,1.785573404,6.320442829,12.08159687
R-407C,5,30,7.333692829,14.89934801,2.031629679,6.320442829,13.88609801
R-407C,5,35,7.333692829,16.85406376,2.29816876,6.320442829,15.84081376
R-407C,5,40,7.333692829,18.9592387,2.585223998,6.320442829,17.9459887
R-407C,5,45,7.333692829,21.21407243,2.892686253,6.320442829,20.20082243
R-407C,5,50,7.333692829,23.61686936,3.220324318,6.320442829,22.60361936
R-407C,5,55,7.333692829,26.16524412,3.567812933,6.320442829,25.15199412
R-407C,5,60,7.333692829,28.85638136,3.934768204,6.320442829,27.84313136
R-407C,5,65,7.333692829,31.6873464,4.320789967,6.320442829,30.6740964
R-407C,5,70,7.333692829,34.65544162,4.725510385,6.320442829,33.64219162
R-407C,10,20,8.562896011,11.43917633,1.335900414,7.549646011,10.42592633
R-407C,10,25,8.562896011,13.09484687,1.529254454,7.549646011,12.08159687
R-407C,10,30,8.562896011,14.89934801,1.739989367,7.549646011,13.88609801
R-407C,10,35,8.562896011,16.85406376,1.968266779,7.549646011,15.84081376
R-407C,10,40,8.562896011,18.9592387,2.214115256,7.549646011,17.9459887
R-407C,10,45,8.562896011,21.21407243,2.477441324,7.549646011,20.20082243
R-407C,10,50,8.562896011,23.61686936,2.758046965,7.549646011,22.60361936
R-407C,10,55,8.562896011,26.16524412,3.055653611,7.549646011,25.15199412
R-407C,10,60,8.562896011,28.85638136,3.369932476,7.549646011,27.84313136
R-407C,10,65,8.562896011,31.6873464,3.70054084,7.549646011,30.6740964
R-407C,10,70,8.562896011,34.65544162,4.047163667,7.549646011,33.64219162
R-507A,-50,20,0.9165297755,12.56427963,13.70853404,0,11.55102963
R-507A,-50,25,0.9165297755,14.29644921,15.59845582,0,13.28319921
R-507A,-50,30,0.9165297755,16.1694545,17.6420395,0,15.1562045
R-507A,-50,35,0.9165297755,18.1829918,19.83895373,0,17.1697418
R-507A,-50,40,0.9165297755,20.33597077,22.18800886,0,19.32272077
R-507A,-50,45,0.9165297755,22.62675,24.68741398,0,21.6135
R-507A,-50,50,0.9165297755,25.05343228,27.33509914,0,24.04018228
R-507A,-50,55,0.9165297755,27.61421512,30.12909767,0,26.60096512
R-507A,-50,60,0.9165297755,30.30778951,33.06798134,0,29.29453951
R-507A,-50,65,0.9165297755,33.13377795,36.15133827,0,32.12052795
R-507A,-50,70,0.9165297755,36.0932004,39.38028133,0,35.0799504
R-507A,-45,20,1.174558229,12.56427963,10.69702576,0.1613082292,11.55102963
R-507A,-45,25,1.174558229,14.29644921,12.1717671,0.1613082292,13.28319921
R-507A,-45,30,1.174558229,16.1694545,13.7664137,0.1613082292,15.1562045
R-507A,-45,35,1.174558229,18.1829918,15.480707,0.1613082292,17.1697418
R-507A,-45,40,1.174558229,20.33597077,17.3137187,0.1613082292,19.32272077
R-507A,-45,45,1.174558229,22.62675,19.26405131,0.1613082292,21.6135
R-507A,-45,50,1.174558229,25.05343228,21.33008961,0.1613082292,24.04018228
R-507A,-45,55,1.174558229,27.61421512,23.51029896,0.1613082292,26.60096512
R-507A,-45,60,1.174558229,30.30778951,25.80356491,0.1613082292,29.29453951
R-507A,-45,65,1.174558229,33.13377795,28.20956605,0.1613082292,32.12052795
R-507A,-45,70,1.174558229,36.0932004,30.72917077,0.1613082292,35.0799504
R-507A,-40,20,1.488632435,12.56427963,8.440149051,0.4753824346,11.55102963
R-507A,-40,25,1.488632435,14.29644921,9.603746958,0.4753824346,13.28319921
R-507A,-40,30,1.488632435,16.1694545,10.8619523,0.4753824346,15.1562045
R-507A,-40,35,1.488632435,18.1829918,12.21456108,0.4753824346,17.1697418
R-507A,-40,40,1.488632435,20.33597077,13.66084085,0.4753824346,19.32272077
R-507A,-40,45,1.488632435,22.62675,15.19968897,0.4753824346,21.6135
R-507A,-40,50,1.488632435,25.05343228,16.82983099,0.4753824346,24.04018228
R-507A,-40,55,1.488632435,27.61421512,18.55005606,0.4753824346,26.60096512
R-507A,-40,60,1.488632435,30.30778951,20.35948486,0.4753824346,29.29453951
R-507A,-40,65,1.488632435,33.13377795,22.25786378,0.4753824346,32.12052795
R-507A,-40,70,1.488632435,36.0932004,24.24587801,0.4753824346,35.0799504
R-507A,-35,20,1.866817717,12.56427963,6.730319471,0.8535677172,11.55102963
R-507A,-35,25,1.866817717,14.29644921,7.658192379,0.8535677172,13.28319921
R-507A,-35,30,1.866817717,16.1694545,8.66150688,0.8535677172,15.1562045
R-507A,-35,35,1.866817717,18.1829918,9.740100299,0.8535677172,17.1697418
R-507A,-35,40,1.866817717,20.33597077,10.89338857,0.8535677172,19.32272077
R-507A,-35,45,1.866817717,22.62675,12.12049242,0.8535677172,21.6135
R-507A,-35,50,1.866817717,25.05343228,13.4203956,0.8535677172,24.04018228
R-507A,-35,55,1.866817717,27.61421512,14.79213255,0.8535677172,26.60096512
R-507A,-35,60,1.866817717,30.30778951,16.23500208,0.8535677172,29.29453951
R-507A,-35,65,1.866817717,33.13377795,17.74880195,0.8535677172,32.12052795
R-507A,-35,70,1.866817717,36.0932004,19.33407856,0.8535677172,35.0799504
R-507A,-30,20,2.317496852,12.56427963,5.421487247,1.304246852,11.55102963
R-507A,-30,25,2.317496852,14.29644921,6.168918504,1.304246852,13.28319921
R-507A,-30,30,2.317496852,16.1694545,6.977120373,1.304246852,15.1562045
R-507A,-30,35,2.317496852,18.1829918,7.845961813,1.304246852,17.1697418
R-507A,-30,40,2.317496852,20.33597077,8.774972339,1.304246852,19.32272077
R-507A,-30,45,2.317496852,22.62675,9.76344368,1.304246852,21.6135
R-507A,-30,50,2.317496852,25.05343228,10.8105572,1.304246852,24.04018228
R-507A,-30,55,2.317496852,27.61421512,11.91553511,1.304246852,26.60096512
R-507A,-30,60,2.317496852,30.30778951,13.07781259,1.304246852,29.29453951
R-507A,-30,65,2.317496852,33.13377795,14.29722673,1.304246852,32.12052795
R-507A,-30,70,2.317496852,36.0932004,15.57421766,1.304246852,35.0799504
R-507A,-25,20,2.849228524,12.56427963,4.409712848,1.835978524,11.55102963
R-507A,-25,25,2.849228524,14.29644921,5.017656216,1.835978524,13.28319921
R-507A,-25,30,2.849228524,16.1694545,5.675028999,1.835978524,15.1562045
R-507A,-25,35,2.849228524,18.1829918,6.381724614,1.835978524,17.1697418
R-507A,-25,40,2.849228524,20.33597077,7.137360377,1.835978524,19.32272077
R-507A,-25,45,2.849228524,22.62675,7.941360197,1.835978524,21.6135
R-507A,-25,50,2.849228524,25.05343228,8.793058213,1.835978524,24.04018228
R-507A,-25,55,2.849228524,27.61421512,9.691821798,1.835978524,26.60096512
R-507A,-25,60,2.849228524,30.30778951,10.63719153,1.835978524,29.29453951
R-507A,-25,65,2.849228524,33.13377795,11.6290349,1.835978524,32.12052795
R-507A,-25,70,2.849228524,36.0932004,12.66770991,1.835978524,35.0799504
R-507A,-20,20,3.470587223,12.56427963,3.620217221,2.457337223,11.55102963
R-507A,-20,25,3.470587223,14.29644921,4.119317077,2.457337223,13.28319921
R-507A,-20,30,3.470587223,16.1694545,4.658996724,2.457337223,15.1562045
R-507A,-20,35,3.470587223,18.1829918,5.239168659,2.457337223,17.1697418
R-507A,-20,40,3.470587223,20.33597077,5.859518712,2.457337223,19.32272077
R-507A,-20,45,3.470587223,22.62675,6.519573935,2.457337223,21.6135
R-507A,-20,50,3.470587223,25.05343228,7.218787677,2.457337223,24.04018228
R-507A,-20,55,3.470587223,27.61421512,7.956640576,2.457337223,26.60096512
R-507A,-20,60,3.470587223,30.30778951,8.732755458,2.457337223,29.29453951
R-507A,-20,65,3.470587223,33.13377795,9.54702355,2.457337223,32.12052795
R-507A,-20,70,3.470587223,36.0932004,10.39973874,2.457337223,35.0799504
R-507A,-15,20,4.189989674,12.56427963,2.998642147,3.176739674,11.55102963
R-507A,-15,25,4.189989674,14.29644921,3.412048794,3.176739674,13.28319921
R-507A,-15,30,4.189989674,16.1694545,3.859067864,3.176739674,15.1562045
R-507A,-15,35,4.189989674,18.1829918,4.339626877,3.176739674,17.1697418
R-507A,-15,40,4.189989674,20.33597077,4.853465607,3.176739674,19.32272077
R-507A,-15,45,4.189989674,22.62675,5.400192305,3.176739674,21.6135
R-507A,-15,50,4.189989674,25.05343228,5.979354181,3.176739674,24.04018228
R-507A,-15,55,4.189989674,27.61421512,6.590521044,3.176739674,26.60096512
R-507A,-15,60,4.189989674,30.30778951,7.233380479,3.176739674,29.29453951
R-507A,-15,65,4.189989674,33.13377795,7.907842388,3.176739674,32.12052795
R-507A,-15,70,4.189989674,36.0932004,8.614150204,3.176739674,35.0799504
R-507A,-10,20,5.015514134,12.56427963,2.505083087,4.002264134,11.55102963
R-507A,-10,25,5.015514134,14.29644921,2.850445404,4.002264134,13.28319921
R-507A,-10,30,5.015514134,16.1694545,3.223887735,4.002264134,15.1562045
R-507A,-10,35,5.015514134,18.1829918,3.625349529,4.002264134,17.1697418
R-507A,-10,40,5.015514134,20.33597077,4.054613392,4.002264134,19.32272077
R-507A,-10,45,5.015514134,22.62675,4.511352055,4.002264134,21.6135
R-507A,-10,50,5.015514134,25.05343228,4.995187254,4.002264134,24.04018228
R-507A,-10,55,5.015514134,27.61421512,5.505759605,4.002264134,26.60096512
R-507A,-10,60,5.015514134,30.30778951,6.042808115,4.002264134,29.29453951
R-507A,-10,65,5.015514134,33.13377795,6.606257516,4.002264134,32.12052795
R-507A,-10,70,5.015514134,36.0932004,7.196311174,4.002264134,35.0799504
R-507A,-5,20,5.954719912,12.56427963,2.109969875,4.941469912,11.55102963
R-507A,-5,25,5.954719912,14.29644921,2.400860062,4.941469912,13.28319921
R-507A,-5,30,5.954719912,16.1694545,2.715401352,4.941469912,15.1562045
R-507A,-5,35,5.954719912,18.1829918,3.053542748,4.941469912,17.1697418
R-507A,-5,40,5.954719912,20.33597077,3.415101142,4.941469912,19.32272077
R-507A,-5,45,5.954719912,22.62675,3.799800886,4.941469912,21.6135
R-507A,-5,50,5.954719912,25.05343228,4.207323375,4.941469912,24.04018228
R-507A,-5,55,5.954719912,27.61421512,4.637365909,4.941469912,26.60096512
R-507A,-5,60,5.954719912,30.30778951,5.089708661,4.941469912,29.29453951
R-507A,-5,65,5.954719912,33.13377795,5.564288235,4.941469912,32.12052795
R-507A,-5,70,5.954719912,36.0932004,6.061275919,4.941469912,35.0799504
R-507A,0,20,7.01447527,12.56427963,1.791193089,6.00122527,11.55102963
R-507A,0,25,7.01447527,14.29644921,2.038135237,6.00122527,13.28319921
R-507A,0,30,7.01447527,16.1694545,2.305155251,6.00122527,15.1562045
R-507A,0,35,7.01447527,18.1829918,2.592209838,6.00122527,17.1697418
R-507A,0,40,7.01447527,20.33597077,2.899143555,6.00122527,19.32272077
R-507A,0,45,7.01447527,22.62675,3.225722399,6.00122527,21.6135
R-507A,0,50,7.01447527,25.05343228,3.5716759,6.00122527,24.04018228
R-507A,0,55,7.01447527,27.61421512,3.936747092,6.00122527,26.60096512
R-507A,0,60,7.01447527,30.30778951,4.320749357,6.00122527,29.29453951
R-507A,0,65,7.01447527,33.13377795,4.723628878,6.00122527,32.12052795
R-507A,0,70,7.01447527,36.0932004,5.145531065,6.00122527,35.0799504
R-507A,5,20,8.200802363,12.56427963,1.53207931,7.187552363,11.55102963
R-507A,5,25,8.200802363,14.29644921,1.743298836,7.187552363,13.28319921
R-507A,5,30,8.200802363,16.1694545,1.971691767,7.187552363,15.1562045
R-507A,5,35,8.200802363,18.1829918,2.217221072,7.187552363,17.1697418
R-507A,5,40,8.200802363,20.33597077,2.479753794,7.187552363,19.32272077
R-507A,5,45,8.200802363,22.62675,2.759089781,7.187552363,21.6135
R-507A,5,50,8.200802363,25.05343228,3.05499769,7.187552363,24.04018228
R-507A,5,55,8.200802363,27.61421512,3.367257726,7.187552363,26.60096512
R-507A,5,60,8.200802363,30.30778951,3.69571027,7.187552363,29.29453951
R-507A,5,65,8.200802363,33.13377795,4.040309287,7.187552363,32.12052795
R-507A,5,70,8.200802363,36.0932004,4.401179154,7.187552363,35.0799504
R-507A,10,20,9.518748022,12.56427963,1.319950859,8.505498022,11.55102963
R-507A,10,25,9.518748022,14.29644921,1.501925377,8.505498022,13.28319921
R-507A,10,30,9.518748022,16.1694545,1.698695507,8.505498022,15.1562045
R-507A,10,35,9.518748022,18.1829918,1.910229346,8.505498022,17.1697418
R-507A,10,40,9.518748022,20.33597077,2.136412344,8.505498022,19.32272077
R-507A,10,45,9.518748022,22.62675,2.377072063,8.505498022,21.6135
R-507A,10,50,9.518748022,25.05343228,2.632009191,8.505498022,24.04018228
R-507A,10,55,9.518748022,27.61421512,2.901034364,8.505498022,26.60096512
R-507A,10,60,9.518748022,30.30778951,3.184010065,8.505498022,29.29453951
R-507A,10,65,9.518748022,33.13377795,3.480896634,8.505498022,32.12052795
R-507A,10,70,9.518748022,36.0932004,3.791801224,8.505498022,35.0799504
R-32,-50,20,1.142698336,15.1237845,13.23515054,0.1294483364,14.1105345
R-32,-50,25,1.142698336,17.19405031,15.04688487,0.1294483364,16.18080031
R-32,-50,30,1.142698336,19.4318734,17.0052522,0.1294483364,18.4186234
R-32,-50,35,1.142698336,21.83656663,19.1096512,0.1294483364,20.82331663
R-32,-50,40,1.142698336,24.40628037,21.3584632,0.1294483364,23.39303037
R-32,-50,45,1.142698336,27.13821813,23.74924096,0.1294483364,26.12496813
R-32,-50,50,1.142698336,30.02891926,26.27895597,0.1294483364,29.01566926
R-32,-50,55,1.142698336,33.07460532,28.94430163,0.1294483364,32.06135532
R-32,-50,60,1.142698336,36.27158464,31.74204729,0.1294483364,35.25833464
R-32,-50,65,1.142698336,39.61670709,34.66943621,0.1294483364,38.60345709
R-32,-50,70,1.142698336,43.10785878,37.72461848,0.1294483364,42.09460878
R-32,-45,20,1.457687862,15.1237845,10.37518723,0.4444378624,14.1105345
R-32,-45,25,1.457687862,17.19405031,11.79542668,0.4444378624,16.18080031
R-32,-45,30,1.457687862,19.4318734,13.33061343,0.4444378624,18.4186234
R-32,-45,35,1.457687862,21.83656663,14.98027609,0.4444378624,20.82331663
R-32,-45,40,1.457687862,24.40628037,16.74314577,0.4444378624,23.39303037
R-32,-45,45,1.457687862,27.13821813,18.61730404,0.4444378624,26.12496813
R-32,-45,50,1.457687862,30.02891926,20.60037683,0.4444378624,29.01566926
R-32,-45,55,1.457687862,33.07460532,22.68977205,0.4444378624,32.06135532
R-32,-45,60,1.457687862,36.27158464,24.88295716,0.4444378624,35.25833464
R-32,-45,65,1.457687862,39.61670709,27.17777112,0.4444378624,38.60345709
R-32,-45,70,1.457687862,43.10785878,29.57276375,0.4444378624,42.09460878
R-32,-40,20,1.839748706,15.1237845,8.220570805,0.8264987057,14.1105345
R-32,-40,25,1.839748706,17.19405031,9.34586895,0.8264987057,16.18080031
R-32,-40,30,1.839748706,19.4318734,10.56224328,0.8264987057,18.4186234
R-32,-40,35,1.839748706,21.83656663,11.86932029,0.8264987057,20.82331663
R-32,-40,40,1.839748706,24.40628037,13.2660946,0.8264987057,23.39303037
R-32,-40,45,1.839748706,27.13821813,14.75104619,0.8264987057,26.12496813
R-32,-40,50,1.839748706,30.02891926,16.322294,0.8264987057,29.01566926
R-32,-40,55,1.839748706,33.07460532,17.97778426,0.8264987057,32.06135532
R-32,-40,60,1.839748706,36.27158464,19.71551034,0.8264987057,35.25833464
R-32,-40,65,1.839748706,39.61670709,21.53376,0.8264987057,38.60345709
R-32,-40,70,1.839748706,43.10785878,23.43138421,0.8264987057,42.09460878
R-32,-35,20,2.298374366,15.1237845,6.580209353,1.285124366,14.1105345
R-32,-35,25,2.298374366,17.19405031,7.48096157,1.285124366,16.18080031
R-32,-35,30,2.298374366,19.4318734,8.454616311,1.285124366,18.4186234
R-32,-35,35,2.298374366,21.83656663,9.5008746,1.285124366,20.82331663
R-32,-35,40,2.298374366,24.40628037,10.61893168,1.285124366,23.39303037
R-32,-35,45,2.298374366,27.13821813,11.80757084,1.285124366,26.12496813
R-32,-35,50,2.298374366,30.02891926,13.06528637,1.285124366,29.01566926
R-32,-35,55,2.298374366,33.07460532,14.39043431,1.285124366,32.06135532
R-32,-35,60,2.298374366,36.27158464,15.78140845,1.285124366,35.25833464
R-32,-35,65,2.298374366,39.61670709,17.23683821,1.285124366,38.60345709
R-32,-35,70,2.298374366,43.10785878,18.75580385,1.285124366,42.09460878
R-32,-30,20,2.843435339,15.1237845,5.318842419,1.830185339,14.1105345
R-32,-30,25,2.843435339,17.19405031,6.04692854,1.830185339,16.18080031
R-32,-30,30,2.843435339,19.4318734,6.833942426,1.830185339,18.4186234
R-32,-30,35,2.843435339,21.83656663,7.679642414,1.830185339,20.82331663
R-32,-30,40,2.843435339,24.40628037,8.583378011,1.830185339,23.39303037
R-32,-30,45,2.843435339,27.13821813,9.544165733,1.830185339,26.12496813
R-32,-30,50,2.843435339,30.02891926,10.56078851,1.830185339,29.01566926
R-32,-30,55,2.843435339,33.07460532,11.63191751,1.830185339,32.06135532
R-32,-30,60,2.843435339,36.27158464,12.75625443,1.830185339,35.25833464
R-32,-30,65,2.843435339,39.61670709,13.9326914,1.830185339,38.60345709
R-32,-30,70,2.843435339,43.10785878,15.16048499,1.830185339,42.09460878
R-32,-25,20,3.485018991,15.1237845,4.339656266,2.471768991,14.1105345
R-32,-25,25,3.485018991,17.19405031,4.933703475,2.471768991,16.18080031
R-32,-25,30,3.485018991,19.4318734,5.575829989,2.471768991,18.4186234
R-32,-25,35,3.485018991,21.83656663,6.265838634,2.471768991,20.82331663
R-32,-25,40,3.485018991,24.40628037,7.003198671,2.471768991,23.39303037
R-32,-25,45,3.485018991,27.13821813,7.787107675,2.471768991,26.12496813
R-32,-25,50,3.485018991,30.02891926,8.616572634,2.471768991,29.01566926
R-32,-25,55,3.485018991,33.07460532,9.490509351,2.471768991,32.06135532
R-32,-25,60,3.485018991,36.27158464,10.40785853,2.471768991,35.25833464
R-32,-25,65,3.485018991,39.61670709,11.36771627,2.471768991,38.60345709
R-32,-25,70,3.485018991,43.10785878,12.369476,2.471768991,42.09460878
R-32,-20,20,4.233247433,15.1237845,3.572620013,3.219997433,14.1105345
R-32,-20,25,4.233247433,17.19405031,4.061669104,3.219997433,16.18080031
R-32,-20,30,4.233247433,19.4318734,4.590299459,3.219997433,18.4186234
R-32,-20,35,4.233247433,21.83656663,5.158348757,3.219997433,20.82331663
R-32,-20,40,4.233247433,24.40628037,5.765380067,3.219997433,23.39303037
R-32,-20,45,4.233247433,27.13821813,6.410732792,3.219997433,26.12496813
R-32,-20,50,4.233247433,30.02891926,7.093589435,3.219997433,29.01566926
R-32,-20,55,4.233247433,33.07460532,7.813057433,3.219997433,32.06135532
R-32,-20,60,4.233247433,36.27158464,8.568264722,3.219997433,35.25833464
R-32,-20,65,4.233247433,39.61670709,9.358467162,3.219997433,38.60345709
R-32,-20,70,4.233247433,43.10785878,10.1831654,3.219997433,42.09460878
R-32,-15,20,5.098078604,15.1237845,2.966565577,4.084828604,14.1105345
R-32,-15,25,5.098078604,17.19405031,3.37265304,4.084828604,16.18080031
R-32,-15,30,5.098078604,19.4318734,3.811607256,4.084828604,18.4186234
R-32,-15,35,5.098078604,21.83656663,4.283293438,4.084828604,20.82331663
R-32,-15,40,5.098078604,24.40628037,4.787348776,4.084828604,23.39303037
R-32,-15,45,5.098078604,27.13821813,5.323224736,4.084828604,26.12496813
R-32,-15,50,5.098078604,30.02891926,5.8902425,4.084828604,29.01566926
R-32,-15,55,5.098078604,33.07460532,6.487660918,4.084828604,32.06135532
R-32,-15,60,5.098078604,36.27158464,7.114755862,4.084828604,35.25833464
R-32,-15,65,5.098078604,39.61670709,7.770909427,4.084828604,38.60345709
R-32,-15,70,5.098078604,43.10785878,8.455706967,4.084828604,42.09460878
R-32,-10,20,6.089097059,15.1237845,2.483748305,5.075847059,14.1105345
R-32,-10,25,6.089097059,17.19405031,2.823743839,5.075847059,16.18080031
R-32,-10,30,6.089097059,19.4318734,3.191256965,5.075847059,18.4186234
R-32,-10,35,6.089097059,21.83656663,3.586174834,5.075847059,20.82331663
R-32,-10,40,6.089097059,24.40628037,4.008193683,5.075847059,23.39303037
R-32,-10,45,6.089097059,27.13821813,4.456854254,5.075847059,26.12496813
R-32,-10,50,6.089097059,30.02891926,4.93158821,5.075847059,29.01566926
R-32,-10,55,6.089097059,33.07460532,5.431775024,5.075847059,32.06135532
R-32,-10,60,6.089097059,36.27158464,5.956808421,5.075847059,35.25833464
R-32,-10,65,6.089097059,39.61670709,6.506171063,5.075847059,38.60345709
R-32,-10,70,6.089097059,43.10785878,7.07951579,5.075847059,42.09460878
R-32,-5,20,7.215302097,15.1237845,2.096070864,6.202052097,14.1105345
R-32,-5,25,7.215302097,17.19405031,2.382997978,6.202052097,16.18080031
R-32,-5,30,7.215302097,19.4318734,2.693147583,6.202052097,18.4186234
R-32,-5,35,7.215302097,21.83656663,3.026424444,6.202052097,20.82331663
R-32,-5,40,7.215302097,24.40628037,3.382572211,6.202052097,23.39303037
R-32,-5,45,7.215302097,27.13821813,3.76120331,6.202052097,26.12496813
R-32,-5,50,7.215302097,30.02891926,4.161838113,6.202052097,29.01566926
R-32,-5,55,7.215302097,33.07460532,4.583952948,6.202052097,32.06135532
R-32,-5,60,7.215302097,36.27158464,5.027036173,6.202052097,35.25833464
R-32,-5,65,7.215302097,39.61670709,5.490651196,6.202052097,38.60345709
R-32,-5,70,7.215302097,43.10785878,5.974505045,6.202052097,42.09460878
R-32,0,20,8.4849018,15.1237845,1.78243483,7.4716518,14.1105345
R-32,0,25,8.4849018,17.19405031,2.02642891,7.4716518,16.18080031
R-32,0,30,8.4849018,19.4318734,2.290170689,7.4716518,18.4186234
R-32,0,35,8.4849018,21.83656663,2.573579182,7.4716518,20.82331663
R-32,0,40,8.4849018,24.40628037,2.876436397,7.4716518,23.39303037
R-32,0,45,8.4849018,27.13821813,3.198412754,7.4716518,26.12496813
R-32,0,50,8.4849018,30.02891926,3.53910039,7.4716518,29.01566926
R-32,0,55,8.4849018,33.07460532,3.898053991,7.4716518,32.06135532
R-32,0,60,8.4849018,36.27158464,4.274838471,7.4716518,35.25833464
R-32,0,65,8.4849018,39.61670709,4.669082568,7.4716518,38.60345709
R-32,0,70,8.4849018,43.10785878,5.080537146,7.4716518,42.09460878
R-32,5,20,9.90512211,15.1237845,1.526865023,8.89187211,14.1105345
R-32,5,25,9.90512211,17.19405031,1.735874643,8.89187211,16.18080031
R-32,5,30,9.90512211,19.4318734,1.961800489,8.89187211,18.4186234
R-32,5,35,9.90512211,21.83656663,2.204573189,8.89187211,20.82331663
R-32,5,40,9.90512211,24.40628037,2.464006006,8.89187211,23.39303037
R-32,5,45,9.90512211,27.13821813,2.739816615,8.89187211,26.12496813
R-32,5,50,9.90512211,30.02891926,3.031655635,8.89187211,29.01566926
R-32,5,55,9.90512211,33.07460532,3.339141603,8.89187211,32.06135532
R-32,5,60,9.90512211,36.27158464,3.661901815,8.89187211,35.25833464
R-32,5,65,9.90512211,39.61670709,3.999618243,8.89187211,38.60345709
R-32,5,70,9.90512211,43.10785878,4.35207747,8.89187211,42.09460878
R-32,10,20,11.48204039,15.1237845,1.317168725,10.46879039,14.1105345
R-32,10,25,11.48204039,17.19405031,1.497473421,10.46879039,16.18080031
R-32,10,30,11.48204039,19.4318734,1.692371106,10.46879039,18.4186234
R-32,10,35,11.48204039,21.83656663,1.901801935,10.46879039,20.82331663
R-32,10,40,11.48204039,24.40628037,2.125604817,10.46879039,23.39303037
R-32,10,45,11.48204039,27.13821813,2.363536201,10.46879039,26.12496813
R-32,10,50,11.48204039,30.02891926,2.61529469,10.46879039,29.01566926
R-32,10,55,11.48204039,33.07460532,2.880551208,10.46879039,32.06135532
R-32,10,60,11.48204039,36.27158464,3.15898424,10.46879039,35.25833464
R-32,10,65,11.48204039,39.61670709,3.450319432,10.46879039,38.60345709
R-32,10,70,11.48204039,43.10785878,3.754372682,10.46879039,42.09460878
R-407A,-50,20,0.8273359801,11.92323612,14.4116011,0,10.90998612
R-407A,-50,25,0.8273359801,13.62463485,16.46807969,0,12.61138485
R-407A,-50,30,0.8273359801,15.47464123,18.70418016,0,14.46139123
R-407A,-50,35,0.8273359801,17.4740749,21.12089323,0,16.4608249
R-407A,-50,40,0.8273359801,19.62266344,23.7178896,0,18.60941344
R-407A,-50,45,0.8273359801,21.9191733,26.49367829,0,20.9059233
R-407A,-50,50,0.8273359801,24.36159872,29.44583495,0,23.34834872
R-407A,-50,55,0.8273359801,26.94740776,32.57129922,0,25.93415776
R-407A,-50,60,0.8273359801,29.67384285,35.86673801,0,28.66059285
R-407A,-50,65,0.8273359801,32.53827092,39.32896876,0,31.52502092
R-407A,-50,70,0.8273359801,35.53857659,42.9554346,0,34.52532659
R-407A,-45,20,1.062938104,11.92323612,11.21724405,0.04968810381,10.90998612
R-407A,-45,25,1.062938104,13.62463485,12.8179005,0.04968810381,12.61138485
R-407A,-45,30,1.062938104,15.47464123,14.55836532,0.04968810381,14.46139123
R-407A,-45,35,1.062938104,17.4740749,16.43940963,0.04968810381,16.4608249
R-407A,-45,40,1.062938104,19.62266344,18.46077713,0.04968810381,18.60941344
R-407A,-45,45,1.062938104,21.9191733,20.62130732,0.04968810381,20.9059233
R-407A,-45,50,1.062938104,24.36159872,22.91911319,0.04968810381,23.34834872
R-407A,-45,55,1.062938104,26.94740776,25.35181274,0.04968810381,25.93415776
R-407A,-45,60,1.062938104,29.67384285,27.91681166,0.04968810381,28.66059285
R-407A,-45,65,1.062938104,32.53827092,30.61163279,0.04968810381,31.52502092
R-407A,-45,70,1.062938104,35.53857659,33.43428602,0.04968810381,34.52532659
R-407A,-40,20,1.350849667,11.92323612,8.826471525,0.3375996669,10.90998612
R-407A,-40,25,1.350849667,13.62463485,10.08597417,0.3375996669,12.61138485
R-407A,-40,30,1.350849667,15.47464123,11.45548732,0.3375996669,14.46139123
R-407A,-40,35,1.350849667,17.4740749,12.93561773,0.3375996669,16.4608249
R-407A,-40,40,1.350849667,19.62266344,14.52616373,0.3375996669,18.60941344
R-407A,-40,45,1.350849667,21.9191733,16.22621217,0.3375996669,20.9059233
R-407A,-40,50,1.350849667,24.36159872,18.03427821,0.3375996669,23.34834872
R-407A,-40,55,1.350849667,26.94740776,19.94848755,0.3375996669,25.93415776
R-407A,-40,60,1.350849667,29.67384285,21.9667988,0.3375996669,28.66059285
R-407A,-40,65,1.350849667,32.53827092,24.08726279,0.3375996669,31.52502092
R-407A,-40,70,1.350849667,35.53857659,26.30831354,0.3375996669,34.52532659
R-407A,-35,20,1.698998674,11.92323612,7.0178019,0.6857486736,10.90998612
R-407A,-35,25,1.698998674,13.62463485,8.019214533,0.6857486736,12.61138485
R-407A,-35,30,1.698998674,15.47464123,9.108094943,0.6857486736,14.46139123
R-407A,-35,35,1.698998674,17.4740749,10.28492557,0.6857486736,16.4608249
R-407A,-35,40,1.698998674,19.62266344,11.54954606,0.6857486736,18.60941344
R-407A,-35,45,1.698998674,21.9191733,12.90123038,0.6857486736,20.9059233
R-407A,-35,50,1.698998674,24.36159872,14.33879796,0.6857486736,23.34834872
R-407A,-35,55,1.698998674,26.94740776,15.86075856,0.6857486736,25.93415776
R-407A,-35,60,1.698998674,29.67384285,17.46548912,0.6857486736,28.66059285
R-407A,-35,65,1.698998674,32.53827092,19.15143986,0.6857486736,31.52502092
R-407A,-35,70,1.698998674,35.53857659,20.91736571,0.6857486736,34.52532659
R-407A,-30,20,2.115747647,11.92323612,5.635471761,1.102497647,10.90998612
R-407A,-30,25,2.115747647,13.62463485,6.439631339,1.102497647,12.61138485
R-407A,-30,30,2.115747647,15.47464123,7.314029747,1.102497647,14.46139123
R-407A,-30,35,2.115747647,17.4740749,8.259054394,1.102497647,16.4608249
R-407A,-30,40,2.115747647,19.62266344,9.274576516,1.102497647,18.60941344
R-407A,-30,45,2.115747647,21.9191733,10.36001308,1.102497647,20.9059233
R-407A,-30,50,2.115747647,24.36159872,11.51441607,1.102497647,23.34834872
R-407A,-30,55,2.115747647,26.94740776,12.73658879,1.102497647,25.93415776
R-407A,-30,60,2.115747647,29.67384285,14.02522786,1.102497647,28.66059285
R-407A,-30,65,2.115747647,32.53827092,15.37908879,1.102497647,31.52502092
R-407A,-30,70,2.115747647,35.53857659,16.79717174,1.102497647,34.52532659
R-407A,-25,20,2.609776813,11.92323612,4.56868038,1.596526813,10.90998612
R-407A,-25,25,2.609776813,13.62463485,5.220613038,1.596526813,12.61138485
R-407A,-25,30,2.609776813,15.47464123,5.929488358,1.596526813,14.46139123
R-407A,-25,35,2.609776813,17.4740749,6.695620414,1.596526813,16.4608249
R-407A,-25,40,2.609776813,19.62266344,7.518904814,1.596526813,18.60941344
R-407A,-25,45,2.609776813,21.9191733,8.398868897,1.596526813,20.9059233
R-407A,-25,50,2.609776813,24.36159872,9.334744105,1.596526813,23.34834872
R-407A,-25,55,2.609776813,26.94740776,10.32556027,1.596526813,25.93415776
R-407A,-25,60,2.609776813,29.67384285,11.37026075,1.596526813,28.66059285
R-407A,-25,65,2.609776813,32.53827092,12.46783662,1.596526813,31.52502092
R-407A,-25,70,2.609776813,35.53857659,13.61747733,1.596526813,34.52532659
R-407A,-20,20,3.189945888,11.92323612,3.737754977,2.176695888,10.90998612
R-407A,-20,25,3.189945888,13.62463485,4.27111786,2.176695888,12.61138485
R-407A,-20,30,3.189945888,15.47464123,4.851066999,2.176695888,14.46139123
R-407A,-20,35,3.189945888,17.4740749,5.477859348,2.176695888,16.4608249
R-407A,-20,40,3.189945888,19.62266344,6.1514095,2.176695888,18.60941344
R-407A,-20,45,3.189945888,21.9191733,6.871330759,2.176695888,20.9059233
R-407A,-20,50,3.189945888,24.36159872,7.636994348,2.176695888,23.34834872
R-407A,-20,55,3.189945888,26.94740776,8.447606545,2.176695888,25.93415776
R-407A,-20,60,3.189945888,29.67384285,9.302302888,2.176695888,28.66059285
R-407A,-20,65,3.189945888,32.53827092,10.20025795,2.176695888,31.52502092
R-407A,-20,70,3.189945888,35.53857659,11.1408086,2.176695888,34.52532659
R-407A,-15,20,3.865137794,11.92323612,3.084815278,2.851887794,10.90998612
R-407A,-15,25,3.865137794,13.62463485,3.525006243,2.851887794,12.61138485
R-407A,-15,30,3.865137794,15.47464123,4.003645421,2.851887794,14.46139123
R-407A,-15,35,3.865137794,17.4740749,4.520944876,2.851887794,16.4608249
R-407A,-15,40,3.865137794,19.62266344,5.076834123,2.851887794,18.60941344
R-407A,-15,45,3.865137794,21.9191733,5.670994016,2.851887794,20.9059233
R-407A,-15,50,3.865137794,24.36159872,6.302905619,2.851887794,23.34834872
R-407A,-15,55,3.865137794,26.94740776,6.971913862,2.851887794,25.93415776
R-407A,-15,60,3.865137794,29.67384285,7.677305295,2.851887794,28.66059285
R-407A,-15,65,3.865137794,32.53827092,8.418398684,2.851887794,31.52502092
R-407A,-15,70,3.865137794,35.53857659,9.194646733,2.851887794,34.52532659
R-407A,-10,20,4.644088778,11.92323612,2.567400558,3.630838778,10.90998612
R-407A,-10,25,4.644088778,13.62463485,2.933758484,3.630838778,12.61138485
R-407A,-10,30,4.644088778,15.47464123,3.332115721,3.630838778,14.46139123
R-407A,-10,35,4.644088778,17.4740749,3.762648764,3.630838778,16.4608249
R-407A,-10,40,4.644088778,19.62266344,4.22529895,3.630838778,18.60941344
R-407A,-10,45,4.644088778,21.9191733,4.719800664,3.630838778,20.9059233
R-407A,-10,50,4.644088778,24.36159872,5.245722009,3.630838778,23.34834872
R-407A,-10,55,4.644088778,26.94740776,5.802517792,3.630838778,25.93415776
R-407A,-10,60,4.644088778,29.67384285,6.389594227,3.630838778,28.66059285
R-407A,-10,65,4.644088778,32.53827092,7.006384346,3.630838778,31.52502092
R-407A,-10,70,4.644088778,35.53857659,7.652432648,3.630838778,34.52532659
R-407A,-5,20,5.535210539,11.92323612,2.154070931,4.521960539,10.90998612
R-407A,-5,25,5.535210539,13.62463485,2.461448351,4.521960539,12.61138485
R-407A,-5,30,5.535210539,15.47464123,2.795673465,4.521960539,14.46139123
R-407A,-5,35,5.535210539,17.4740749,3.156894354,4.521960539,16.4608249
R-407A,-5,40,5.535210539,19.62266344,3.5450618,4.521960539,18.60941344
R-407A,-5,45,5.535210539,21.9191733,3.959952949,4.521960539,20.9059233
R-407A,-5,50,5.535210539,24.36159872,4.401205436,4.521960539,23.34834872
R-407A,-5,55,5.535210539,26.94740776,4.868361839,4.521960539,25.93415776
R-407A,-5,60,5.535210539,29.67384285,5.360923968,4.521960539,28.66059285
R-407A,-5,65,5.535210539,32.53827092,5.87841613,4.521960539,31.52502092
R-407A,-5,70,5.535210539,35.53857659,6.420456157,4.521960539,34.52532659
R-407A,0,20,6.546410856,11.92323612,1.821339415,5.533160856,10.90998612
R-407A,0,25,6.546410856,13.62463485,2.081237361,5.533160856,12.61138485
R-407A,0,30,6.546410856,15.47464123,2.363835935,5.533160856,14.46139123
R-407A,0,35,6.546410856,17.4740749,2.669260345,5.533160856,16.4608249
R-407A,0,40,6.546410856,19.62266344,2.997468975,5.533160856,18.60941344
R-407A,0,45,6.546410856,21.9191733,3.348273395,5.533160856,20.9059233
R-407A,0,50,6.546410856,24.36159872,3.721367212,5.533160856,23.34834872
R-407A,0,55,6.546410856,26.94740776,4.116363662,5.533160856,25.93415776
R-407A,0,60,6.546410856,29.67384285,4.532841507,5.533160856,28.66059285
R-407A,0,65,6.546410856,32.53827092,4.970398533,5.533160856,31.52502092
R-407A,0,70,6.546410856,35.53857659,5.428711605,5.533160856,34.52532659
R-407A,5,20,7.684919985,11.92323612,1.55151077,6.671669985,10.90998612
R-407A,5,25,7.684919985,13.62463485,1.772905233,6.671669985,12.61138485
R-407A,5,30,7.684919985,15.47464123,2.013637261,6.671669985,14.46139123
R-407A,5,35,7.684919985,17.4740749,2.273813512,6.671669985,16.4608249
R-407A,5,40,7.684919985,19.62266344,2.553398536,6.671669985,18.60941344
R-407A,5,45,7.684919985,21.9191733,2.852231818,6.671669985,20.9059233
R-407A,5,50,7.684919985,24.36159872,3.170052358,6.671669985,23.34834872
R-407A,5,55,7.684919985,26.94740776,3.506530688,6.671669985,25.93415776
R-407A,5,60,7.684919985,29.67384285,3.861307978,6.671669985,28.66059285
R-407A,5,65,7.684919985,32.53827092,4.234041601,6.671669985,31.52502092
R-407A,5,70,7.684919985,35.53857659,4.624456293,6.671669985,34.52532659
R-407A,10,20,8.957130563,11.92323612,1.331144616,7.943880563,10.90998612
R-407A,10,25,8.957130563,13.62463485,1.521093698,7.943880563,12.61138485
R-407A,10,30,8.957130563,15.47464123,1.727633768,7.943880563,14.46139123
R-407A,10,35,8.957130563,17.4740749,1.950856335,7.943880563,16.4608249
R-407A,10,40,8.957130563,19.62266344,2.190730983,7.943880563,18.60941344
R-407A,10,45,8.957130563,21.9191733,2.447119995,7.943880563,20.9059233
R-407A,10,50,8.957130563,24.36159872,2.719799443,7.943880563,23.34834872
R-407A,10,55,8.957130563,26.94740776,3.008486655,7.943880563,25.93415776
R-407A,10,60,8.957130563,29.67384285,3.312873765,7.943880563,28.66059285
R-407A,10,65,8.957130563,32.53827092,3.632666811,7.943880563,31.52502092
R-407A,10,70,8.957130563,35.53857659,3.967629626,7.943880563,34.52532659
R-407F,-50,20,0.8702576475,12.40580704,14.25532666,0,11.39255704
R-407F,-50,25,0.8702576475,14.16899638,16.28138106,0,13.15574638
R-407F,-50,30,0.8702576475,16.08527292,18.48334567,0,15.07202292
R-407F,-50,35,0.8702576475,18.15535983,20.86205146,0,17.14210983
R-407F,-50,40,0.8702576475,20.37884305,23.41702266,0,19.36559305
R-407F,-50,45,0.8702576475,22.75430499,26.14663032,0,21.74105499
R-407F,-50,50,0.8702576475,25.27951734,29.04831392,0,24.26626734
R-407F,-50,55,0.8702576475,27.95169234,32.11887011,0,26.93844234
R-407F,-50,60,0.8702576475,30.76778978,35.3548054,0,29.75453978
R-407F,-50,65,0.8702576475,33.72487471,38.75274732,0,32.71162471
R-407F,-50,70,0.8702576475,36.82051926,42.309906,0,35.80726926
R-407F,-45,20,1.116846643,12.40580704,11.10788766,0.1035966426,11.39255704
R-407F,-45,25,1.116846643,14.16899638,12.68660874,0.1035966426,13.15574638
R-407F,-45,30,1.116846643,16.08527292,14.40240075,0.1035966426,15.07202292
R-407F,-45,35,1.116846643,18.15535983,16.25591118,0.1035966426,17.14210983
R-407F,-45,40,1.116846643,20.37884305,18.24676932,0.1035966426,19.36559305
R-407F,-45,45,1.116846643,22.75430499,20.37370586,0.1035966426,21.74105499
R-407F,-45,50,1.116846643,25.27951734,22.63472564,0.1035966426,24.26626734
R-407F,-45,55,1.116846643,27.95169234,25.02733256,0.1035966426,26.93844234
R-407F,-45,60,1.116846643,30.76778978,27.54880447,0.1035966426,29.75453978
R-407F,-45,65,1.116846643,33.72487471,30.19651349,0.1035966426,32.71162471
R-407F,-45,70,1.116846643,36.82051926,32.96828576,0.1035966426,35.80726926
R-407F,-40,20,1.417880192,12.40580704,8.749545351,0.4046301917,11.39255704
R-407F,-40,25,1.417880192,14.16899638,9.993084367,0.4046301917,13.15574638
R-407F,-40,30,1.417880192,16.08527292,11.34459245,0.4046301917,15.07202292
R-407F,-40,35,1.417880192,18.15535983,12.80457963,0.4046301917,17.14210983
R-407F,-40,40,1.417880192,20.37884305,14.3727539,0.4046301917,19.36559305
R-407F,-40,45,1.417880192,22.75430499,16.04811544,0.4046301917,21.74105499
R-407F,-40,50,1.417880192,25.27951734,17.82909267,0.4046301917,24.26626734
R-407F,-40,55,1.417880192,27.95169234,19.71371947,0.4046301917,26.93844234
R-407F,-40,60,1.417880192,30.76778978,21.69985162,0.4046301917,29.75453978
R-407F,-40,65,1.417880192,33.72487471,23.78541918,0.4046301917,32.71162471
R-407F,-40,70,1.417880192,36.82051926,25.96870982,0.4046301917,35.80726926
R-407F,-35,20,1.781551149,12.40580704,6.963486312,0.768301149,11.39255704
R-407F,-35,25,1.781551149,14.16899638,7.95317967,0.768301149,13.15574638
R-407F,-35,30,1.781551149,16.08527292,9.028802194,0.768301149,15.07202292
R-407F,-35,35,1.781551149,18.15535983,10.1907598,0.768301149,17.14210983
R-407F,-35,40,1.781551149,20.37884305,11.43882008,0.768301149,19.36559305
R-407F,-35,45,1.781551149,22.75430499,12.77218732,0.768301149,21.74105499
R-407F,-35,50,1.781551149,25.27951734,14.18961075,0.768301149,24.26626734
R-407F,-35,55,1.781551149,27.95169234,15.68952559,0.768301149,26.93844234
R-407F,-35,60,1.781551149,30.76778978,17.27022533,0.768301149,29.75453978
R-407F,-35,65,1.781551149,33.72487471,18.93006257,0.768301149,32.71162471
R-407F,-35,70,1.781551149,36.82051926,20.6676745,0.768301149,35.80726926
R-407F,-30,20,2.216492159,12.40580704,5.59704531,1.203242159,11.39255704
R-407F,-30,25,2.216492159,14.16899638,6.392531697,1.203242159,13.15574638
R-407F,-30,30,2.216492159,16.08527292,7.257085418,1.203242159,15.07202292
R-407F,-30,35,2.216492159,18.15535983,8.191032735,1.203242159,17.14210983
R-407F,-30,40,2.216492159,20.37884305,9.194186847,1.203242159,19.36559305
R-407F,-30,45,2.216492159,22.75430499,10.26590818,1.203242159,21.74105499
R-407F,-30,50,2.216492159,25.27951734,11.40519141,1.203242159,24.26626734
R-407F,-30,55,2.216492159,27.95169234,12.61077881,1.203242159,26.93844234
R-407F,-30,60,2.216492159,30.76778978,13.88129873,1.203242159,29.75453978
R-407F,-30,65,2.216492159,33.72487471,15.21542704,1.203242159,32.71162471
R-407F,-30,70,2.216492159,36.82051926,16.61206836,1.203242159,35.80726926
R-407F,-25,20,2.731654208,12.40580704,4.5414998,1.718404208,11.39255704
R-407F,-25,25,2.731654208,14.16899638,5.186965589,1.718404208,13.15574638
R-407F,-25,30,2.731654208,16.08527292,5.888473319,1.718404208,15.07202292
R-407F,-25,35,2.731654208,18.15535983,6.646287723,1.718404208,17.14210983
R-407F,-25,40,2.731654208,20.37884305,7.460257228,1.718404208,19.36559305
R-407F,-25,45,2.731654208,22.75430499,8.32986288,1.718404208,21.74105499
R-407F,-25,50,2.731654208,25.27951734,9.254288944,1.718404208,24.26626734
R-407F,-25,55,2.731654208,27.95169234,10.23251488,1.718404208,26.93844234
R-407F,-25,60,2.731654208,30.76778978,11.26342774,1.718404208,29.75453978
R-407F,-25,65,2.731654208,33.72487471,12.34595309,1.718404208,32.71162471
R-407F,-25,70,2.731654208,36.82051926,13.47920215,1.718404208,35.80726926
R-407F,-20,20,3.336163338,12.40580704,3.718585028,2.322913338,11.39255704
R-407F,-20,25,3.336163338,14.16899638,4.247093126,2.322913338,13.15574638
R-407F,-20,30,3.336163338,16.08527292,4.821488427,2.322913338,15.07202292
R-407F,-20,35,3.336163338,18.15535983,5.441987693,2.322913338,17.14210983
R-407F,-20,40,3.336163338,20.37884305,6.108466818,2.322913338,19.36559305
R-407F,-20,45,3.336163338,22.75430499,6.820500883,2.322913338,21.74105499
R-407F,-20,50,3.336163338,25.27951734,7.57742196,2.322913338,24.26626734
R-407F,-20,55,3.336163338,27.95169234,8.378394435,2.322913338,26.93844234
R-407F,-20,60,3.336163338,30.76778978,9.222507013,2.322913338,29.75453978
R-407F,-20,65,3.336163338,33.72487471,10.10887996,2.322913338,32.71162471
R-407F,-20,70,3.336163338,36.82051926,11.03678553,2.322913338,35.80726926
R-407F,-15,20,4.039158942,12.40580704,3.071383725,3.025908942,11.39255704
R-407F,-15,25,4.039158942,14.16899638,3.507907607,3.025908942,13.15574638
R-407F,-15,30,4.039158942,16.08527292,3.982332251,3.025908942,15.07202292
R-407F,-15,35,4.039158942,18.15535983,4.494836694,3.025908942,17.14210983
R-407F,-15,40,4.039158942,20.37884305,5.045318429,3.025908942,19.36559305
R-407F,-15,45,4.039158942,22.75430499,5.633426492,3.025908942,21.74105499
R-407F,-15,50,4.039158942,25.27951734,6.258609205,3.025908942,24.26626734
R-407F,-15,55,4.039158942,27.95169234,6.920176388,3.025908942,26.93844234
R-407F,-15,60,4.039158942,30.76778978,7.617375354,3.025908942,29.75453978
R-407F,-15,65,4.039158942,33.72487471,8.349479482,3.025908942,32.71162471
R-407F,-15,70,4.039158942,36.82051926,9.115887685,3.025908942,35.80726926
R-407F,-10,20,4.84961831,12.40580704,2.558099679,3.83636831,11.39255704
R-407F,-10,25,4.84961831,14.16899638,2.921672485,3.83636831,13.15574638
R-407F,-10,30,4.84961831,16.08527292,3.316812148,3.83636831,15.07202292
R-407F,-10,35,4.84961831,18.15535983,3.743667783,3.83636831,17.14210983
R-407F,-10,40,4.84961831,20.37884305,4.202154015,3.83636831,19.36559305
R-407F,-10,45,4.84961831,22.75430499,4.691978531,3.83636831,21.74105499
R-407F,-10,50,4.84961831,25.27951734,5.212681849,3.83636831,24.26626734
R-407F,-10,55,4.84961831,27.95169234,5.763689131,3.83636831,26.93844234
R-407F,-10,60,4.84961831,30.76778978,6.344373477,3.83636831,29.75453978
R-407F,-10,65,4.84961831,33.72487471,6.954129698,3.83636831,32.71162471
R-407F,-10,70,4.84961831,36.82051926,7.592457161,3.83636831,35.80726926
R-407F,-5,20,5.776173132,12.40580704,2.147755401,4.762923132,11.39255704
R-407F,-5,25,5.776173132,14.16899638,2.453007563,4.762923132,13.15574638
R-407F,-5,30,5.776173132,16.08527292,2.784762949,4.762923132,15.07202292
R-407F,-5,35,5.776173132,18.15535983,3.143146754,4.762923132,17.14210983
R-407F,-5,40,5.776173132,20.37884305,3.528087297,4.762923132,19.36559305
R-407F,-5,45,5.776173132,22.75430499,3.939339156,4.762923132,21.74105499
R-407F,-5,50,5.776173132,25.27951734,4.376516555,4.762923132,24.26626734
R-407F,-5,55,5.776173132,27.95169234,4.839136865,4.762923132,26.93844234
R-407F,-5,60,5.776173132,30.76778978,5.326673747,4.762923132,29.75453978
R-407F,-5,65,5.776173132,33.72487471,5.83861909,4.762923132,32.71162471
R-407F,-5,70,5.776173132,36.82051926,6.374552567,4.762923132,35.80726926
R-407F,0,20,6.826924681,12.40580704,1.81718821,5.813674681,11.39255704
R-407F,0,25,6.826924681,14.16899638,2.075458137,5.813674681,13.15574638
R-407F,0,30,6.826924681,16.08527292,2.3561521,5.813674681,15.07202292
R-407F,0,35,6.826924681,18.15535983,2.659376026,5.813674681,17.14210983
R-407F,0,40,6.826924681,20.37884305,2.985069267,5.813674681,19.36559305
R-407F,0,45,6.826924681,22.75430499,3.333024173,5.813674681,21.74105499
R-407F,0,50,6.826924681,25.27951734,3.702914346,5.813674681,24.26626734
R-407F,0,55,6.826924681,27.95169234,4.094331438,5.813674681,26.93844234
R-407F,0,60,6.826924681,30.76778978,4.50683012,5.813674681,29.75453978
R-407F,0,65,6.826924681,33.72487471,4.939980488,5.813674681,32.71162471
R-407F,0,70,6.826924681,36.82051926,5.393426907,5.813674681,35.80726926
R-407F,5,20,8.009265075,12.40580704,1.548932009,6.996015075,11.39255704
R-407F,5,25,8.009265075,14.16899638,1.76907572,6.996015075,13.15574638
R-407F,5,30,8.009265075,16.08527292,2.008333196,6.996015075,15.07202292
R-407F,5,35,8.009265075,18.15535983,2.266794725,6.996015075,17.14210983
R-407F,5,40,8.009265075,20.37884305,2.544408614,6.996015075,19.36559305
R-407F,5,45,8.009265075,22.75430499,2.840997866,6.996015075,21.74105499
R-407F,5,50,8.009265075,25.27951734,3.156284266,6.996015075,24.26626734
R-407F,5,55,8.009265075,27.95169234,3.489919747,6.996015075,26.93844234
R-407F,5,60,8.009265075,30.76778978,3.84152472,6.996015075,29.75453978
R-407F,5,65,8.009265075,33.72487471,4.210732745,6.996015075,32.71162471
R-407F,5,70,8.009265075,36.82051926,4.597240685,6.996015075,35.80726926
R-407F,10,20,9.329712557,12.40580704,1.329709459,8.316462557,11.39255704
R-407F,10,25,9.329712557,14.16899638,1.518695918,8.316462557,13.15574638
R-407F,10,30,9.329712557,16.08527292,1.724090943,8.316462557,15.07202292
R-407F,10,35,9.329712557,18.15535983,1.945972045,8.316462557,17.14210983
R-407F,10,40,9.329712557,20.37884305,2.184294846,8.316462557,19.36559305
R-407F,10,45,9.329712557,22.75430499,2.438907399,8.316462557,21.74105499
R-407F,10,50,9.329712557,25.27951734,2.709570866,8.316462557,24.26626734
R-407F,10,55,9.329712557,27.95169234,2.995986443,8.316462557,26.93844234
R-407F,10,60,9.329712557,30.76778978,3.297828265,8.316462557,29.75453978
R-407F,10,65,9.329712557,33.72487471,3.614781753,8.316462557,32.71162471
R-407F,10,70,9.329712557,36.82051926,3.946586675,8.316462557,35.80726926
R-422D,-50,20,0.7565952596,11.08490329,14.65103456,0,10.07165329
R-422D,-50,25,0.7565952596,12.67359306,16.75082271,0,11.66034306
R-422D,-50,30,0.7565952596,14.40166448,19.03483309,0,13.38841448
R-422D,-50,35,0.7565952596,16.26998152,21.50420759,0,15.25673152
R-422D,-50,40,0.7565952596,18.27842495,24.15878863,0,17.26517495
R-422D,-50,45,0.7565952596,20.4260283,26.99729881,0,19.4127783
R-422D,-50,50,0.7565952596,22.71116967,30.01759446,0,21.69791967
R-422D,-50,55,0.7565952596,25.13181835,33.21699155,0,24.11856835
R-422D,-50,60,0.7565952596,27.68583316,36.5926601,0,26.67258316
R-422D,-50,65,0.7565952596,30.37130773,40.14208038,0,29.35805773
R-422D,-50,70,0.7565952596,33.18695545,43.86355192,0,32.17370545
R-422D,-45,20,0.9739374817,11.08490329,11.38153475,0,10.07165329
R-422D,-45,25,0.9739374817,12.67359306,13.01273778,0,11.66034306
R-422D,-45,30,0.9739374817,14.40166448,14.7870523,0,13.38841448
R-422D,-45,35,0.9739374817,16.26998152,16.70536542,0,15.25673152
R-422D,-45,40,0.9739374817,18.27842495,18.76755469,0,17.26517495
R-422D,-45,45,0.9739374817,20.4260283,20.97262779,0,19.4127783
R-422D,-45,50,0.9739374817,22.71116967,23.31891944,0,21.69791967
R-422D,-45,55,0.9739374817,25.13181835,25.80434455,0,24.11856835
R-422D,-45,60,0.9739374817,27.68583316,28.42670468,0,26.67258316
R-422D,-45,65,0.9739374817,30.37130773,31.1840424,0,29.35805773
R-422D,-45,70,0.9739374817,33.18695545,34.07503672,0,32.17370545
R-422D,-40,20,1.239961432,11.08490329,8.939716192,0.2267114321,10.07165329
R-422D,-40,25,1.239961432,12.67359306,10.22095747,0.2267114321,11.66034306
R-422D,-40,30,1.239961432,14.40166448,11.6146068,0.2267114321,13.38841448
R-422D,-40,35,1.239961432,16.26998152,13.12136096,0.2267114321,15.25673152
R-422D,-40,40,1.239961432,18.27842495,14.74112378,0.2267114321,17.26517495
R-422D,-40,45,1.239961432,20.4260283,16.47311583,0.2267114321,19.4127783
R-422D,-40,50,1.239961432,22.71116967,18.3160291,0.2267114321,21.69791967
R-422D,-40,55,1.239961432,25.13181835,20.26822585,0.2267114321,24.11856835
R-422D,-40,60,1.239961432,27.68583316,22.32797928,0.2267114321,26.67258316
R-422D,-40,65,1.239961432,30.37130773,24.49375193,0.2267114321,29.35805773
R-422D,-40,70,1.239961432,33.18695545,26.76450621,0.2267114321,32.17370545
R-422D,-35,20,1.562111923,11.08490329,7.096100563,0.5488619225,10.07165329
R-422D,-35,25,1.562111923,12.67359306,8.113114609,0.5488619225,11.66034306
R-422D,-35,30,1.562111923,14.40166448,9.219355074,0.5488619225,13.38841448
R-422D,-35,35,1.562111923,16.26998152,10.41537504,0.5488619225,15.25673152
R-422D,-35,40,1.562111923,18.27842495,11.70109817,0.5488619225,17.26517495
R-422D,-35,45,1.562111923,20.4260283,13.07590577,0.5488619225,19.4127783
R-422D,-35,50,1.562111923,22.71116967,14.53875957,0.5488619225,21.69791967
R-422D,-35,55,1.562111923,25.13181835,16.0883596,0.5488619225,24.11856835
R-422D,-35,60,1.562111923,27.68583316,17.72333516,0.5488619225,26.67258316
R-422D,-35,65,1.562111923,30.37130773,19.44246586,0.5488619225,29.35805773
R-422D,-35,70,1.562111923,33.18695545,21.24492808,0.5488619225,32.17370545
R-422D,-30,20,1.948247047,11.08490329,5.689680531,0.934997047,10.07165329
R-422D,-30,25,1.948247047,12.67359306,6.505126277,0.934997047,11.66034306
R-422D,-30,30,1.948247047,14.40166448,7.392114107,0.934997047,13.38841448
R-422D,-30,35,1.948247047,16.26998152,8.351087481,0.934997047,15.25673152
R-422D,-30,40,1.948247047,18.27842495,9.381985195,0.934997047,17.26517495
R-422D,-30,45,1.948247047,20.4260283,10.48431118,0.934997047,19.4127783
R-422D,-30,50,1.948247047,22.71116967,11.65723295,0.934997047,21.69791967
R-422D,-30,55,1.948247047,25.13181835,12.89970817,0.934997047,24.11856835
R-422D,-30,60,1.948247047,27.68583316,14.21063782,0.934997047,26.67258316
R-422D,-30,65,1.948247047,30.37130773,15.58904338,0.934997047,29.35805773
R-422D,-30,70,1.948247047,33.18695545,17.03426447,0.934997047,32.17370545
R-422D,-25,20,2.406527579,11.08490329,4.606181699,1.393277579,10.07165329
R-422D,-25,25,2.406527579,12.67359306,5.266340252,1.393277579,11.66034306
R-422D,-25,30,2.406527579,14.40166448,5.984416968,1.393277579,13.38841448
R-422D,-25,35,2.406527579,16.26998152,6.760770856,1.393277579,15.25673152
R-422D,-25,40,2.406527579,18.27842495,7.595352369,1.393277579,17.26517495
R-422D,-25,45,2.406527579,20.4260283,8.487759905,1.393277579,19.4127783
R-422D,-25,50,2.406527579,22.71116967,9.437319508,1.393277579,21.69791967
R-422D,-25,55,2.406527579,25.13181835,10.44318734,1.393277579,24.11856835
R-422D,-25,60,2.406527579,27.68583316,11.50447367,1.393277579,26.67258316
R-422D,-25,65,2.406527579,30.37130773,12.62038631,1.393277579,29.35805773
R-422D,-25,70,2.406527579,33.18695545,13.79039066,1.393277579,32.17370545
R-422D,-20,20,2.945286042,11.08490329,3.763608401,1.932036042,10.07165329
R-422D,-20,25,2.945286042,12.67359306,4.303009242,1.932036042,11.66034306
R-422D,-20,30,2.945286042,14.40166448,4.889733721,1.932036042,13.38841448
R-422D,-20,35,2.945286042,16.26998152,5.52407518,1.932036042,15.25673152
R-422D,-20,40,2.945286042,18.27842495,6.205993132,1.932036042,17.26517495
R-422D,-20,45,2.945286042,20.4260283,6.935159439,1.932036042,19.4127783
R-422D,-20,50,2.945286042,22.71116967,7.711023427,1.932036042,21.69791967
R-422D,-20,55,2.945286042,25.13181835,8.532895612,1.932036042,24.11856835
R-422D,-20,60,2.945286042,27.68583316,9.400049016,1.932036042,26.67258316
R-422D,-20,65,2.945286042,30.37130773,10.31183637,1.932036042,29.35805773
R-422D,-20,70,2.945286042,33.18695545,11.26782084,1.932036042,32.17370545
R-422D,-15,20,3.572878693,11.08490329,3.102513196,2.559628693,10.07165329
R-422D,-15,25,3.572878693,12.67359306,3.547165787,2.559628693,11.66034306
R-422D,-15,30,3.572878693,14.40166448,4.030829401,2.559628693,13.38841448
R-422D,-15,35,3.572878693,16.26998152,4.553745851,2.559628693,15.25673152
R-422D,-15,40,3.572878693,18.27842495,5.115881765,2.559628693,17.26517495
R-422D,-15,45,3.572878693,20.4260283,5.716966641,2.559628693,19.4127783
R-422D,-15,50,3.572878693,22.71116967,6.356546534,2.559628693,21.69791967
R-422D,-15,55,3.572878693,25.13181835,7.034053073,2.559628693,24.11856835
R-422D,-15,60,3.572878693,27.68583316,7.748886975,2.559628693,26.67258316
R-422D,-15,65,3.572878693,30.37130773,8.500514666,2.559628693,29.35805773
R-422D,-15,70,3.572878693,33.18695545,9.28857605,2.559628693,32.17370545
R-422D,-10,20,4.297524815,11.08490329,2.579369235,3.284274815,10.07165329
R-422D,-10,25,4.297524815,12.67359306,2.949044766,3.284274815,11.66034306
R-422D,-10,30,4.297524815,14.40166448,3.351153303,3.284274815,13.38841448
R-422D,-10,35,4.297524815,16.26998152,3.785895888,3.284274815,15.25673152
R-422D,-10,40,4.297524815,18.27842495,4.253244772,3.284274815,17.26517495
R-422D,-10,45,4.297524815,20.4260283,4.752975068,3.284274815,19.4127783
R-422D,-10,50,4.297524815,22.71116967,5.284709373,3.284274815,21.69791967
R-422D,-10,55,4.297524815,25.13181835,5.847975156,3.284274815,24.11856835
R-422D,-10,60,4.297524815,27.68583316,6.442274183,3.284274815,26.67258316
R-422D,-10,65,4.297524815,30.37130773,7.067162852,3.284274815,29.35805773
R-422D,-10,70,4.297524815,33.18695545,7.722341786,3.284274815,32.17370545
R-422D,-5,20,5.127138774,11.08490329,2.162005707,4.113888774,10.07165329
R-422D,-5,25,5.127138774,12.67359306,2.471864644,4.113888774,11.66034306
R-422D,-5,30,5.127138774,14.40166448,2.808908655,4.113888774,13.38841448
R-422D,-5,35,5.127138774,16.26998152,3.173306251,4.113888774,15.25673152
R-422D,-5,40,5.127138774,18.27842495,3.565034175,4.113888774,17.26517495
R-422D,-5,45,5.127138774,20.4260283,3.983903927,4.113888774,19.4127783
R-422D,-5,50,5.127138774,22.71116967,4.429599172,4.113888774,21.69791967
R-422D,-5,55,5.127138774,25.13181835,4.901723837,4.113888774,24.11856835
R-422D,-5,60,5.127138774,27.68583316,5.399860309,4.113888774,26.67258316
R-422D,-5,65,5.127138774,30.37130773,5.923636762,4.113888774,29.35805773
R-422D,-5,70,5.127138774,33.18695545,6.472802261,4.113888774,32.17370545
R-422D,0,20,6.069161184,11.08490329,1.826430862,5.055911184,10.07165329
R-422D,0,25,6.069161184,12.67359306,2.088195168,5.055911184,11.66034306
R-422D,0,30,6.069161184,14.40166448,2.372925029,5.055911184,13.38841448
R-422D,0,35,6.069161184,16.26998152,2.680762799,5.055911184,15.25673152
R-422D,0,40,6.069161184,18.27842495,3.011688831,5.055911184,17.26517495
R-422D,0,45,6.069161184,20.4260283,3.365543883,5.055911184,19.4127783
R-422D,0,50,6.069161184,22.71116967,3.74206072,5.055911184,21.69791967
R-422D,0,55,6.069161184,25.13181835,4.140904745,5.055911184,24.11856835
R-422D,0,60,6.069161184,27.68583316,4.561723165,5.055911184,26.67258316
R-422D,0,65,6.069161184,30.37130773,5.004201867,5.055911184,29.35805773
R-422D,0,70,6.069161184,33.18695545,5.468128864,5.055911184,32.17370545
R-422D,5,20,7.130396252,11.08490329,1.554598496,6.117146252,10.07165329
R-422D,5,25,7.130396252,12.67359306,1.777403753,6.117146252,11.66034306
R-422D,5,30,7.130396252,14.40166448,2.019756542,6.117146252,13.38841448
R-422D,5,35,7.130396252,16.26998152,2.281778031,6.117146252,15.25673152
R-422D,5,40,7.130396252,18.27842495,2.563451498,6.117146252,17.26517495
R-422D,5,45,7.130396252,20.4260283,2.864641399,6.117146252,19.4127783
R-422D,5,50,7.130396252,22.71116967,3.185120275,6.117146252,21.69791967
R-422D,5,55,7.130396252,25.13181835,3.524603326,6.117146252,24.11856835
R-422D,5,60,7.130396252,27.68583316,3.882790267,6.117146252,26.67258316
R-422D,5,65,7.130396252,30.37130773,4.259413734,6.117146252,29.35805773
R-422D,5,70,7.130396252,33.18695545,4.654293293,6.117146252,32.17370545
R-422D,10,20,8.316862839,11.08490329,1.332822665,7.303612839,10.07165329
R-422D,10,25,8.316862839,12.67359306,1.523842981,7.303612839,11.66034306
R-422D,10,30,8.316862839,14.40166448,1.731622218,7.303612839,13.38841448
R-422D,10,35,8.316862839,16.26998152,1.95626426,7.303612839,15.25673152
R-422D,10,40,8.316862839,18.27842495,2.197754767,7.303612839,17.26517495
R-422D,10,45,8.316862839,20.4260283,2.455977535,7.303612839,19.4127783
R-422D,10,50,8.316862839,22.71116967,2.730737552,7.303612839,21.69791967
R-422D,10,55,8.316862839,25.13181835,3.021790648,7.303612839,24.11856835
R-422D,10,60,8.316862839,27.68583316,3.328879374,7.303612839,26.67258316
R-422D,10,65,8.316862839,30.37130773,3.651774511,7.303612839,29.35805773
R-422D,10,70,8.316862839,33.18695545,3.990321362,7.303612839,32.17370545
R-427A,-50,20,0.7481608956,11.11362355,14.85459026,0,10.10037355
R-427A,-50,25,0.7481608956,12.72595458,17.00964947,0,11.71270458
R-427A,-50,30,0.7481608956,14.48365044,19.3590049,0,13.47040044
R-427A,-50,35,0.7481608956,16.38811683,21.90453541,0,15.37486683
R-427A,-50,40,0.7481608956,18.43965676,24.64664602,0,17.42640676
R-427A,-50,45,0.7481608956,20.63756556,27.58439485,0,19.62431556
R-427A,-50,50,0.7481608956,22.98028036,30.71569297,0,21.96703036
R-427A,-50,55,0.7481608956,25.46558446,34.03757749,0,24.45233446
R-427A,-50,60,0.7481608956,28.09086502,37.54655608,0,27.07761502
R-427A,-50,65,0.7481608956,30.85342085,41.23901828,0,29.84017085
R-427A,-50,70,0.7481608956,33.75081491,45.11170673,0,32.73756491
R-427A,-45,20,0.9633361136,11.11362355,11.53660015,0,10.10037355
R-427A,-45,25,0.9633361136,12.72595458,13.21029535,0,11.71270458
R-427A,-45,30,0.9633361136,14.48365044,15.03488786,0,13.47040044
R-427A,-45,35,0.9633361136,16.38811683,17.01183688,0,15.37486683
R-427A,-45,40,0.9633361136,18.43965676,19.14145696,0,17.42640676
R-427A,-45,45,0.9633361136,20.63756556,21.42301661,0,19.62431556
R-427A,-45,50,0.9633361136,22.98028036,23.85489346,0,21.96703036
R-427A,-45,55,0.9633361136,25.46558446,26.43478646,0,24.45233446
R-427A,-45,60,0.9633361136,28.09086502,29.15998334,0,27.07761502
R-427A,-45,65,0.9633361136,30.85342085,32.02768008,0,29.84017085
R-427A,-45,70,0.9633361136,33.75081491,35.03534688,0,32.73756491
R-427A,-40,20,1.226956164,11.11362355,9.05788151,0.2137061641,10.10037355
R-427A,-40,25,1.226956164,12.72595458,10.37197168,0.2137061641,11.71270458
R-427A,-40,30,1.226956164,14.48365044,11.80453782,0.2137061641,13.47040044
R-427A,-40,35,1.226956164,16.38811683,13.35672562,0.2137061641,15.37486683
R-427A,-40,40,1.226956164,18.43965676,15.02878204,0.2137061641,17.42640676
R-427A,-40,45,1.226956164,20.63756556,16.82013275,0.2137061641,19.62431556
R-427A,-40,50,1.226956164,22.98028036,18.72950398,0.2137061641,21.96703036
R-427A,-40,55,1.226956164,25.46558446,20.75508906,0.2137061641,24.45233446
R-427A,-40,60,1.226956164,28.09086502,22.89475846,0.2137061641,27.07761502
R-427A,-40,65,1.226956164,30.85342085,25.14631065,0.2137061641,29.84017085
R-427A,-40,70,1.226956164,33.75081491,27.50775936,0.2137061641,32.73756491
R-427A,-35,20,1.54655022,11.11362355,7.186073502,0.5333002197,10.10037355
R-427A,-35,25,1.54655022,12.72595458,8.2286074,0.5333002197,11.71270458
R-427A,-35,30,1.54655022,14.48365044,9.365134255,0.5333002197,13.47040044
R-427A,-35,35,1.54655022,16.38811683,10.59656299,0.5333002197,15.37486683
R-427A,-35,40,1.54655022,18.43965676,11.92308955,0.5333002197,17.42640676
R-427A,-35,45,1.54655022,20.63756556,13.34425827,0.5333002197,19.62431556
R-427A,-35,50,1.54655022,22.98028036,14.85905861,0.5333002197,21.96703036
R-427A,-35,55,1.54655022,25.46558446,16.46605725,0.5333002197,24.45233446
R-427A,-35,60,1.54655022,28.09086502,18.16356473,0.5333002197,27.07761502
R-427A,-35,65,1.54655022,30.85342085,19.94983445,0.5333002197,29.84017085
R-427A,-35,70,1.54655022,33.75081491,21.82329062,0.5333002197,32.73756491
R-427A,-30,20,1.930107945,11.11362355,5.758032125,0.9168579451,10.10037355
R-427A,-30,25,1.930107945,12.72595458,6.593390082,0.9168579451,11.71270458
R-427A,-30,30,1.930107945,14.48365044,7.504062391,0.9168579451,13.47040044
R-427A,-30,35,1.930107945,16.38811683,8.490777352,0.9168579451,15.37486683
R-427A,-30,40,1.930107945,18.43965676,9.553691961,0.9168579451,17.42640676
R-427A,-30,45,1.930107945,20.63756556,10.69244112,0.9168579451,19.62431556
R-427A,-30,50,1.930107945,22.98028036,11.9062151,0.9168579451,21.96703036
R-427A,-30,55,1.930107945,25.46558446,13.19386541,0.9168579451,24.45233446
R-427A,-30,60,1.930107945,28.09086502,14.55403833,0.9168579451,27.07761502
R-427A,-30,65,1.930107945,30.85342085,15.98533436,0.9168579451,29.84017085
R-427A,-30,70,1.930107945,33.75081491,17.48649084,0.9168579451,32.73756491
R-427A,-25,20,2.385976966,11.11362355,4.657892223,1.372726966,10.10037355
R-427A,-25,25,2.385976966,12.72595458,5.333645197,1.372726966,11.71270458
R-427A,-25,30,2.385976966,14.48365044,6.070322827,1.372726966,13.47040044
R-427A,-25,35,2.385976966,16.38811683,6.868514266,1.372726966,15.37486683
R-427A,-25,40,2.385976966,18.43965676,7.728346511,1.372726966,17.42640676
R-427A,-25,45,2.385976966,20.63756556,8.649524222,1.372726966,19.62431556
R-427A,-25,50,2.385976966,22.98028036,9.631392378,1.372726966,21.96703036
R-427A,-25,55,2.385976966,25.46558446,10.67302192,1.372726966,24.45233446
R-427A,-25,60,2.385976966,28.09086502,11.77331777,1.372726966,27.07761502
R-427A,-25,65,2.385976966,30.85342085,12.93114783,1.372726966,29.84017085
R-427A,-25,70,2.385976966,33.75081491,14.14549067,1.372726966,32.73756491
R-427A,-20,20,2.92273904,11.11362355,3.802468643,1.90948904,10.10037355
R-427A,-20,25,2.92273904,12.72595458,4.354119341,1.90948904,11.71270458
R-427A,-20,30,2.92273904,14.48365044,4.95550586,1.90948904,13.47040044
R-427A,-20,35,2.92273904,16.38811683,5.607109154,1.90948904,15.37486683
R-427A,-20,40,2.92273904,18.43965676,6.309032899,1.90948904,17.42640676
R-427A,-20,45,2.92273904,20.63756556,7.061035992,1.90948904,19.62431556
R-427A,-20,50,2.92273904,22.98028036,7.862583708,1.90948904,21.96703036
R-427A,-20,55,2.92273904,25.46558446,8.712917611,1.90948904,24.45233446
R-427A,-20,60,2.92273904,28.09086502,9.611143737,1.90948904,27.07761502
R-427A,-20,65,2.92273904,30.85342085,10.55633788,1.90948904,29.84017085
R-427A,-20,70,2.92273904,33.75081491,11.54766623,1.90948904,32.73756491
R-427A,-15,20,3.549067555,11.11362355,3.131420685,2.535817555,10.10037355
R-427A,-15,25,3.549067555,12.72595458,3.585717765,2.535817555,11.71270458
R-427A,-15,30,3.549067555,14.48365044,4.080973443,2.535817555,13.47040044
R-427A,-15,35,3.549067555,16.38811683,4.617583794,2.535817555,15.37486683
R-427A,-15,40,3.549067555,18.43965676,5.195634198,2.535817555,17.42640676
R-427A,-15,45,3.549067555,20.63756556,5.814926101,2.535817555,19.62431556
R-427A,-15,50,3.549067555,22.98028036,6.475019143,2.535817555,21.96703036
R-427A,-15,55,3.549067555,25.46558446,7.175288737,2.535817555,24.45233446
R-427A,-15,60,3.549067555,28.09086502,7.914998682,2.535817555,27.07761502
R-427A,-15,65,3.549067555,30.85342085,8.693387876,2.535817555,29.84017085
R-427A,-15,70,3.549067555,33.75081491,9.509769646,2.535817555,32.73756491
R-427A,-10,20,4.273570084,11.11362355,2.600547864,3.260320084,10.10037355
R-427A,-10,25,4.273570084,12.72595458,2.977827515,3.260320084,11.71270458
R-427A,-10,30,4.273570084,14.48365044,3.389122012,3.260320084,13.47040044
R-427A,-10,35,4.273570084,16.38811683,3.834760284,3.260320084,15.37486683
R-427A,-10,40,4.273570084,18.43965676,4.314813235,3.260320084,17.42640676
R-427A,-10,45,4.273570084,20.63756556,4.829115974,3.260320084,19.62431556
R-427A,-10,50,4.273570084,22.98028036,5.377302796,3.260320084,21.96703036
R-427A,-10,55,4.273570084,25.46558446,5.958854998,3.260320084,24.45233446
R-427A,-10,60,4.273570084,28.09086502,6.57316119,3.260320084,27.07761502
R-427A,-10,65,4.273570084,30.85342085,7.2195893,3.260320084,29.84017085
R-427A,-10,70,4.273570084,33.75081491,7.897569068,3.260320084,32.73756491
R-427A,-5,20,5.104620809,11.11362355,2.177169268,4.091370809,10.10037355
R-427A,-5,25,5.104620809,12.72595458,2.493026428,4.091370809,11.71270458
R-427A,-5,30,5.104620809,14.48365044,2.837360694,4.091370809,13.47040044
R-427A,-5,35,5.104620809,16.38811683,3.210447443,4.091370809,15.37486683
R-427A,-5,40,5.104620809,18.43965676,3.612346038,4.091370809,17.42640676
R-427A,-5,45,5.104620809,20.63756556,4.042918432,4.091370809,19.62431556
R-427A,-5,50,5.104620809,22.98028036,4.501858457,4.091370809,21.96703036
R-427A,-5,55,5.104620809,25.46558446,4.988731858,4.091370809,24.45233446
R-427A,-5,60,5.104620809,28.09086502,5.503026781,4.091370809,27.07761502
R-427A,-5,65,5.104620809,30.85342085,6.044214057,4.091370809,29.84017085
R-427A,-5,70,5.104620809,33.75081491,6.611816267,4.091370809,32.73756491
R-427A,0,20,6.050188548,11.11362355,1.836905324,5.036938548,10.10037355
R-427A,0,25,6.050188548,12.72595458,2.103398015,5.036938548,11.71270458
R-427A,0,30,6.050188548,14.48365044,2.393917202,5.036938548,13.47040044
R-427A,0,35,6.050188548,16.38811683,2.708695224,5.036938548,15.37486683
R-427A,0,40,6.050188548,18.43965676,3.047782166,5.036938548,17.42640676
R-427A,0,45,6.050188548,20.63756556,3.411061555,5.036938548,19.62431556
R-427A,0,50,6.050188548,22.98028036,3.798275075,5.036938548,21.96703036
R-427A,0,55,6.050188548,25.46558446,4.209056338,5.036938548,24.45233446
R-427A,0,60,6.050188548,28.09086502,4.642973487,5.036938548,27.07761502
R-427A,0,65,6.050188548,30.85342085,5.099580056,5.036938548,29.84017085
R-427A,0,70,6.050188548,33.75081491,5.578473239,5.036938548,32.73756491
R-427A,5,20,7.117666896,11.11362355,1.561413833,6.104416896,10.10037355
R-427A,5,25,7.117666896,12.72595458,1.787939049,6.104416896,11.71270458
R-427A,5,30,7.117666896,14.48365044,2.034887366,6.104416896,13.47040044
R-427A,5,35,7.117666896,16.38811683,2.302456278,6.104416896,15.37486683
R-427A,5,40,7.117666896,18.43965676,2.590688357,6.104416896,17.42640676
R-427A,5,45,7.117666896,20.63756556,2.899484601,6.104416896,19.62431556
R-427A,5,50,7.117666896,22.98028036,3.228625433,6.104416896,21.96703036
R-427A,5,55,7.117666896,25.46558446,3.577799415,6.104416896,24.45233446
R-427A,5,60,7.117666896,28.09086502,3.946639458,6.104416896,27.07761502
R-427A,5,65,7.117666896,30.85342085,4.334766055,6.104416896,29.84017085
R-427A,5,70,7.117666896,33.75081491,4.741836813,6.104416896,32.73756491
R-427A,10,20,8.313713582,11.11362355,1.336782106,7.300463582,10.10037355
R-427A,10,25,8.313713582,12.72595458,1.530718428,7.300463582,11.71270458
R-427A,10,30,8.313713582,14.48365044,1.742139694,7.300463582,13.47040044
R-427A,10,35,8.313713582,16.38811683,1.971214989,7.300463582,15.37486683
R-427A,10,40,8.313713582,18.43965676,2.217980759,7.300463582,17.42640676
R-427A,10,45,8.313713582,20.63756556,2.482352243,7.300463582,19.62431556
R-427A,10,50,8.313713582,22.98028036,2.764141455,7.300463582,21.96703036
R-427A,10,55,8.313713582,25.46558446,3.063081763,7.300463582,24.45233446
R-427A,10,60,8.313713582,28.09086502,3.378858887,7.300463582,27.07761502
R-427A,10,65,8.313713582,30.85342085,3.711147918,7.300463582,29.84017085
R-427A,10,70,8.313713582,33.75081491,4.059655721,7.300463582,32.73756491
R-448A,-50,20,0.860243644,12.32296777,14.32497392,0,11.30971777
R-448A,-50,25,0.860243644,14.08022229,16.36771441,0,13.06697229
R-448A,-50,30,0.860243644,15.99112133,18.58906072,0,14.97787133
R-448A,-50,35,0.860243644,18.05652976,20.99001822,0,17.04327976
R-448A,-50,40,0.860243644,20.27615604,23.57024801,0,19.26290604
R-448A,-50,45,0.860243644,22.64867612,26.32821094,0,21.63542612
R-448A,-50,50,0.860243644,25.17191598,29.2613798,0,24.15866598
R-448A,-50,55,0.860243644,27.84309249,32.36651929,0,26.82984249
R-448A,-50,60,0.860243644,30.65911001,35.64003084,0,29.64586001
R-448A,-50,65,0.860243644,33.61690839,39.07835719,0,32.60365839
R-448A,-50,70,0.860243644,36.71385595,42.67843907,0,35.70060595
R-448A,-45,20,1.104276602,12.32296777,11.15931257,0.09102660194,11.30971777
R-448A,-45,25,1.104276602,14.08022229,12.75062993,0.09102660194,13.06697229
R-448A,-45,30,1.104276602,15.99112133,14.48108318,0.09102660194,14.97787133
R-448A,-45,35,1.104276602,18.05652976,16.35145554,0.09102660194,17.04327976
R-448A,-45,40,1.104276602,20.27615604,18.36148299,0.09102660194,19.26290604
R-448A,-45,45,1.104276602,22.64867612,20.5099665,0.09102660194,21.63542612
R-448A,-45,50,1.104276602,25.17191598,22.79493737,0.09102660194,24.15866598
R-448A,-45,55,1.104276602,27.84309249,25.21387526,0.09102660194,26.82984249
R-448A,-45,60,1.104276602,30.65911001,27.76397684,0.09102660194,29.64586001
R-448A,-45,65,1.104276602,33.61690839,30.44247096,0.09102660194,32.60365839
R-448A,-45,70,1.104276602,36.71385595,33.24697443,0.09102660194,35.70060595
R-448A,-40,20,1.402303511,12.32296777,8.787660925,0.3890535109,11.30971777
R-448A,-40,25,1.402303511,14.08022229,10.04078089,0.3890535109,13.06697229
R-448A,-40,30,1.402303511,15.99112133,11.40346666,0.3890535109,14.97787133
R-448A,-40,35,1.402303511,18.05652976,12.87633499,0.3890535109,17.04327976
R-448A,-40,40,1.402303511,20.27615604,14.45917798,0.3890535109,19.26290604
R-448A,-40,45,1.402303511,22.64867612,16.15105143,0.3890535109,21.63542612
R-448A,-40,50,1.402303511,25.17191598,17.95040502,0.3890535109,24.15866598
R-448A,-40,55,1.402303511,27.84309249,19.85525407,0.3890535109,26.82984249
R-448A,-40,60,1.402303511,30.65911001,21.86339103,0.3890535109,29.64586001
R-448A,-40,65,1.402303511,33.61690839,23.97263369,0.3890535109,32.60365839
R-448A,-40,70,1.402303511,36.71385595,26.18110535,0.3890535109,35.70060595
R-448A,-35,20,1.762488511,12.32296777,6.991800339,0.749238511,11.30971777
R-448A,-35,25,1.762488511,14.08022229,7.988830681,0.749238511,13.06697229
R-448A,-35,30,1.762488511,15.99112133,9.073035785,0.749238511,14.97787133
R-448A,-35,35,1.762488511,18.05652976,10.24490636,0.749238511,17.04327976
R-448A,-35,40,1.762488511,20.27615604,11.504277,0.749238511,19.26290604
R-448A,-35,45,1.762488511,22.64867612,12.85039646,0.749238511,21.63542612
R-448A,-35,50,1.762488511,25.17191598,14.28203125,0.749238511,24.15866598
R-448A,-35,55,1.762488511,27.84309249,15.79760227,0.749238511,26.82984249
R-448A,-35,60,1.762488511,30.65911001,17.39535311,0.749238511,29.64586001
R-448A,-35,65,1.762488511,33.61690839,19.07354753,0.749238511,32.60365839
R-448A,-35,70,1.762488511,36.71385595,20.83069235,0.749238511,35.70060595
R-448A,-30,20,2.193445604,12.32296777,5.618086787,1.180195604,11.30971777
R-448A,-30,25,2.193445604,14.08022229,6.419225653,1.180195604,13.06697229
R-448A,-30,30,2.193445604,15.99112133,7.290411625,1.180195604,14.97787133
R-448A,-30,35,2.193445604,18.05652976,8.232039,1.180195604,17.04327976
R-448A,-30,40,2.193445604,20.27615604,9.243974868,1.180195604,19.26290604
R-448A,-30,45,2.193445604,22.64867612,10.32561559,1.180195604,21.63542612
R-448A,-30,50,2.193445604,25.17191598,11.47597002,1.180195604,24.15866598
R-448A,-30,55,2.193445604,27.84309249,12.69376931,1.180195604,26.82984249
R-448A,-30,60,2.193445604,30.65911001,13.97760216,1.180195604,29.64586001
R-448A,-30,65,2.193445604,33.61690839,15.32607343,1.180195604,32.60365839
R-448A,-30,70,2.193445604,36.71385595,16.73798333,1.180195604,35.70060595
R-448A,-25,20,2.704119892,12.32296777,4.557108508,1.690869892,11.30971777
R-448A,-25,25,2.704119892,14.08022229,5.20695193,1.690869892,13.06697229
R-448A,-25,30,2.704119892,15.99112133,5.91361403,1.690869892,14.97787133
R-448A,-25,35,2.704119892,18.05652976,6.677414642,1.690869892,17.04327976
R-448A,-25,40,2.704119892,20.27615604,7.498245954,1.690869892,19.26290604
R-448A,-25,45,2.704119892,22.64867612,8.375618324,1.690869892,21.63542612
R-448A,-25,50,2.704119892,25.17191598,9.30872779,1.690869892,24.15866598
R-448A,-25,55,2.704119892,27.84309249,10.29654513,1.690869892,26.82984249
R-448A,-25,60,2.704119892,30.65911001,11.33792555,1.690869892,29.64586001
R-448A,-25,65,2.704119892,33.61690839,12.4317374,1.690869892,32.60365839
R-448A,-25,70,2.704119892,36.71385595,13.57700746,1.690869892,35.70060595
R-448A,-20,20,3.303646813,12.32296777,3.730110531,2.290396813,11.30971777
R-448A,-20,25,3.303646813,14.08022229,4.262024087,2.290396813,13.06697229
R-448A,-20,30,3.303646813,15.99112133,4.840445192,2.290396813,14.97787133
R-448A,-20,35,3.303646813,18.05652976,5.465635639,2.290396813,17.04327976
R-448A,-20,40,3.303646813,20.27615604,6.137507181,2.290396813,19.26290604
R-448A,-20,45,3.303646813,22.64867612,6.855659034,2.290396813,21.63542612
R-448A,-20,50,3.303646813,25.17191598,7.619433132,2.290396813,24.15866598
R-448A,-20,55,3.303646813,27.84309249,8.42798703,2.290396813,26.82984249
R-448A,-20,60,3.303646813,30.65911001,9.280383691,2.290396813,29.64586001
R-448A,-20,65,3.303646813,33.61690839,10.17569683,2.290396813,32.60365839
R-448A,-20,70,3.303646813,36.71385595,11.11312983,2.290396813,35.70060595
R-448A,-15,20,4.001192659,12.32296777,3.079823647,2.987942659,11.30971777
R-448A,-15,25,4.001192659,14.08022229,3.519006329,2.987942659,13.06697229
R-448A,-15,30,4.001192659,15.99112133,3.996588691,2.987942659,14.97787133
R-448A,-15,35,4.001192659,18.05652976,4.512786886,2.987942659,17.04327976
R-448A,-15,40,4.001192659,20.27615604,5.067528052,2.987942659,19.26290604
R-448A,-15,45,4.001192659,22.64867612,5.660481273,2.987942659,21.63542612
R-448A,-15,50,4.001192659,25.17191598,6.291103211,2.987942659,24.15866598
R-448A,-15,55,4.001192659,27.84309249,6.958698285,2.987942659,26.82984249
R-448A,-15,60,4.001192659,30.65911001,7.662492816,2.987942659,29.64586001
R-448A,-15,65,4.001192659,33.61690839,8.401722,2.987942659,32.60365839
R-448A,-15,70,4.001192659,36.71385595,9.175728108,2.987942659,35.70060595
R-448A,-10,20,4.80578083,12.32296777,2.564196788,3.79253083,11.30971777
R-448A,-10,25,4.80578083,14.08022229,2.929851108,3.79253083,13.06697229
R-448A,-10,30,4.80578083,15.99112133,3.327476199,3.79253083,14.97787133
R-448A,-10,35,4.80578083,18.05652976,3.757252026,3.79253083,17.04327976
R-448A,-10,40,4.80578083,20.27615604,4.219117924,3.79253083,19.26290604
R-448A,-10,45,4.80578083,22.64867612,4.712798382,3.79253083,21.63542612
R-448A,-10,50,4.80578083,25.17191598,5.237841024,3.79253083,24.15866598
R-448A,-10,55,4.80578083,27.84309249,5.793666727,3.79253083,26.82984249
R-448A,-10,60,4.80578083,30.65911001,6.379631342,3.79253083,29.64586001
R-448A,-10,65,4.80578083,33.61690839,6.995098107,3.79253083,32.60365839
R-448A,-10,70,4.80578083,36.71385595,7.639519414,3.79253083,35.70060595
R-448A,-5,20,5.726109398,12.32296777,2.152066423,4.712859398,11.30971777
R-448A,-5,25,5.726109398,14.08022229,2.458950976,4.712859398,13.06697229
R-448A,-5,30,5.726109398,15.99112133,2.7926678,4.712859398,14.97787133
R-448A,-5,35,5.726109398,18.05652976,3.153367934,4.712859398,17.04327976
R-448A,-5,40,5.726109398,20.27615604,3.541000465,4.712859398,19.26290604
R-448A,-5,45,5.726109398,22.64867612,3.955334162,4.712859398,21.63542612
R-448A,-5,50,5.726109398,25.17191598,4.39598936,4.712859398,24.15866598
R-448A,-5,55,5.726109398,27.84309249,4.862480012,4.712859398,26.82984249
R-448A,-5,60,5.726109398,30.65911001,5.354265501,4.712859398,29.64586001
R-448A,-5,65,5.726109398,33.61690839,5.87081141,4.712859398,32.60365839
R-448A,-5,70,5.726109398,36.71385595,6.411658143,4.712859398,35.70060595
R-448A,0,20,6.770366496,12.32296777,1.820133042,5.757116496,11.30971777
R-448A,0,25,6.770366496,14.08022229,2.079683914,5.757116496,13.06697229
R-448A,0,30,6.770366496,15.99112133,2.361928463,5.757116496,14.97787133
R-448A,0,35,6.770366496,18.05652976,2.666994434,5.757116496,17.04327976
R-448A,0,40,6.770366496,20.27615604,2.994838766,5.757116496,19.26290604
R-448A,0,45,6.770366496,22.64867612,3.345265892,5.757116496,21.63542612
R-448A,0,50,6.770366496,25.17191598,3.717954707,5.757116496,24.15866598
R-448A,0,55,6.770366496,27.84309249,4.112494133,5.757116496,26.82984249
R-448A,0,60,6.770366496,30.65911001,4.528426936,5.757116496,29.64586001
R-448A,0,65,6.770366496,33.61690839,4.965301126,5.757116496,32.60365839
R-448A,0,70,6.770366496,36.71385595,5.422727997,5.757116496,35.70060595
R-448A,5,20,7.946050812,12.32296777,1.550829218,6.932800812,11.30971777
R-448A,5,25,7.946050812,14.08022229,1.771977379,6.932800812,13.06697229
R-448A,5,30,7.946050812,15.99112133,2.012461499,6.932800812,14.97787133
R-448A,5,35,7.946050812,18.05652976,2.272390422,6.932800812,17.04327976
R-448A,5,40,7.946050812,20.27615604,2.551727458,6.932800812,19.26290604
R-448A,5,45,7.946050812,22.64867612,2.850305977,6.932800812,21.63542612
R-448A,5,50,7.946050812,25.17191598,3.167852381,6.932800812,24.15866598
R-448A,5,55,7.946050812,27.84309249,3.504016417,6.932800812,26.82984249
R-448A,5,60,7.946050812,30.65911001,3.858408502,6.932800812,29.64586001
R-448A,5,65,7.946050812,33.61690839,4.230643522,6.932800812,32.60365839
R-448A,5,70,7.946050812,36.71385595,4.620390282,6.932800812,35.70060595
R-448A,10,20,9.259804969,12.32296777,1.330802086,8.246554969,11.30971777
R-448A,10,25,9.259804969,14.08022229,1.52057439,8.246554969,13.06697229
R-448A,10,30,9.259804969,15.99112133,1.726939324,8.246554969,14.97787133
R-448A,10,35,9.259804969,18.05652976,1.949990288,8.246554969,17.04327976
R-448A,10,40,9.259804969,20.27615604,2.189695799,8.246554969,19.26290604
R-448A,10,45,9.259804969,22.64867612,2.445912867,8.246554969,21.63542612
R-448A,10,50,9.259804969,25.17191598,2.718406713,8.246554969,24.15866598
R-448A,10,55,9.259804969,27.84309249,3.006876774,8.246554969,26.82984249
R-448A,10,60,9.259804969,30.65911001,3.310988742,8.246554969,29.64586001
R-448A,10,65,9.259804969,33.61690839,3.630412142,8.246554969,32.60365839
R-448A,10,70,9.259804969,36.71385595,3.964862767,8.246554969,35.70060595
R-449A,-50,20,0.8653210374,12.36414062,14.28850113,0,11.35089062
R-449A,-50,25,0.8653210374,14.12415256,16.32244213,0,13.11090256
R-449A,-50,30,0.8653210374,16.03747561,18.53355566,0,15.02422561
R-449A,-50,35,0.8653210374,18.10489831,20.92275297,0,17.09164831
R-449A,-50,40,0.8653210374,20.32606332,23.48962112,0,19.31281332
R-449A,-50,45,0.8653210374,22.69959658,26.23257219,0,21.68634658
R-449A,-50,50,0.8653210374,25.22329536,29.14906061,0,24.21004536
R-449A,-50,55,0.8653210374,27.89437473,32.23586799,0,26.88112473
R-449A,-50,60,0.8653210374,30.70976968,35.4894523,0,29.69651968
R-449A,-50,65,0.8653210374,33.66648842,38.90635609,0,32.65323842
R-449A,-50,70,0.8653210374,36.76200998,42.48366605,0,35.74875998
R-449A,-45,20,1.110650871,12.36414062,11.13233775,0.09740087117,11.35089062
R-449A,-45,25,1.110650871,14.12415256,12.71700489,0.09740087117,13.11090256
R-449A,-45,30,1.110650871,16.03747561,14.43970921,0.09740087117,15.02422561
R-449A,-45,35,1.110650871,18.10489831,16.30116068,0.09740087117,17.09164831
R-449A,-45,40,1.110650871,20.32606332,18.30103757,0.09740087117,19.31281332
R-449A,-45,45,1.110650871,22.69959658,20.43810271,0.09740087117,21.68634658
R-449A,-45,50,1.110650871,25.22329536,22.71037283,0.09740087117,24.21004536
R-449A,-45,55,1.110650871,27.89437473,25.11534043,0.09740087117,26.88112473
R-449A,-45,60,1.110650871,30.70976968,27.65024589,0.09740087117,29.69651968
R-449A,-45,65,1.110650871,33.66648842,30.31239545,0.09740087117,32.65323842
R-449A,-45,70,1.110650871,36.76200998,33.09951933,0.09740087117,35.74875998
R-449A,-40,20,1.410202177,12.36414062,8.767636883,0.3969521767,11.35089062
R-449A,-40,25,1.410202177,14.12415256,10.01569335,0.3969521767,13.11090256
R-449A,-40,30,1.410202177,16.03747561,11.37246551,0.3969521767,15.02422561
R-449A,-40,35,1.410202177,18.10489831,12.83851252,0.3969521767,17.09164831
R-449A,-40,40,1.410202177,20.32606332,14.41358101,0.3969521767,19.31281332
R-449A,-40,45,1.410202177,22.69959658,16.0966966,0.3969521767,21.68634658
R-449A,-40,50,1.410202177,25.22329536,17.88629728,0.3969521767,24.21004536
R-449A,-40,55,1.410202177,27.89437473,19.78040822,0.3969521767,26.88112473
R-449A,-40,60,1.410202177,30.70976968,21.77685596,0.3969521767,29.69651968
R-449A,-40,65,1.410202177,33.66648842,23.87351897,0.3969521767,32.65323842
R-449A,-40,70,1.410202177,36.76200998,26.06860959,0.3969521767,35.74875998
R-449A,-35,20,1.772152749,12.36414062,6.976904574,0.7589027487,11.35089062
R-449A,-35,25,1.772152749,14.12415256,7.970053694,0.7589027487,13.11090256
R-449A,-35,30,1.772152749,16.03747561,9.049714041,0.7589027487,15.02422561
R-449A,-35,35,1.772152749,18.10489831,10.21633057,0.7589027487,17.09164831
R-449A,-35,40,1.772152749,20.32606332,11.46970166,0.7589027487,19.31281332
R-449A,-35,45,1.772152749,22.69959658,12.80905193,0.7589027487,21.68634658
R-449A,-35,50,1.772152749,25.22329536,14.23313841,0.7589027487,24.21004536
R-449A,-35,55,1.772152749,27.89437473,15.74038962,0.7589027487,26.88112473
R-449A,-35,60,1.772152749,30.70976968,17.32907601,0.7589027487,29.69651968
R-449A,-35,65,1.772152749,33.66648842,18.99750935,0.7589027487,32.65323842
R-449A,-35,70,1.772152749,36.76200998,20.74426711,0.7589027487,35.74875998
R-449A,-30,20,2.20512479,12.36414062,5.607002684,1.19187479,11.35089062
R-449A,-30,25,2.20512479,14.12415256,6.405148872,1.19187479,13.11090256
R-449A,-30,30,2.20512479,16.03747561,7.272819971,1.19187479,15.02422561
R-449A,-30,35,2.20512479,18.10489831,8.210373576,1.19187479,17.09164831
R-449A,-30,40,2.20512479,20.32606332,9.217647641,1.19187479,19.31281332
R-449A,-30,45,2.20512479,22.69959658,10.29401904,1.19187479,21.68634658
R-449A,-30,50,2.20512479,25.22329536,11.43848887,1.19187479,24.21004536
R-449A,-30,55,2.20512479,27.89437473,12.64979418,1.19187479,26.88112473
R-449A,-30,60,2.20512479,30.70976968,13.92654503,1.19187479,29.69651968
R-449A,-30,65,2.20512479,33.66648842,15.26738467,1.19187479,32.65323842
R-449A,-30,70,2.20512479,36.76200998,16.67116988,1.19187479,35.74875998
R-449A,-25,20,2.718064733,12.36414062,4.548876437,1.704814733,11.35089062
R-449A,-25,25,2.718064733,14.12415256,5.196400362,1.704814733,13.11090256
R-449A,-25,30,2.718064733,16.03747561,5.900328796,1.704814733,15.02422561
R-449A,-25,35,2.718064733,18.10489831,6.660951849,1.704814733,17.09164831
R-449A,-25,40,2.718064733,20.32606332,7.478138056,1.704814733,19.31281332
R-449A,-25,45,2.718064733,22.69959658,8.351381887,1.704814733,21.68634658
R-449A,-25,50,2.718064733,25.22329536,9.279872939,1.704814733,24.21004536
R-449A,-25,55,2.718064733,27.89437473,10.26258661,1.704814733,26.88112473
R-449A,-25,60,2.718064733,30.70976968,11.29839525,1.704814733,29.69651968
R-449A,-25,65,2.718064733,33.66648842,12.38619817,1.704814733,32.65323842
R-449A,-25,70,2.718064733,36.76200998,13.52506787,1.704814733,35.74875998
R-449A,-20,20,3.320101143,12.36414062,3.724025289,2.306851143,11.35089062
R-449A,-20,25,3.320101143,14.12415256,4.254133218,2.306851143,13.11090256
R-449A,-20,30,3.320101143,16.03747561,4.830417786,2.306851143,15.02422561
R-449A,-20,35,3.320101143,18.10489831,5.453116495,2.306851143,17.09164831
R-449A,-20,40,3.320101143,20.32606332,6.122121719,2.306851143,19.31281332
R-449A,-20,45,3.320101143,22.69959658,6.837019596,2.306851143,21.68634658
R-449A,-20,50,3.320101143,25.22329536,7.597146676,2.306851143,24.21004536
R-449A,-20,55,3.320101143,27.89437473,8.401664144,2.306851143,26.88112473
R-449A,-20,60,3.320101143,30.70976968,9.249648838,2.306851143,29.69651968
R-449A,-20,65,3.320101143,33.66648842,10.14019964,2.306851143,32.65323842
R-449A,-20,70,3.320101143,36.76200998,11.07255725,2.306851143,35.74875998
R-449A,-15,20,4.020384075,12.36414062,3.075363047,3.007134075,11.35089062
R-449A,-15,25,4.020384075,14.12415256,3.513135138,3.007134075,13.11090256
R-449A,-15,30,4.020384075,16.03747561,3.989040677,3.007134075,15.02422561
R-449A,-15,35,4.020384075,18.10489831,4.503275799,3.007134075,17.09164831
R-449A,-15,40,4.020384075,20.32606332,5.055751625,3.007134075,19.31281332
R-449A,-15,45,4.020384075,22.69959658,5.646126379,3.007134075,21.68634658
R-449A,-15,50,4.020384075,25.22329536,6.273852172,3.007134075,24.21004536
R-449A,-15,55,4.020384075,27.89437473,6.9382363,3.007134075,26.88112473
R-449A,-15,60,4.020384075,30.70976968,7.638516397,3.007134075,29.69651968
R-449A,-15,65,4.020384075,33.66648842,8.373948307,3.007134075,32.65323842
R-449A,-15,70,4.020384075,36.76200998,9.143904985,3.007134075,35.74875998
R-449A,-10,20,4.82791043,12.36414062,2.560971417,3.81466043,11.35089062
R-449A,-10,25,4.82791043,14.12415256,2.925520837,3.81466043,13.11090256
R-449A,-10,30,4.82791043,16.03747561,3.321825424,3.81466043,15.02422561
R-449A,-10,35,4.82791043,18.10489831,3.750048508,3.81466043,17.09164831
R-449A,-10,40,4.82791043,20.32606332,4.210116076,3.81466043,19.31281332
R-449A,-10,45,4.82791043,22.69959658,4.701743519,3.81466043,21.68634658
R-449A,-10,50,4.82791043,25.22329536,5.224474589,3.81466043,24.21004536
R-449A,-10,55,4.82791043,27.89437473,5.777732444,3.81466043,26.88112473
R-449A,-10,60,4.82791043,30.70976968,6.360882233,3.81466043,29.69651968
R-449A,-10,65,4.82791043,33.66648842,6.973304269,3.81466043,32.65323842
R-449A,-10,70,4.82791043,36.76200998,7.61447639,3.81466043,35.74875998
R-449A,-5,20,5.751340986,12.36414062,2.149783963,4.738090986,11.35089062
R-449A,-5,25,5.751340986,14.12415256,2.455801629,4.738090986,13.11090256
R-449A,-5,30,5.751340986,16.03747561,2.788475879,4.738090986,15.02422561
R-449A,-5,35,5.751340986,18.10489831,3.147943819,4.738090986,17.09164831
R-449A,-5,40,5.751340986,20.32606332,3.534143319,4.738090986,19.31281332
R-449A,-5,45,5.751340986,22.69959658,3.946835466,4.738090986,21.68634658
R-449A,-5,50,5.751340986,25.22329536,4.385637267,4.738090986,24.21004536
R-449A,-5,55,5.751340986,27.89437473,4.850064498,4.738090986,26.88112473
R-449A,-5,60,5.751340986,30.70976968,5.339584239,4.738090986,29.69651968
R-449A,-5,65,5.751340986,33.66648842,5.853676299,4.738090986,32.65323842
R-449A,-5,70,5.751340986,36.76200998,6.391902354,4.738090986,35.74875998
R-449A,0,20,6.798815691,12.36414062,1.818572701,5.785565691,11.35089062
R-449A,0,25,6.798815691,14.12415256,2.077443073,5.785565691,13.11090256
R-449A,0,30,6.798815691,16.03747561,2.358863123,5.785565691,15.02422561
R-449A,0,35,6.798815691,18.10489831,2.662948833,5.785565691,17.09164831
R-449A,0,40,6.798815691,20.32606332,2.989647645,5.785565691,19.31281332
R-449A,0,45,6.798815691,22.69959658,3.338757456,5.785565691,21.68634658
R-449A,0,50,6.798815691,25.22329536,3.709954279,5.785565691,24.21004536
R-449A,0,55,6.798815691,27.89437473,4.102828492,5.785565691,26.88112473
R-449A,0,60,6.798815691,30.70976968,4.516929283,5.785565691,29.69651968
R-449A,0,65,6.798815691,33.66648842,4.951816603,5.785565691,32.65323842
R-449A,0,70,6.798815691,36.76200998,5.40711966,5.785565691,35.74875998
R-449A,5,20,7.977774602,12.36414062,1.549823257,6.964524602,11.35089062
R-449A,5,25,7.977774602,14.12415256,1.770437655,6.964524602,13.11090256
R-449A,5,30,7.977774602,16.03747561,2.010269331,6.964524602,15.02422561
R-449A,5,35,7.977774602,18.10489831,2.269417126,6.964524602,17.09164831
R-449A,5,40,7.977774602,20.32606332,2.547836249,6.964524602,19.31281332
R-449A,5,45,7.977774602,22.69959658,2.845354464,6.964524602,21.68634658
R-449A,5,50,7.977774602,25.22329536,3.161695664,6.964524602,24.21004536
R-449A,5,55,7.977774602,27.89437473,3.496510759,6.964524602,26.88112473
R-449A,5,60,7.977774602,30.70976968,3.849415559,6.964524602,29.69651968
R-449A,5,65,7.977774602,33.66648842,4.220035047,6.964524602,32.65323842
R-449A,5,70,7.977774602,36.76200998,4.608053225,6.964524602,35.74875998
R-449A,10,20,9.294792301,12.36414062,1.330222367,8.281542301,11.35089062
R-449A,10,25,9.294792301,14.12415256,1.519576996,8.281542301,13.11090256
R-449A,10,30,9.294792301,16.03747561,1.725425926,8.281542301,15.02422561
R-449A,10,35,9.294792301,18.10489831,1.947853994,8.281542301,17.09164831
R-449A,10,40,9.294792301,20.32606332,2.186822756,8.281542301,19.31281332
R-449A,10,45,9.294792301,22.69959658,2.44218438,8.281542301,21.68634658
R-449A,10,50,9.294792301,25.22329536,2.713701882,8.281542301,24.21004536
R-449A,10,55,9.294792301,27.89437473,3.001075637,8.281542301,26.88112473
R-449A,10,60,9.294792301,30.70976968,3.303975892,8.281542301,29.69651968
R-449A,10,65,9.294792301,33.66648842,3.622080766,8.281542301,32.65323842
R-449A,10,70,9.294792301,36.76200998,3.955119038,8.281542301,35.74875998
R-452A,-50,20,0.9217646152,12.75055192,13.83276349,0,11.73730192
R-452A,-50,25,0.9217646152,14.52382112,15.75654009,0,13.51057112
R-452A,-50,30,0.9217646152,16.44409689,17.83980055,0,15.43084689
R-452A,-50,35,0.9217646152,18.51129049,20.08244858,0,17.49804049
R-452A,-50,40,0.9217646152,20.72436942,22.48336406,0,19.71111942
R-452A,-50,45,0.9217646152,23.08155974,25.04062247,0,22.06830974
R-452A,-50,50,0.9217646152,25.5806093,27.75178053,0,24.5673593
R-452A,-50,55,0.9217646152,28.21910861,30.61422422,0,27.20585861
R-452A,-50,60,0.9217646152,30.99486394,33.62557364,0,29.98161394
R-452A,-50,65,0.9217646152,33.90631513,36.78413618,0,32.89306513
R-452A,-50,70,0.9217646152,36.95298812,40.08939756,0,35.93973812
R-452A,-45,20,1.181312024,12.75055192,10.79355129,0.1680620236,11.73730192
R-452A,-45,25,1.181312024,14.52382112,12.29465275,0.1680620236,13.51057112
R-452A,-45,30,1.181312024,16.44409689,13.92019768,0.1680620236,15.43084689
R-452A,-45,35,1.181312024,18.51129049,15.67011096,0.1680620236,17.49804049
R-452A,-45,40,1.181312024,20.72436942,17.54351857,0.1680620236,19.71111942
R-452A,-45,45,1.181312024,23.08155974,19.53891883,0.1680620236,22.06830974
R-452A,-45,50,1.181312024,25.5806093,21.65440526,0.1680620236,24.5673593
R-452A,-45,55,1.181312024,28.21910861,23.88793819,0.1680620236,27.20585861
R-452A,-45,60,1.181312024,30.99486394,26.23766061,0.1680620236,29.98161394
R-452A,-45,65,1.181312024,33.90631513,28.70225178,0.1680620236,32.89306513
R-452A,-45,70,1.181312024,36.95298812,31.28131042,0.1680620236,35.93973812
R-452A,-40,20,1.497428493,12.75055192,8.514965475,0.4841784929,11.73730192
R-452A,-40,25,1.497428493,14.52382112,9.699175076,0.4841784929,13.51057112
R-452A,-40,30,1.497428493,16.44409689,10.98155736,0.4841784929,15.43084689
R-452A,-40,35,1.497428493,18.51129049,12.36205307,0.4841784929,17.49804049
R-452A,-40,40,1.497428493,20.72436942,13.83997267,0.4841784929,19.71111942
R-452A,-40,45,1.497428493,23.08155974,15.41413152,0.4841784929,22.06830974
R-452A,-40,50,1.497428493,25.5806093,17.08302561,0.4841784929,24.5673593
R-452A,-40,55,1.497428493,28.21910861,18.84504585,0.4841784929,27.20585861
R-452A,-40,60,1.497428493,30.99486394,20.69872725,0.4841784929,29.98161394
R-452A,-40,65,1.497428493,33.90631513,22.64302789,0.4841784929,32.89306513
R-452A,-40,70,1.497428493,36.95298812,24.67763121,0.4841784929,35.93973812
R-452A,-35,20,1.878359341,12.75055192,6.788132409,0.8651093409,11.73730192
R-452A,-35,25,1.878359341,14.52382112,7.732184572,0.8651093409,13.51057112
R-452A,-35,30,1.878359341,16.44409689,8.754500019,0.8651093409,15.43084689
R-452A,-35,35,1.878359341,18.51129049,9.85503151,0.8651093409,17.49804049
R-452A,-35,40,1.878359341,20.72436942,11.03322935,0.8651093409,19.71111942
R-452A,-35,45,1.878359341,23.08155974,12.28814915,0.8651093409,22.06830974
R-452A,-35,50,1.878359341,25.5806093,13.6185919,0.8651093409,24.5673593
R-452A,-35,55,1.878359341,28.21910861,15.02327483,0.8651093409,27.20585861
R-452A,-35,60,1.878359341,30.99486394,16.50103006,0.8651093409,29.98161394
R-452A,-35,65,1.878359341,33.90631513,18.05102697,0.8651093409,32.89306513
R-452A,-35,70,1.878359341,36.95298812,19.67301321,0.8651093409,35.93973812
R-452A,-30,20,2.332711992,12.75055192,5.46597778,1.319461992,11.73730192
R-452A,-30,25,2.332711992,14.52382112,6.22615272,1.319461992,13.51057112
R-452A,-30,30,2.332711992,16.44409689,7.049347257,1.319461992,15.43084689
R-452A,-30,35,2.332711992,18.51129049,7.935523353,1.319461992,17.49804049
R-452A,-30,40,2.332711992,20.72436942,8.884238382,1.319461992,19.71111942
R-452A,-30,45,2.332711992,23.08155974,9.894731888,1.319461992,22.06830974
R-452A,-30,50,2.332711992,25.5806093,10.96603841,1.319461992,24.5673593
R-452A,-30,55,2.332711992,28.21910861,12.09712502,1.319461992,27.20585861
R-452A,-30,60,2.332711992,30.99486394,13.28705131,1.319461992,29.98161394
R-452A,-30,65,2.332711992,33.90631513,14.53514846,1.319461992,32.89306513
R-452A,-30,70,2.332711992,36.95298812,15.84121325,1.319461992,35.93973812
R-452A,-25,20,2.869318526,12.75055192,4.443756175,1.856068526,11.73730192
R-452A,-25,25,2.869318526,14.52382112,5.061766753,1.856068526,13.51057112
R-452A,-25,30,2.869318526,16.44409689,5.731011297,1.856068526,15.43084689
R-452A,-25,35,2.869318526,18.51129049,6.451458883,1.856068526,17.49804049
R-452A,-25,40,2.869318526,20.72436942,7.222749664,1.856068526,19.71111942
R-452A,-25,45,2.869318526,23.08155974,8.0442654,1.856068526,22.06830974
R-452A,-25,50,2.869318526,25.5806093,8.915221183,1.856068526,24.5673593
R-452A,-25,55,2.869318526,28.21910861,9.834777267,1.856068526,27.20585861
R-452A,-25,60,2.869318526,30.99486394,10.80216911,1.856068526,29.98161394
R-452A,-25,65,2.869318526,33.90631513,11.81685297,1.856068526,32.89306513
R-452A,-25,70,2.869318526,36.95298812,12.87866362,1.856068526,35.93973812
R-452A,-20,20,3.497078131,12.75055192,3.646058635,2.483828131,11.73730192
R-452A,-20,25,3.497078131,14.52382112,4.153130291,2.483828131,13.51057112
R-452A,-20,30,3.497078131,16.44409689,4.702238917,2.483828131,15.43084689
R-452A,-20,35,3.497078131,18.51129049,5.29335914,2.483828131,17.49804049
R-452A,-20,40,3.497078131,20.72436942,5.92619571,2.483828131,19.71111942
R-452A,-20,45,3.497078131,23.08155974,6.600241364,2.483828131,22.06830974
R-452A,-20,50,3.497078131,25.5806093,7.314852096,2.483828131,24.5673593
R-452A,-20,55,3.497078131,28.21910861,8.069338901,2.483828131,27.20585861
R-452A,-20,60,3.497078131,30.99486394,8.863074481,2.483828131,29.98161394
R-452A,-20,65,3.497078131,33.90631513,9.695612696,2.483828131,32.89306513
R-452A,-20,70,3.497078131,36.95298812,10.56681799,2.483828131,35.93973812
R-452A,-15,20,4.224784073,12.75055192,3.018036354,3.211534073,11.73730192
R-452A,-15,25,4.224784073,14.52382112,3.437766491,3.211534073,13.51057112
R-452A,-15,30,4.224784073,16.44409689,3.892292861,3.211534073,15.43084689
R-452A,-15,35,4.224784073,18.51129049,4.381594461,3.211534073,17.49804049
R-452A,-15,40,4.224784073,20.72436942,4.905426896,3.211534073,19.71111942
R-452A,-15,45,4.224784073,23.08155974,5.463370279,3.211534073,22.06830974
R-452A,-15,50,4.224784073,25.5806093,6.054891531,3.211534073,24.5673593
R-452A,-15,55,4.224784073,28.21910861,6.679420326,3.211534073,27.20585861
R-452A,-15,60,4.224784073,30.99486394,7.336437416,3.211534073,29.98161394
R-452A,-15,65,4.224784073,33.90631513,8.025573508,3.211534073,32.89306513
R-452A,-15,70,4.224784073,36.95298812,8.746716396,3.211534073,35.93973812
R-452A,-10,20,5.060940962,12.75055192,2.51940341,4.047690962,11.73730192
R-452A,-10,25,5.060940962,14.52382112,2.869786711,4.047690962,13.51057112
R-452A,-10,30,5.060940962,16.44409689,3.249217292,4.047690962,15.43084689
R-452A,-10,35,5.060940962,18.51129049,3.65767762,4.047690962,17.49804049
R-452A,-10,40,5.060940962,20.72436942,4.094963679,4.047690962,19.71111942
R-452A,-10,45,5.060940962,23.08155974,4.560724954,4.047690962,22.06830974
R-452A,-10,50,5.060940962,25.5806093,5.054516441,4.047690962,24.5673593
R-452A,-10,55,5.060940962,28.21910861,5.575862042,4.047690962,27.20585861
R-452A,-10,60,5.060940962,30.99486394,6.124328297,4.047690962,29.98161394
R-452A,-10,65,5.060940962,33.90631513,6.699606928,4.047690962,32.89306513
R-452A,-10,70,5.060940962,36.95298812,7.301604266,4.047690962,35.93973812
R-452A,-5,20,6.01357926,12.75055192,2.120293317,5.00032926,11.73730192
R-452A,-5,25,6.01357926,14.52382112,2.415170814,5.00032926,13.51057112
R-452A,-5,30,6.01357926,16.44409689,2.73449408,5.00032926,15.43084689
R-452A,-5,35,6.01357926,18.51129049,3.07824836,5.00032926,17.49804049
R-452A,-5,40,6.01357926,20.72436942,3.446261955,5.00032926,19.71111942
R-452A,-5,45,6.01357926,23.08155974,3.83823988,5.00032926,22.06830974
R-452A,-5,50,6.01357926,25.5806093,4.253807623,5.00032926,24.5673593
R-452A,-5,55,6.01357926,28.21910861,4.692564509,5.00032926,27.20585861
R-452A,-5,60,6.01357926,30.99486394,5.154145743,5.00032926,29.98161394
R-452A,-5,65,6.01357926,33.90631513,5.638291883,5.00032926,32.89306513
R-452A,-5,70,6.01357926,36.95298812,6.144924099,5.00032926,35.93973812
R-452A,0,20,7.090074751,12.75055192,1.798366359,6.076824751,11.73730192
R-452A,0,25,7.090074751,14.52382112,2.048472213,6.076824751,13.51057112
R-452A,0,30,7.090074751,16.44409689,2.319312202,6.076824751,15.43084689
R-452A,0,35,7.090074751,18.51129049,2.610873812,6.076824751,17.49804049
R-452A,0,40,7.090074751,20.72436942,2.923011413,6.076824751,19.71111942
R-452A,0,45,7.090074751,23.08155974,3.255474808,6.076824751,22.06830974
R-452A,0,50,7.090074751,25.5806093,3.607946347,6.076824751,24.5673593
R-452A,0,55,7.090074751,28.21910861,3.98008619,6.076824751,27.20585861
R-452A,0,60,7.090074751,30.99486394,4.371584931,6.076824751,29.98161394
R-452A,0,65,7.090074751,33.90631513,4.782222518,6.076824751,32.89306513
R-452A,0,70,7.090074751,36.95298812,5.21193209,6.076824751,35.93973812
R-452A,5,20,8.296981357,12.75055192,1.536769985,7.283731357,11.73730192
R-452A,5,25,8.296981357,14.52382112,1.750494607,7.283731357,13.51057112
R-452A,5,30,8.296981357,16.44409689,1.981937307,7.283731357,15.43084689
R-452A,5,35,8.296981357,18.51129049,2.231087391,7.283731357,17.49804049
R-452A,5,40,8.296981357,20.72436942,2.497820415,7.283731357,19.71111942
R-452A,5,45,8.296981357,23.08155974,2.781922575,7.283731357,22.06830974
R-452A,5,50,8.296981357,25.5806093,3.083122427,7.283731357,24.5673593
R-452A,5,55,8.296981357,28.21910861,3.401129567,7.283731357,27.20585861
R-452A,5,60,8.296981357,30.99486394,3.735679594,7.283731357,29.98161394
R-452A,5,65,8.296981357,33.90631513,4.086584466,7.283731357,32.89306513
R-452A,5,70,8.296981357,36.95298812,4.45378705,7.283731357,35.93973812
R-452A,10,20,9.639885926,12.75055192,1.322687013,8.626635926,11.73730192
R-452A,10,25,9.639885926,14.52382112,1.506638276,8.626635926,13.51057112
R-452A,10,30,9.639885926,16.44409689,1.705839365,8.626635926,15.43084689
R-452A,10,35,9.639885926,18.51129049,1.920281073,8.626635926,17.49804049
R-452A,10,40,9.639885926,20.72436942,2.149856293,8.626635926,19.71111942
R-452A,10,45,9.639885926,23.08155974,2.394381003,8.626635926,22.06830974
R-452A,10,50,9.639885926,25.5806093,2.653621578,8.626635926,24.5673593
R-452A,10,55,9.639885926,28.21910861,2.927328064,8.626635926,27.20585861
R-452A,10,60,9.639885926,30.99486394,3.215272896,8.626635926,29.98161394
R-452A,10,65,9.639885926,33.90631513,3.517294228,8.626635926,32.89306513
R-452A,10,70,9.639885926,36.95298812,3.833342884,8.626635926,35.93973812
R-417A,-50,20,0.6207775538,9.669237939,15.57601089,0,8.655987939
R-417A,-50,25,0.6207775538,11.10262561,17.88503071,0,10.08937561
R-417A,-50,30,0.6207775538,12.67014687,20.41012403,0,11.65689687
R-417A,-50,35,0.6207775538,14.37376628,23.15445556,0,13.36051628
R-417A,-50,40,0.6207775538,16.214433,26.11955426,0,15.201183
R-417A,-50,45,0.6207775538,18.19214605,29.30541856,0,17.17889605
R-417A,-50,50,0.6207775538,20.30606876,32.7107007,0,19.29281876
R-417A,-50,55,0.6207775538,22.55469354,36.33297209,0,21.54144354
R-417A,-50,60,0.6207775538,24.93605626,40.16906879,0,23.92280626
R-417A,-50,65,0.6207775538,27.44799834,44.21551355,0,26.43474834
R-417A,-50,70,0.6207775538,30.08847226,48.46900807,0,29.07522226
R-417A,-45,20,0.8025823074,9.669237939,12.04765898,0,8.655987939
R-417A,-45,25,0.8025823074,11.10262561,13.83362866,0,10.08937561
R-417A,-45,30,0.8025823074,12.67014687,15.78672586,0,11.65689687
R-417A,-45,35,0.8025823074,14.37376628,17.90939838,0,13.36051628
R-417A,-45,40,0.8025823074,16.214433,20.20282885,0,15.201183
R-417A,-45,45,0.8025823074,18.19214605,22.66701605,0,17.17889605
R-417A,-45,50,0.8025823074,20.30606876,25.30091752,0,19.29281876
R-417A,-45,55,0.8025823074,22.55469354,28.10265481,0,21.54144354
R-417A,-45,60,0.8025823074,24.93605626,31.06978067,0,23.92280626
R-417A,-45,65,0.8025823074,27.44799834,34.19960556,0,26.43474834
R-417A,-45,70,0.8025823074,30.08847226,37.48957831,0,29.07522226
R-417A,-40,20,1.026249117,9.669237939,9.42192084,0.01299911661,8.655987939
R-417A,-40,25,1.026249117,11.10262561,10.81864572,0.01299911661,10.08937561
R-417A,-40,30,1.026249117,12.67014687,12.34607335,0.01299911661,11.65689687
R-417A,-40,35,1.026249117,14.37376628,14.00611805,0.01299911661,13.36051628
R-417A,-40,40,1.026249117,16.214433,15.79970471,0.01299911661,15.201183
R-417A,-40,45,1.026249117,18.19214605,17.72683236,0.01299911661,17.17889605
R-417A,-40,50,1.026249117,20.30606876,19.78668574,0.01299911661,19.29281876
R-417A,-40,55,1.026249117,22.55469354,21.97779581,0.01299911661,21.54144354
R-417A,-40,60,1.026249117,24.93605626,24.2982487,0.01299911661,23.92280626
R-417A,-40,65,1.026249117,27.44799834,26.74594102,0.01299911661,26.43474834
R-417A,-40,70,1.026249117,30.08847226,29.31887762,0.01299911661,29.07522226
R-417A,-35,20,1.298510111,9.669237939,7.446409436,0.2852601105,8.655987939
R-417A,-35,25,1.298510111,11.10262561,8.55028045,0.2852601105,10.08937561
R-417A,-35,30,1.298510111,12.67014687,9.757449532,0.2852601105,11.65689687
R-417A,-35,35,1.298510111,14.37376628,11.06942962,0.2852601105,13.36051628
R-417A,-35,40,1.298510111,16.214433,12.48695167,0.2852601105,15.201183
R-417A,-35,45,1.298510111,18.19214605,14.01001494,0.2852601105,17.17889605
R-417A,-35,50,1.298510111,20.30606876,15.63797509,0.2852601105,19.29281876
R-417A,-35,55,1.298510111,22.55469354,17.3696711,0.2852601105,21.54144354
R-417A,-35,60,1.298510111,24.93605626,19.20359038,0.2852601105,23.92280626
R-417A,-35,65,1.298510111,27.44799834,21.13807056,0.2852601105,26.43474834
R-417A,-35,70,1.298510111,30.08847226,23.17153484,0.2852601105,29.07522226
R-417A,-30,20,1.626558903,9.669237939,5.944597468,0.6133089035,8.655987939
R-417A,-30,25,1.626558903,11.10262561,6.825836795,0.6133089035,10.08937561
R-417A,-30,30,1.626558903,12.67014687,7.789540755,0.6133089035,11.65689687
R-417A,-30,35,1.626558903,14.37376628,8.836917156,0.6133089035,13.36051628
R-417A,-30,40,1.626558903,16.214433,9.968549533,0.6133089035,15.201183
R-417A,-30,45,1.626558903,18.19214605,11.18443728,0.6133089035,17.17889605
R-417A,-30,50,1.626558903,20.30606876,12.48406604,0.6133089035,19.29281876
R-417A,-30,55,1.626558903,22.55469354,13.86650892,0.6133089035,21.54144354
R-417A,-30,60,1.626558903,24.93605626,15.3305584,0.6133089035,23.92280626
R-417A,-30,65,1.626558903,27.44799834,16.8748874,0.6133089035,26.43474834
R-417A,-30,70,1.626558903,30.08847226,18.49823711,0.6133089035,29.07522226
R-417A,-25,20,2.017966712,9.669237939,4.791574549,1.004716712,8.655987939
R-417A,-25,25,2.017966712,11.10262561,5.501887392,1.004716712,10.08937561
R-417A,-25,30,2.017966712,12.67014687,6.278669907,1.004716712,11.65689687
R-417A,-25,35,2.017966712,14.37376628,7.122895631,1.004716712,13.36051628
R-417A,-25,40,2.017966712,16.214433,8.035034918,1.004716712,15.201183
R-417A,-25,45,2.017966712,18.19214605,9.015087282,1.004716712,17.17889605
R-417A,-25,50,2.017966712,20.30606876,10.06263812,1.004716712,19.29281876
R-417A,-25,55,2.017966712,22.55469354,11.17694033,1.004716712,21.54144354
R-417A,-25,60,2.017966712,24.93605626,12.35702061,1.004716712,23.92280626
R-417A,-25,65,2.017966712,27.44799834,13.60180927,1.004716712,26.43474834
R-417A,-25,70,2.017966712,30.08847226,14.91029167,1.004716712,29.07522226
R-417A,-20,20,2.480578394,9.669237939,3.897977166,1.467328394,8.655987939
R-417A,-20,25,2.480578394,11.10262561,4.475821299,1.467328394,10.08937561
R-417A,-20,30,2.480578394,12.67014687,5.107738944,1.467328394,11.65689687
R-417A,-20,35,2.480578394,14.37376628,5.794522081,1.467328394,13.36051628
R-417A,-20,40,2.480578394,16.214433,6.536553344,1.467328394,15.201183
R-417A,-20,45,2.480578394,18.19214605,7.333832338,1.467328394,17.17889605
R-417A,-20,50,2.480578394,20.30606876,8.18602178,1.467328394,19.29281876
R-417A,-20,55,2.480578394,22.55469354,9.092513903,1.467328394,21.54144354
R-417A,-20,60,2.480578394,24.93605626,10.05251691,1.467328394,23.92280626
R-417A,-20,65,2.480578394,27.44799834,11.06516061,1.467328394,26.43474834
R-417A,-20,70,2.480578394,30.08847226,12.12961958,1.467328394,29.07522226
R-417A,-15,20,3.022390319,9.669237939,3.19920226,2.009140319,8.655987939
R-417A,-15,25,3.022390319,11.10262561,3.673458568,2.009140319,10.08937561
R-417A,-15,30,3.022390319,12.67014687,4.192094843,2.009140319,11.65689687
R-417A,-15,35,3.022390319,14.37376628,4.755761091,2.009140319,13.36051628
R-417A,-15,40,3.022390319,16.214433,5.364771352,2.009140319,15.201183
R-417A,-15,45,3.022390319,18.19214605,6.019125303,2.009140319,17.17889605
R-417A,-15,50,3.022390319,20.30606876,6.718546124,2.009140319,19.29281876
R-417A,-15,55,3.022390319,22.55469354,7.462535,2.009140319,21.54144354
R-417A,-15,60,3.022390319,24.93605626,8.250442078,2.009140319,23.92280626
R-417A,-15,65,3.022390319,27.44799834,9.081553157,2.009140319,26.43474834
R-417A,-15,70,3.022390319,30.08847226,9.955190788,2.009140319,29.07522226
R-417A,-10,20,3.651413017,9.669237939,2.648081138,2.638163017,8.655987939
R-417A,-10,25,3.651413017,11.10262561,3.04063812,2.638163017,10.08937561
R-417A,-10,30,3.651413017,12.67014687,3.469929808,2.638163017,11.65689687
R-417A,-10,35,3.651413017,14.37376628,3.936494232,2.638163017,13.36051628
R-417A,-10,40,3.651413017,16.214433,4.440591333,2.638163017,15.201183
R-417A,-10,45,3.651413017,18.19214605,4.982220845,2.638163017,17.17889605
R-417A,-10,50,3.651413017,20.30606876,5.561153633,2.638163017,19.29281876
R-417A,-10,55,3.651413017,22.55469354,6.176976812,2.638163017,21.54144354
R-417A,-10,60,3.651413017,24.93605626,6.829152481,2.638163017,23.92280626
R-417A,-10,65,3.651413017,27.44799834,7.51708947,2.638163017,26.43474834
R-417A,-10,70,3.651413017,30.08847226,8.240227036,2.638163017,29.07522226
R-417A,-5,20,4.37552254,9.669237939,2.20984759,3.36227254,8.655987939
R-417A,-5,25,4.37552254,11.10262561,2.537439931,3.36227254,10.08937561
R-417A,-5,30,4.37552254,12.67014687,2.895687716,3.36227254,11.65689687
R-417A,-5,35,4.37552254,14.37376628,3.285039935,3.36227254,13.36051628
R-417A,-5,40,4.37552254,16.214433,3.705713512,3.36227254,15.201183
R-417A,-5,45,4.37552254,18.19214605,4.157708224,3.36227254,17.17889605
R-417A,-5,50,4.37552254,20.30606876,4.640832856,3.36227254,19.29281876
R-417A,-5,55,4.37552254,22.55469354,5.154742853,3.36227254,21.54144354
R-417A,-5,60,4.37552254,24.93605626,5.698989329,3.36227254,23.92280626
R-417A,-5,65,4.37552254,27.44799834,6.273078951,3.36227254,26.43474834
R-417A,-5,70,4.37552254,30.08847226,6.87654377,3.36227254,29.07522226
R-417A,0,20,5.202305367,9.669237939,1.858644823,4.189055367,8.655987939
R-417A,0,25,5.202305367,11.10262561,2.134174145,4.189055367,10.08937561
R-417A,0,30,5.202305367,12.67014687,2.435486957,4.189055367,11.65689687
R-417A,0,35,5.202305367,14.37376628,2.762960892,4.189055367,13.36051628
R-417A,0,40,5.202305367,16.214433,3.1167784,4.189055367,15.201183
R-417A,0,45,5.202305367,18.19214605,3.496939292,4.189055367,17.17889605
R-417A,0,50,5.202305367,20.30606876,3.903282743,4.189055367,19.29281876
R-417A,0,55,5.202305367,22.55469354,4.335518956,4.189055367,21.54144354
R-417A,0,60,5.202305367,24.93605626,4.793270387,4.189055367,23.92280626
R-417A,0,65,5.202305367,27.44799834,5.276122104,4.189055367,26.43474834
R-417A,0,70,5.202305367,30.08847226,5.78368053,4.189055367,29.07522226
R-417A,5,20,6.138902495,9.669237939,1.575075992,5.125652495,8.655987939
R-417A,5,25,6.138902495,11.10262561,1.808568489,5.125652495,10.08937561
R-417A,5,30,6.138902495,12.67014687,2.063910753,5.125652495,11.65689687
R-417A,5,35,6.138902495,14.37376628,2.341422802,5.125652495,13.36051628
R-417A,5,40,6.138902495,16.214433,2.641259249,5.125652495,15.201183
R-417A,5,45,6.138902495,18.19214605,2.963419937,5.125652495,17.17889605
R-417A,5,50,6.138902495,20.30606876,3.307768576,5.125652495,19.29281876
R-417A,5,55,6.138902495,22.55469354,3.674059582,5.125652495,21.54144354
R-417A,5,60,6.138902495,24.93605626,4.061973013,5.125652495,23.92280626
R-417A,5,65,6.138902495,27.44799834,4.471157241,5.125652495,26.43474834
R-417A,5,70,6.138902495,30.08847226,4.901278736,5.125652495,29.07522226
R-417A,10,20,7.191858929,9.669237939,1.344469912,6.178608929,8.655987939
R-417A,10,25,7.191858929,11.10262561,1.54377689,6.178608929,10.08937561
R-417A,10,30,7.191858929,12.67014687,1.761734622,6.178608929,11.65689687
R-417A,10,35,7.191858929,14.37376628,1.998616272,6.178608929,13.36051628
R-417A,10,40,7.191858929,16.214433,2.254553817,6.178608929,15.201183
R-417A,10,45,7.191858929,18.19214605,2.529547121,6.178608929,17.17889605
R-417A,10,50,7.191858929,20.30606876,2.823479849,6.178608929,19.29281876
R-417A,10,55,7.191858929,22.55469354,3.136142374,6.178608929,21.54144354
R-417A,10,60,7.191858929,24.93605626,3.467261595,6.178608929,23.92280626
R-417A,10,65,7.191858929,27.44799834,3.816537367,6.178608929,26.43474834
R-417A,10,70,7.191858929,30.08847226,4.183684992,6.178608929,29.07522226
R-422A,-50,20,0.9059965754,12.48841431,13.78417386,0,11.47516431
R-422A,-50,25,0.9059965754,14.21639261,15.69144189,0,13.20314261
R-422A,-50,30,0.9059965754,16.08590461,17.75492871,0,15.07265461
R-422A,-50,35,0.9059965754,18.09673746,19.97439941,0,17.08348746
R-422A,-50,40,0.9059965754,20.2478545,22.34870975,0,19.2346045
R-422A,-50,45,0.9059965754,22.53761991,24.87605419,0,21.52436991
R-422A,-50,50,0.9059965754,24.96408311,27.55427977,0,23.95083311
R-422A,-50,55,0.9059965754,27.52531885,30.38126147,0,26.51206885
R-422A,-50,60,0.9059965754,30.21981653,33.35533196,0,29.20656653
R-422A,-50,65,0.9059965754,33.04691017,36.47575616,0,32.03366017
R-422A,-50,70,0.9059965754,36.00723826,39.74323881,0,34.99398826
R-422A,-45,20,1.161410105,12.48841431,10.75280321,0.1481601052,11.47516431
R-422A,-45,25,1.161410105,14.21639261,12.24063107,0.1481601052,13.20314261
R-422A,-45,30,1.161410105,16.08590461,13.85032258,0.1481601052,15.07265461
R-422A,-45,35,1.161410105,18.09673746,15.58169451,0.1481601052,17.08348746
R-422A,-45,40,1.161410105,20.2478545,17.43385425,0.1481601052,19.2346045
R-422A,-45,45,1.161410105,22.53761991,19.40539333,0.1481601052,21.52436991
R-422A,-45,50,1.161410105,24.96408311,21.49463225,0.1481601052,23.95083311
R-422A,-45,55,1.161410105,27.52531885,23.69991334,0.1481601052,26.51206885
R-422A,-45,60,1.161410105,30.21981653,26.01993593,0.1481601052,29.20656653
R-422A,-45,65,1.161410105,33.04691017,28.4541266,0.1481601052,32.03366017
R-422A,-45,70,1.161410105,36.00723826,31.0030351,0.1481601052,34.99398826
R-422A,-40,20,1.472440075,12.48841431,8.481441464,0.4591900754,11.47516431
R-422A,-40,25,1.472440075,14.21639261,9.65498892,0.4591900754,13.20314261
R-422A,-40,30,1.472440075,16.08590461,10.92465824,0.4591900754,15.07265461
R-422A,-40,35,1.472440075,18.09673746,12.29030489,0.4591900754,17.08348746
R-422A,-40,40,1.472440075,20.2478545,13.75122481,0.4591900754,19.2346045
R-422A,-40,45,1.472440075,22.53761991,15.30630705,0.4591900754,21.52436991
R-422A,-40,50,1.472440075,24.96408311,16.95422688,0.4591900754,23.95083311
R-422A,-40,55,1.472440075,27.52531885,18.69367678,0.4591900754,26.51206885
R-422A,-40,60,1.472440075,30.21981653,20.52363083,0.4591900754,29.20656653
R-422A,-40,65,1.472440075,33.04691017,22.44363674,0.4591900754,32.03366017
R-422A,-40,70,1.472440075,36.00723826,24.45412812,0.4591900754,34.99398826
R-422A,-35,20,1.847136196,12.48841431,6.760960202,0.8338861959,11.47516431
R-422A,-35,25,1.847136196,14.21639261,7.696450671,0.8338861959,13.20314261
R-422A,-35,30,1.847136196,16.08590461,8.708564449,0.8338861959,15.07265461
R-422A,-35,35,1.847136196,18.09673746,9.797186313,0.8338861959,17.08348746
R-422A,-35,40,1.847136196,20.2478545,10.96175504,0.8338861959,19.2346045
R-422A,-35,45,1.847136196,22.53761991,12.20138502,0.8338861959,21.52436991
R-422A,-35,50,1.847136196,24.96408311,13.51502026,0.8338861959,23.95083311
R-422A,-35,55,1.847136196,27.52531885,14.90161847,0.8338861959,26.51206885
R-422A,-35,60,1.847136196,30.21981653,16.36036184,0.8338861959,29.20656653
R-422A,-35,65,1.847136196,33.04691017,17.89088982,0.8338861959,32.03366017
R-422A,-35,70,1.847136196,36.00723826,19.49354809,0.8338861959,34.99398826
R-422A,-30,20,2.293878391,12.48841431,5.44423556,1.280628391,11.47516431
R-422A,-30,25,2.293878391,14.21639261,6.197535435,1.280628391,13.20314261
R-422A,-30,30,2.293878391,16.08590461,7.012535917,1.280628391,15.07265461
R-422A,-30,35,2.293878391,18.09673746,7.889144222,1.280628391,17.08348746
R-422A,-30,40,2.293878391,20.2478545,8.826908424,1.280628391,19.2346045
R-422A,-30,45,2.293878391,22.53761991,9.825115398,1.280628391,21.52436991
R-422A,-30,50,2.293878391,24.96408311,10.88291481,1.280628391,23.95083311
R-422A,-30,55,2.293878391,27.52531885,11.99946734,1.280628391,26.51206885
R-422A,-30,60,2.293878391,30.21981653,13.17411448,1.280628391,29.20656653
R-422A,-30,65,2.293878391,33.04691017,14.40656588,1.280628391,32.03366017
R-422A,-30,70,2.293878391,36.00723826,15.6970999,1.280628391,34.99398826
R-422A,-25,20,2.821237767,12.48841431,4.426572781,1.807987767,11.47516431
R-422A,-25,25,2.821237767,14.21639261,5.039062208,1.807987767,13.20314261
R-422A,-25,30,2.821237767,16.08590461,5.701718868,1.807987767,15.07265461
R-422A,-25,35,2.821237767,18.09673746,6.414467319,1.807987767,17.08348746
R-422A,-25,40,2.821237767,20.2478545,7.176940112,1.807987767,19.2346045
R-422A,-25,45,2.821237767,22.53761991,7.988557422,1.807987767,21.52436991
R-422A,-25,50,2.821237767,24.96408311,8.84862786,1.807987767,23.95083311
R-422A,-25,55,2.821237767,27.52531885,9.756469011,1.807987767,26.51206885
R-422A,-25,60,2.821237767,30.21981653,10.71154544,1.807987767,29.20656653
R-422A,-25,65,2.821237767,33.04691017,11.71362107,1.807987767,32.03366017
R-422A,-25,70,2.821237767,36.00723826,12.76292224,1.807987767,34.99398826
R-422A,-20,20,3.437818639,12.48841431,3.632656525,2.424568639,11.47516431
R-422A,-20,25,3.437818639,14.21639261,4.135294531,2.424568639,13.20314261
R-422A,-20,30,3.437818639,16.08590461,4.679102158,2.424568639,15.07265461
R-422A,-20,35,3.437818639,18.09673746,5.264017495,2.424568639,17.08348746
R-422A,-20,40,3.437818639,20.2478545,5.889738996,2.424568639,19.2346045
R-422A,-20,45,3.437818639,22.53761991,6.55579083,2.424568639,21.52436991
R-422A,-20,50,3.437818639,24.96408311,7.261605609,2.424568639,23.95083311
R-422A,-20,55,3.437818639,27.52531885,8.006623311,2.424568639,26.51206885
R-422A,-20,60,3.437818639,30.21981653,8.790404529,2.424568639,29.20656653
R-422A,-20,65,3.437818639,33.04691017,9.612755542,2.424568639,32.03366017
R-422A,-20,70,3.437818639,36.00723826,10.47386207,2.424568639,34.99398826
R-422A,-15,20,4.152086526,12.48841431,3.007744234,3.138836526,11.47516431
R-422A,-15,25,4.152086526,14.21639261,3.423915308,3.138836526,13.20314261
R-422A,-15,30,4.152086526,16.08590461,3.874173746,3.138836526,15.07265461
R-422A,-15,35,4.152086526,18.09673746,4.358468289,3.138836526,17.08348746
R-422A,-15,40,4.152086526,20.2478545,4.876549265,3.138836526,19.2346045
R-422A,-15,45,4.152086526,22.53761991,5.428022698,3.138836526,21.52436991
R-422A,-15,50,4.152086526,24.96408311,6.012418805,3.138836526,23.95083311
R-422A,-15,55,4.152086526,27.52531885,6.629273903,3.138836526,26.51206885
R-422A,-15,60,4.152086526,30.21981653,7.278224175,3.138836526,29.20656653
R-422A,-15,65,4.152086526,33.04691017,7.959109225,3.138836526,32.03366017
R-422A,-15,70,4.152086526,36.00723826,8.672082827,3.138836526,34.99398826
R-422A,-10,20,4.972188256,12.48841431,2.511653555,3.958938256,11.47516431
R-422A,-10,25,4.972188256,14.21639261,2.859182292,3.958938256,13.20314261
R-422A,-10,30,4.972188256,16.08590461,3.235176099,3.958938256,15.07265461
R-422A,-10,35,4.972188256,18.09673746,3.639592172,3.958938256,17.08348746
R-422A,-10,40,4.972188256,20.2478545,4.072222018,3.958938256,19.2346045
R-422A,-10,45,4.972188256,22.53761991,4.532736643,3.958938256,21.52436991
R-422A,-10,50,4.972188256,24.96408311,5.020743749,3.958938256,23.95083311
R-422A,-10,55,4.972188256,27.52531885,5.535856132,3.958938256,26.51206885
R-422A,-10,60,4.972188256,30.21981653,6.077769982,3.958938256,29.20656653
R-422A,-10,65,4.972188256,33.04691017,6.646351358,3.958938256,32.03366017
R-422A,-10,70,4.972188256,36.00723826,7.241728672,3.958938256,34.99398826
R-422A,-5,20,5.905771341,12.48841431,2.114611892,4.892521341,11.47516431
R-422A,-5,25,5.905771341,14.21639261,2.40720336,4.892521341,13.20314261
R-422A,-5,30,5.905771341,16.08590461,2.723760146,4.892521341,15.07265461
R-422A,-5,35,5.905771341,18.09673746,3.064246212,4.892521341,17.08348746
R-422A,-5,40,5.905771341,20.2478545,3.428486023,4.892521341,19.2346045
R-422A,-5,45,5.905771341,22.53761991,3.816202593,4.892521341,21.52436991
R-422A,-5,50,5.905771341,24.96408311,4.227065639,4.892521341,23.95083311
R-422A,-5,55,5.905771341,27.52531885,4.660749166,4.892521341,26.51206885
R-422A,-5,60,5.905771341,30.21981653,5.116997389,4.892521341,29.20656653
R-422A,-5,65,5.905771341,33.04691017,5.595697541,4.892521341,32.03366017
R-422A,-5,70,5.905771341,36.00723826,6.096957735,4.892521341,34.99398826
R-422A,0,20,6.959810624,12.48841431,1.794361224,5.946560624,11.47516431
R-422A,0,25,6.959810624,14.21639261,2.042640724,5.946560624,13.20314261
R-422A,0,30,6.959810624,16.08590461,2.311256078,5.946560624,15.07265461
R-422A,0,35,6.959810624,18.09673746,2.600176705,5.946560624,17.08348746
R-422A,0,40,6.959810624,20.2478545,2.909253655,5.946560624,19.2346045
R-422A,0,45,6.959810624,22.53761991,3.23825189,5.946560624,21.52436991
R-422A,0,50,6.959810624,24.96408311,3.586891146,5.946560624,23.95083311
R-422A,0,55,6.959810624,27.52531885,3.9548948,5.946560624,26.51206885
R-422A,0,60,6.959810624,30.21981653,4.342045805,5.946560624,29.20656653
R-422A,0,65,6.959810624,33.04691017,4.748248473,5.946560624,32.03366017
R-422A,0,70,6.959810624,36.00723826,5.173594542,5.946560624,34.99398826
R-422A,5,20,8.140450728,12.48841431,1.534118285,7.127200728,11.47516431
R-422A,5,25,8.140450728,14.21639261,1.746388878,7.127200728,13.20314261
R-422A,5,30,8.140450728,16.08590461,1.97604594,7.127200728,15.07265461
R-422A,5,35,8.140450728,18.09673746,2.223063324,7.127200728,17.08348746
R-422A,5,40,8.140450728,20.2478545,2.487313685,7.127200728,19.2346045
R-422A,5,45,8.140450728,22.53761991,2.768596071,7.127200728,21.52436991
R-422A,5,50,8.140450728,24.96408311,3.066670869,7.127200728,23.95083311
R-422A,5,55,8.140450728,27.52531885,3.381301573,7.127200728,26.51206885
R-422A,5,60,8.140450728,30.21981653,3.712302615,7.127200728,29.20656653
R-422A,5,65,8.140450728,33.04691017,4.059592186,7.127200728,32.03366017
R-422A,5,70,8.140450728,36.00723826,4.423248719,7.127200728,34.99398826
R-422A,10,20,9.452872998,12.48841431,1.321123674,8.439622998,11.47516431
R-422A,10,25,9.452872998,14.21639261,1.503922947,8.439622998,13.20314261
R-422A,10,30,9.452872998,16.08590461,1.701694777,8.439622998,15.07265461
R-422A,10,35,9.452872998,18.09673746,1.91441665,8.439622998,17.08348746
R-422A,10,40,9.452872998,20.2478545,2.141978899,8.439622998,19.2346045
R-422A,10,45,9.452872998,22.53761991,2.384208474,8.439622998,21.52436991
R-422A,10,50,9.452872998,24.96408311,2.640899028,8.439622998,23.95083311
R-422A,10,55,9.452872998,27.52531885,2.911846891,8.439622998,26.51206885
R-422A,10,60,9.452872998,30.21981653,3.196892261,8.439622998,29.20656653
R-422A,10,65,9.452872998,33.04691017,3.495964685,8.439622998,32.03366017
R-422A,10,70,9.452872998,36.00723826,3.809131707,8.439622998,34.99398826
R-438A,-50,20,0.7490425637,11.11135878,14.83408196,0,10.09810878
R-438A,-50,25,0.7490425637,12.72134904,16.98347952,0,11.70809904
R-438A,-50,30,0.7490425637,14.4760835,19.32611604,0,13.4628335
R-438A,-50,35,0.7490425637,16.37690641,21.86378612,0,15.36365641
R-438A,-50,40,0.7490425637,18.42407043,24.5968271,0,17.41082043
R-438A,-50,45,0.7490425637,20.61683589,27.52425147,0,19.60358589
R-438A,-50,50,0.7490425637,22.9536246,30.64395231,0,21.9403746
R-438A,-50,55,0.7490425637,25.43222871,33.95298203,0,24.41897871
R-438A,-50,60,0.7490425637,28.05007271,37.44790226,0,27.03682271
R-438A,-50,65,0.7490425637,30.80452529,41.12520006,0,29.79127529
R-438A,-50,70,0.7490425637,33.6932554,44.98176344,0,32.6800054
R-438A,-45,20,0.9644492237,11.11135878,11.52093704,0,10.09810878
R-438A,-45,25,0.9644492237,12.72134904,13.19027351,0,11.70809904
R-438A,-45,30,0.9644492237,14.4760835,15.00968962,0,13.4628335
R-438A,-45,35,0.9644492237,16.37690641,16.98057918,0,15.36365641
R-438A,-45,40,0.9644492237,18.42407043,19.10320417,0,17.41082043
R-438A,-45,45,0.9644492237,20.61683589,21.37679764,0,19.60358589
R-438A,-45,50,0.9644492237,22.9536246,23.79972324,0,21.9403746
R-438A,-45,55,0.9644492237,25.43222871,26.36969172,0,24.41897871
R-438A,-45,60,0.9644492237,28.05007271,29.08403265,0,27.03682271
R-438A,-45,65,0.9644492237,30.80452529,31.94001771,0,29.79127529
R-438A,-45,70,0.9644492237,33.6932554,34.93522995,0,32.6800054
R-438A,-40,20,1.22832843,11.11135878,9.045918432,0.2150784299,10.09810878
R-438A,-40,25,1.22832843,12.72134904,10.35663487,0.2150784299,11.70809904
R-438A,-40,30,1.22832843,14.4760835,11.78518965,0.2150784299,13.4628335
R-438A,-40,35,1.22832843,16.37690641,13.33267716,0.2150784299,15.36365641
R-438A,-40,40,1.22832843,18.42407043,14.99930311,0.2150784299,17.41082043
R-438A,-40,45,1.22832843,20.61683589,16.78446528,0.2150784299,19.60358589
R-438A,-40,50,1.22832843,22.9536246,18.68687888,0.2150784299,21.9403746
R-438A,-40,55,1.22832843,25.43222871,20.70474646,0.2150784299,24.41897871
R-438A,-40,60,1.22832843,28.05007271,22.83597125,0.2150784299,27.03682271
R-438A,-40,65,1.22832843,30.80452529,25.07841106,0.2150784299,29.79127529
R-438A,-40,70,1.22832843,33.6932554,27.43016817,0.2150784299,32.6800054
R-438A,-35,20,1.548201498,11.11135878,7.176946152,0.5349514981,10.09810878
R-438A,-35,25,1.548201498,12.72134904,8.216856177,0.5349514981,11.70809904
R-438A,-35,30,1.548201498,14.4760835,9.350258039,0.5349514981,13.4628335
R-438A,-35,35,1.548201498,16.37690641,10.57802,0.5349514981,15.36365641
R-438A,-35,40,1.548201498,18.42407043,11.90030526,0.5349514981,17.41082043
R-438A,-35,45,1.548201498,20.61683589,13.31663605,0.5349514981,19.60358589
R-438A,-35,50,1.548201498,22.9536246,14.82599302,0.5349514981,21.9403746
R-438A,-35,55,1.548201498,25.43222871,16.42695007,0.5349514981,24.41897871
R-438A,-35,60,1.548201498,28.05007271,18.11784367,0.5349514981,27.03682271
R-438A,-35,65,1.548201498,30.80452529,19.89697421,0.5349514981,29.79127529
R-438A,-35,70,1.548201498,33.6932554,21.76283607,0.5349514981,32.6800054
R-438A,-30,20,1.932045445,11.11135878,5.751085624,0.9187954453,10.09810878
R-438A,-30,25,1.932045445,12.72134904,6.584394314,0.9187954453,11.70809904
R-438A,-30,30,1.932045445,14.4760835,7.4926206,0.9187954453,13.4628335
R-438A,-30,35,1.932045445,16.37690641,8.476460245,0.9187954453,15.36365641
R-438A,-30,40,1.932045445,18.42407043,9.536044029,0.9187954453,17.41082043
R-438A,-30,45,1.932045445,20.61683589,10.6709891,0.9187954453,19.60358589
R-438A,-30,50,1.932045445,22.9536246,11.88047862,0.9187954453,21.9403746
R-438A,-30,55,1.932045445,25.43222871,13.16336982,0.9187954453,24.41897871
R-438A,-30,60,1.932045445,28.05007271,14.51832967,0.9187954453,27.03682271
R-438A,-30,65,1.932045445,30.80452529,15.94399623,0.9187954453,29.79127529
R-438A,-30,70,1.932045445,33.6932554,17.43916298,0.9187954453,32.6800054
R-438A,-25,20,2.388189592,11.11135878,4.652628426,1.374939592,10.09810878
R-438A,-25,25,2.388189592,12.72134904,5.326775179,1.374939592,11.70809904
R-438A,-25,30,2.388189592,14.4760835,6.061530269,1.374939592,13.4628335
R-438A,-25,35,2.388189592,16.37690641,6.857456569,1.374939592,15.36365641
R-438A,-25,40,2.388189592,18.42407043,7.71465988,1.374939592,17.41082043
R-438A,-25,45,2.388189592,20.61683589,8.632830472,1.374939592,19.60358589
R-438A,-25,50,2.388189592,22.9536246,9.611307524,1.374939592,21.9403746
R-438A,-25,55,2.388189592,25.43222871,10.64916654,1.374939592,24.41897871
R-438A,-25,60,2.388189592,28.05007271,11.7453291,1.374939592,27.03682271
R-438A,-25,65,2.388189592,30.80452529,12.89869338,1.374939592,29.79127529
R-438A,-25,70,2.388189592,33.6932554,14.10828333,1.374939592,32.6800054
R-438A,-20,20,2.925190957,11.11135878,3.798507156,1.911940957,10.09810878
R-438A,-20,25,2.925190957,12.72134904,4.348895245,1.911940957,11.70809904
R-438A,-20,30,2.925190957,14.4760835,4.9487653,1.911940957,13.4628335
R-438A,-20,35,2.925190957,16.37690641,5.598576861,1.911940957,15.36365641
R-438A,-20,40,2.925190957,18.42407043,6.298416309,1.911940957,17.41082043
R-438A,-20,45,2.925190957,20.61683589,7.048030774,1.911940957,19.60358589
R-438A,-20,50,2.925190957,22.9536246,7.846880745,1.911940957,21.9403746
R-438A,-20,55,2.925190957,25.43222871,8.694211448,1.911940957,24.41897871
R-438A,-20,60,2.925190957,28.05007271,9.589142427,1.911940957,27.03682271
R-438A,-20,65,2.925190957,30.80452529,10.53077414,1.911940957,29.79127529
R-438A,-20,70,2.925190957,33.6932554,11.51830971,1.911940957,32.6800054
R-438A,-15,20,3.551691119,11.11135878,3.128469907,2.538441119,10.09810878
R-438A,-15,25,3.551691119,12.72134904,3.58177235,2.538441119,11.70809904
R-438A,-15,30,3.551691119,14.4760835,4.075828393,2.538441119,13.4628335
R-438A,-15,35,3.551691119,16.37690641,4.611016516,2.538441119,15.36365641
R-438A,-15,40,3.551691119,18.42407043,5.187407862,2.538441119,17.41082043
R-438A,-15,45,3.551691119,20.61683589,5.804794166,2.538441119,19.60358589
R-438A,-15,50,3.551691119,22.9536246,6.462731085,2.538441119,21.9403746
R-438A,-15,55,3.551691119,25.43222871,7.160596983,2.538441119,24.41897871
R-438A,-15,60,3.551691119,28.05007271,7.897666711,2.538441119,27.03682271
R-438A,-15,65,3.551691119,30.80452529,8.673199402,2.538441119,29.79127529
R-438A,-15,70,3.551691119,33.6932554,9.486538744,2.538441119,32.6800054
R-438A,-10,20,4.276258362,11.11135878,2.59838341,3.263008362,10.09810878
R-438A,-10,25,4.276258362,12.72134904,2.974878496,3.263008362,11.70809904
R-438A,-10,30,4.276258362,14.4760835,3.385221911,3.263008362,13.4628335
R-438A,-10,35,4.276258362,16.37690641,3.829728005,3.263008362,15.36365641
R-438A,-10,40,4.276258362,18.42407043,4.308455868,3.263008362,17.41082043
R-438A,-10,45,4.276258362,20.61683589,4.821232521,3.263008362,19.60358589
R-438A,-10,50,4.276258362,22.9536246,5.367688913,3.263008362,21.9403746
R-438A,-10,55,4.276258362,25.43222871,5.947308734,3.263008362,24.41897871
R-438A,-10,60,4.276258362,28.05007271,6.559489708,3.263008362,27.03682271
R-438A,-10,65,4.276258362,30.80452529,7.203616498,3.263008362,29.79127529
R-438A,-10,70,4.276258362,33.6932554,7.879143997,3.263008362,32.6800054
R-438A,-5,20,5.107219971,11.11135878,2.175617821,4.093969971,10.09810878
R-438A,-5,25,5.107219971,12.72134904,2.490855909,4.093969971,11.70809904
R-438A,-5,30,5.107219971,14.4760835,2.834435091,4.093969971,13.4628335
R-438A,-5,35,5.107219971,16.37690641,3.206618571,4.093969971,15.36365641
R-438A,-5,40,5.107219971,18.42407043,3.607455824,4.093969971,17.41082043
R-438A,-5,45,5.107219971,20.61683589,4.036802018,4.093969971,19.60358589
R-438A,-5,50,5.107219971,22.9536246,4.494348144,4.093969971,21.9403746
R-438A,-5,55,5.107219971,25.43222871,4.9796619,4.093969971,24.41897871
R-438A,-5,60,5.107219971,28.05007271,5.492239001,4.093969971,27.03682271
R-438A,-5,65,5.107219971,30.80452529,6.031564229,4.093969971,29.79127529
R-438A,-5,70,5.107219971,33.6932554,6.597181166,4.093969971,32.6800054
R-438A,0,20,6.052490471,11.11135878,1.835832512,5.039240471,10.09810878
R-438A,0,25,6.052490471,12.72134904,2.101837104,5.039240471,11.70809904
R-438A,0,30,6.052490471,14.4760835,2.391756513,5.039240471,13.4628335
R-438A,0,35,6.052490471,16.37690641,2.705812836,5.039240471,15.36365641
R-438A,0,40,6.052490471,18.42407043,3.044047822,5.039240471,17.41082043
R-438A,0,45,6.052490471,20.61683589,3.406339256,5.039240471,19.60358589
R-438A,0,50,6.052490471,22.9536246,3.792426392,5.039240471,21.9403746
R-438A,0,55,6.052490471,25.43222871,4.201944444,5.039240471,24.41897871
R-438A,0,60,6.052490471,28.05007271,4.634467886,5.039240471,27.03682271
R-438A,0,65,6.052490471,30.80452529,5.089561964,5.039240471,29.79127529
R-438A,0,70,6.052490471,33.6932554,5.566841545,5.039240471,32.6800054
R-438A,5,20,7.119402398,11.11135878,1.560715094,6.106152398,10.09810878
R-438A,5,25,7.119402398,12.72134904,1.786856302,6.106152398,11.70809904
R-438A,5,30,7.119402398,14.4760835,2.033328459,6.106152398,13.4628335
R-438A,5,35,7.119402398,16.37690641,2.300320377,6.106152398,15.36365641
R-438A,5,40,7.119402398,18.42407043,2.587867549,6.106152398,17.41082043
R-438A,5,45,7.119402398,20.61683589,2.895866076,6.106152398,19.60358589
R-438A,5,50,7.119402398,22.9536246,3.224094287,6.106152398,21.9403746
R-438A,5,55,7.119402398,25.43222871,3.572242063,6.106152398,24.41897871
R-438A,5,60,7.119402398,28.05007271,3.939947646,6.106152398,27.03682271
R-438A,5,65,7.119402398,30.80452529,4.326841435,6.106152398,29.79127529
R-438A,5,70,7.119402398,33.6932554,4.732596013,6.106152398,32.6800054
R-438A,10,20,8.314546737,11.11135878,1.336375768,7.301296737,10.09810878
R-438A,10,25,8.314546737,12.72134904,1.530011129,7.301296737,11.70809904
R-438A,10,30,8.314546737,14.4760835,1.74105504,7.301296737,13.4628335
R-438A,10,35,8.314546737,16.37690641,1.969669175,7.301296737,15.36365641
R-438A,10,40,8.314546737,18.42407043,2.215883922,7.301296737,17.41082043
R-438A,10,45,8.314546737,20.61683589,2.479610319,7.301296737,19.60358589
R-438A,10,50,8.314546737,22.9536246,2.760658557,7.301296737,21.9403746
R-438A,10,55,8.314546737,25.43222871,3.058763095,7.301296737,24.41897871
R-438A,10,60,8.314546737,28.05007271,3.373614173,7.301296737,27.03682271
R-438A,10,65,8.314546737,30.80452529,3.704895319,7.301296737,29.79127529
R-438A,10,70,8.314546737,33.6932554,4.052326178,7.301296737,32.6800054
R-453A,-50,20,0.7178434633,10.80555409,15.0528,0,9.792304086
R-453A,-50,25,0.7178434633,12.38527112,17.25344278,0,11.37202112
R-453A,-50,30,0.7178434633,14.1095705,19.65549764,0,13.0963205
R-453A,-50,35,0.7178434633,15.98014661,22.26132496,0,14.96689661
R-453A,-50,40,0.7178434633,17.99758265,25.07173718,0,16.98433265
R-453A,-50,45,0.7178434633,20.16142845,28.08610718,0,19.14817845
R-453A,-50,50,0.7178434633,22.47033115,31.30255035,0,21.45708115
R-453A,-50,55,0.7178434633,24.9222196,34.71818143,0,23.9089696
R-453A,-50,60,0.7178434633,27.5145415,38.32944493,0,26.5012915
R-453A,-50,65,0.7178434633,30.24455078,42.1325154,0,29.23130078
R-453A,-50,70,0.7178434633,33.10964045,46.12376116,0,32.09639045
R-453A,-45,20,0.9251223048,10.80555409,11.68013573,0,9.792304086
R-453A,-45,25,0.9251223048,12.38527112,13.38771215,0,11.37202112
R-453A,-45,30,0.9251223048,14.1095705,15.25157315,0,13.0963205
R-453A,-45,35,0.9251223048,15.98014661,17.27355024,0,14.96689661
R-453A,-45,40,0.9251223048,17.99758265,19.45427383,0,16.98433265
R-453A,-45,45,0.9251223048,20.16142845,21.79325733,0,19.14817845
R-453A,-45,50,0.9251223048,22.47033115,24.28903836,0,21.45708115
R-453A,-45,55,0.9251223048,24.9222196,26.93937814,0,23.9089696
R-453A,-45,60,0.9251223048,27.5145415,29.7415178,0,26.5012915
R-453A,-45,65,0.9251223048,30.24455078,32.692489,0,29.23130078
R-453A,-45,70,0.9251223048,33.10964045,35.78947376,0,32.09639045
R-453A,-40,20,1.179344691,10.80555409,9.162337495,0.1660946914,9.792304086
R-453A,-40,25,1.179344691,12.38527112,10.50182462,0.1660946914,11.37202112
R-453A,-40,30,1.179344691,14.1095705,11.96390725,0.1660946914,13.0963205
R-453A,-40,35,1.179344691,15.98014661,13.55002208,0.1660946914,14.96689661
R-453A,-40,40,1.179344691,17.99758265,15.26066364,0.1660946914,16.98433265
R-453A,-40,45,1.179344691,20.16142845,17.09545021,0.1660946914,19.14817845
R-453A,-40,50,1.179344691,22.47033115,19.05323466,0.1660946914,21.45708115
R-453A,-40,55,1.179344691,24.9222196,21.1322608,0.1660946914,23.9089696
R-453A,-40,60,1.179344691,27.5145415,23.33036448,0.1660946914,26.5012915
R-453A,-40,65,1.179344691,30.24455078,25.64521721,0.1660946914,29.23130078
R-453A,-40,70,1.179344691,33.10964045,28.07460846,0.1660946914,32.09639045
R-453A,-35,20,1.487888616,10.80555409,7.262340721,0.4746386162,9.792304086
R-453A,-35,25,1.487888616,12.38527112,8.324057988,0.4746386162,11.37202112
R-453A,-35,30,1.487888616,14.1095705,9.482948084,0.4746386162,13.0963205
R-453A,-35,35,1.487888616,15.98014661,10.74014979,0.4746386162,14.96689661
R-453A,-35,40,1.487888616,17.99758265,12.09605508,0.4746386162,16.98433265
R-453A,-35,45,1.487888616,20.16142845,13.55036138,0.4746386162,19.14817845
R-453A,-35,50,1.487888616,22.47033115,15.10215947,0.4746386162,21.45708115
R-453A,-35,55,1.487888616,24.9222196,16.75005731,0.4746386162,23.9089696
R-453A,-35,60,1.487888616,27.5145415,18.49233955,0.4746386162,26.5012915
R-453A,-35,65,1.487888616,30.24455078,20.32716055,0.4746386162,29.23130078
R-453A,-35,70,1.487888616,33.10964045,22.25276818,0.4746386162,32.09639045
R-453A,-30,20,1.858605422,10.80555409,5.81379671,0.8453554217,9.792304086
R-453A,-30,25,1.858605422,12.38527112,6.663744212,0.8453554217,11.37202112
R-453A,-30,30,1.858605422,14.1095705,7.591482484,0.8453554217,13.0963205
R-453A,-30,35,1.858605422,15.98014661,8.597923165,0.8453554217,14.96689661
R-453A,-30,40,1.858605422,17.99758265,9.683380043,0.8453554217,16.98433265
R-453A,-30,45,1.858605422,20.16142845,10.84761091,0.8453554217,19.14817845
R-453A,-30,50,1.858605422,22.47033115,12.08988787,0.8453554217,21.45708115
R-453A,-30,55,1.858605422,24.9222196,13.40909658,0.8453554217,23.9089696
R-453A,-30,60,1.858605422,27.5145415,14.80386379,0.8453554217,26.5012915
R-453A,-30,65,1.858605422,30.24455078,16.27271201,0.8453554217,29.23130078
R-453A,-30,70,1.858605422,33.10964045,17.8142386,0.8453554217,32.09639045
R-453A,-25,20,2.299723551,10.80555409,4.698631746,1.286473551,9.792304086
R-453A,-25,25,2.299723551,12.38527112,5.385547804,1.286473551,11.37202112
R-453A,-25,30,2.299723551,14.1095705,6.135333307,1.286473551,13.0963205
R-453A,-25,35,2.299723551,15.98014661,6.948725033,1.286473551,14.96689661
R-453A,-25,40,2.299723551,17.99758265,7.825976577,1.286473551,16.98433265
R-453A,-25,45,2.299723551,20.16142845,8.766892192,1.286473551,19.14817845
R-453A,-25,50,2.299723551,22.47033115,9.770883608,1.286473551,21.45708115
R-453A,-25,55,2.299723551,24.9222196,10.83705021,1.286473551,23.9089696
R-453A,-25,60,2.299723551,27.5145415,11.96428218,1.286473551,26.5012915
R-453A,-25,65,2.299723551,30.24455078,13.15138542,1.286473551,29.23130078
R-453A,-25,70,2.299723551,33.10964045,14.39722632,1.286473551,32.09639045
R-453A,-20,20,2.819731049,10.80555409,3.832122248,1.806481049,9.792304086
R-453A,-20,25,2.819731049,12.38527112,4.392359025,1.806481049,11.37202112
R-453A,-20,30,2.819731049,14.1095705,5.003871028,1.806481049,13.0963205
R-453A,-20,35,2.819731049,15.98014661,5.667259158,1.806481049,14.96689661
R-453A,-20,40,2.819731049,17.99758265,6.382730245,1.806481049,16.98433265
R-453A,-20,45,2.819731049,20.16142845,7.150124639,1.806481049,19.14817845
R-453A,-20,50,2.819731049,22.47033115,7.968962558,1.806481049,21.45708115
R-453A,-20,55,2.819731049,24.9222196,8.838509477,1.806481049,23.9089696
R-453A,-20,60,2.819731049,27.5145415,9.757860244,1.806481049,26.5012915
R-453A,-20,65,2.819731049,30.24455078,10.72604098,1.806481049,29.23130078
R-453A,-20,70,2.819731049,33.10964045,11.74212713,1.806481049,32.09639045
R-453A,-15,20,3.427239108,10.80555409,3.152845117,2.413989108,9.792304086
R-453A,-15,25,3.427239108,12.38527112,3.613775033,2.413989108,11.37202112
R-453A,-15,30,3.427239108,14.1095705,4.116891194,2.413989108,13.0963205
R-453A,-15,35,3.427239108,15.98014661,4.662687985,2.413989108,14.96689661
R-453A,-15,40,3.427239108,17.99758265,5.251335574,2.413989108,16.98433265
R-453A,-15,45,3.427239108,20.16142845,5.882702611,2.413989108,19.14817845
R-453A,-15,50,3.427239108,22.47033115,6.556394359,2.413989108,21.45708115
R-453A,-15,55,3.427239108,24.9222196,7.271806493,2.413989108,23.9089696
R-453A,-15,60,3.427239108,27.5145415,8.028194309,2.413989108,26.5012915
R-453A,-15,65,3.427239108,30.24455078,8.824756553,2.413989108,29.23130078
R-453A,-15,70,3.427239108,33.10964045,9.660732563,2.413989108,32.09639045
R-453A,-10,20,4.130830076,10.80555409,2.615831174,3.117580076,9.792304086
R-453A,-10,25,4.130830076,12.38527112,2.998252383,3.117580076,11.37202112
R-453A,-10,30,4.130830076,14.1095705,3.415674391,3.117580076,13.0963205
R-453A,-10,35,4.130830076,15.98014661,3.868507374,3.117580076,14.96689661
R-453A,-10,40,4.130830076,17.99758265,4.356892517,3.117580076,16.98433265
R-453A,-10,45,4.130830076,20.16142845,4.880720842,3.117580076,19.14817845
R-453A,-10,50,4.130830076,22.47033115,5.439664847,3.117580076,21.45708115
R-453A,-10,55,4.130830076,24.9222196,6.033223138,3.117580076,23.9089696
R-453A,-10,60,4.130830076,27.5145415,6.660777856,3.117580076,26.5012915
R-453A,-10,65,4.130830076,30.24455078,7.321664222,3.117580076,29.23130078
R-453A,-10,70,4.130830076,33.10964045,8.015251134,3.117580076,32.09639045
R-453A,-5,20,4.938894349,10.80555409,2.187848802,3.925644349,9.792304086
R-453A,-5,25,4.938894349,12.38527112,2.507701167,3.925644349,11.37202112
R-453A,-5,30,4.938894349,14.1095705,2.856827765,3.925644349,13.0963205
R-453A,-5,35,4.938894349,15.98014661,3.235571665,3.925644349,14.96689661
R-453A,-5,40,4.938894349,17.99758265,3.644050951,3.925644349,16.98433265
R-453A,-5,45,4.938894349,20.16142845,4.082174475,3.925644349,19.14817845
R-453A,-5,50,4.938894349,22.47033115,4.549668319,3.925644349,21.45708115
R-453A,-5,55,4.938894349,24.9222196,5.046113125,3.925644349,23.9089696
R-453A,-5,60,4.938894349,27.5145415,5.57099212,3.925644349,26.5012915
R-453A,-5,65,4.938894349,30.24455078,6.123749292,3.925644349,29.23130078
R-453A,-5,70,4.938894349,33.10964045,6.703856797,3.925644349,32.09639045
R-453A,0,20,5.859461536,10.80555409,1.844120662,4.846211536,9.792304086
R-453A,0,25,5.859461536,12.38527112,2.113721721,4.846211536,11.37202112
R-453A,0,30,5.859461536,14.1095705,2.407997803,4.846211536,13.0963205
R-453A,0,35,5.859461536,15.98014661,2.727238077,4.846211536,14.96689661
R-453A,0,40,5.859461536,17.99758265,3.071542076,4.846211536,16.98433265
R-453A,0,45,5.859461536,20.16142845,3.440832972,4.846211536,19.14817845
R-453A,0,50,5.859461536,22.47033115,3.83487988,4.846211536,21.45708115
R-453A,0,55,5.859461536,24.9222196,4.253329328,4.846211536,23.9089696
R-453A,0,60,5.859461536,27.5145415,4.695745732,4.846211536,26.5012915
R-453A,0,65,5.859461536,30.24455078,5.161660434,4.846211536,29.23130078
R-453A,0,70,5.859461536,33.10964045,5.650628517,4.846211536,32.09639045
R-453A,5,20,6.900032071,10.80555409,1.566015052,5.886782071,9.792304086
R-453A,5,25,6.900032071,12.38527112,1.794958486,5.886782071,11.37202112
R-453A,5,30,6.900032071,14.1095705,2.044855786,5.886782071,13.0963205
R-453A,5,35,6.900032071,15.98014661,2.315952512,5.886782071,14.96689661
R-453A,5,40,6.900032071,17.99758265,2.608333188,5.886782071,16.98433265
R-453A,5,45,6.900032071,20.16142845,2.921932571,5.886782071,19.14817845
R-453A,5,50,6.900032071,22.47033115,3.256554596,5.886782071,21.45708115
R-453A,5,55,6.900032071,24.9222196,3.611899095,5.886782071,23.9089696
R-453A,5,60,6.900032071,27.5145415,3.987596176,5.886782071,26.5012915
R-453A,5,65,6.900032071,30.24455078,4.383247855,5.886782071,29.23130078
R-453A,5,70,6.900032071,33.10964045,4.798476313,5.886782071,32.09639045
R-453A,10,20,8.067416055,10.80555409,1.339407068,7.054166055,9.792304086
R-453A,10,25,8.067416055,12.38527112,1.535221567,7.054166055,11.37202112
R-453A,10,30,8.067416055,14.1095705,1.748957833,7.054166055,13.0963205
R-453A,10,35,8.067416055,15.98014661,1.980825893,7.054166055,14.96689661
R-453A,10,40,8.067416055,17.99758265,2.230898038,7.054166055,16.98433265
R-453A,10,45,8.067416055,20.16142845,2.499118467,7.054166055,19.14817845
R-453A,10,50,8.067416055,22.47033115,2.785319487,7.054166055,21.45708115
R-453A,10,55,8.067416055,24.9222196,3.089244366,7.054166055,23.9089696
R-453A,10,60,8.067416055,27.5145415,3.410576734,7.054166055,26.5012915
R-453A,10,65,8.067416055,30.24455078,3.748976199,7.054166055,29.23130078
R-453A,10,70,8.067416055,33.10964045,4.104119612,7.054166055,32.09639045
R-502,-50,20,0.838767378,12.05317679,14.37010679,0,11.03992679
R-502,-50,25,0.838767378,13.77138006,16.41859283,0,12.75813006
R-502,-50,30,0.838767378,15.63944151,18.64574365,0,14.62619151
R-502,-50,35,0.838767378,17.65815868,21.05251008,0,16.64490868
R-502,-50,40,0.838767378,19.827224,23.63852544,0,18.813974
R-502,-50,45,0.838767378,22.14535622,26.40226217,0,21.13210622
R-502,-50,50,0.838767378,24.61049007,29.34125803,0,23.59724007
R-502,-50,55,0.838767378,27.22002346,32.45241073,0,26.20677346
R-502,-50,60,0.838767378,29.97111945,35.732338,0,28.95786945
R-502,-50,65,0.838767378,32.86105826,39.17779723,0,31.84780826
R-502,-50,70,0.838767378,35.8876325,42.78615674,0,34.8743825
R-502,-45,20,1.077301801,12.05317679,11.18830098,0.06405180108,11.03992679
R-502,-45,25,1.077301801,13.77138006,12.78321455,0.06405180108,12.75813006
R-502,-45,30,1.077301801,15.63944151,14.51723323,0.06405180108,14.62619151
R-502,-45,35,1.077301801,17.65815868,16.39109734,0.06405180108,16.64490868
R-502,-45,40,1.077301801,19.827224,18.40452135,0.06405180108,18.813974
R-502,-45,45,1.077301801,22.14535622,20.55631597,0.06405180108,21.13210622
R-502,-45,50,1.077301801,24.61049007,22.84456411,0.06405180108,23.59724007
R-502,-45,55,1.077301801,27.22002346,25.26685041,0.06405180108,26.20677346
R-502,-45,60,1.077301801,29.97111945,27.82054149,0.06405180108,28.95786945
R-502,-45,65,1.077301801,32.86105826,30.50311271,0.06405180108,31.84780826
R-502,-45,70,1.077301801,35.8876325,33.31251509,0.06405180108,34.8743825
R-502,-40,20,1.368718219,12.05317679,8.806178382,0.3554682192,11.03992679
R-502,-40,25,1.368718219,13.77138006,10.06151585,0.3554682192,12.75813006
R-502,-40,30,1.368718219,15.63944151,11.42634129,0.3554682192,14.62619151
R-502,-40,35,1.368718219,17.65815868,12.9012374,0.3554682192,16.64490868
R-502,-40,40,1.368718219,19.827224,14.48597945,0.3554682192,18.813974
R-502,-40,45,1.368718219,22.14535622,16.17963136,0.3554682192,21.13210622
R-502,-40,50,1.368718219,24.61049007,17.98068421,0.3554682192,23.59724007
R-502,-40,55,1.368718219,27.22002346,19.88723689,0.3554682192,26.20677346
R-502,-40,60,1.368718219,29.97111945,21.8972167,0.3554682192,28.95786945
R-502,-40,65,1.368718219,32.86105826,24.00863655,0.3554682192,31.84780826
R-502,-40,70,1.368718219,35.8876325,26.21988368,0.3554682192,34.8743825
R-502,-35,20,1.721016702,12.05317679,7.003521102,0.7077667024,11.03992679
R-502,-35,25,1.721016702,13.77138006,8.001886349,0.7077667024,12.75813006
R-502,-35,30,1.721016702,15.63944151,9.087326977,0.7077667024,14.62619151
R-502,-35,35,1.721016702,17.65815868,10.2603064,0.7077667024,16.64490868
R-502,-35,40,1.721016702,19.827224,11.52064589,0.7077667024,18.813974
R-502,-35,45,1.721016702,22.14535622,12.86760099,0.7077667024,21.13210622
R-502,-35,50,1.721016702,24.61049007,14.29997166,0.7077667024,23.59724007
R-502,-35,55,1.721016702,27.22002346,15.81624595,0.7077667024,26.20677346
R-502,-35,60,1.721016702,29.97111945,17.41477547,0.7077667024,28.95786945
R-502,-35,65,1.721016702,32.86105826,19.09397986,0.7077667024,31.84780826
R-502,-35,70,1.721016702,35.8876325,20.85257653,0.7077667024,34.8743825
R-502,-30,20,2.142633626,12.05317679,5.625402611,1.129383626,11.03992679
R-502,-30,25,2.142633626,13.77138006,6.427314448,1.129383626,12.75813006
R-502,-30,30,2.142633626,15.63944151,7.299167399,1.129383626,14.62619151
R-502,-30,35,2.142633626,17.65815868,8.241333689,1.129383626,16.64490868
R-502,-30,40,2.142633626,19.827224,9.253669766,1.129383626,18.813974
R-502,-30,45,2.142633626,22.14535622,10.33557765,1.129383626,21.13210622
R-502,-30,50,2.142633626,24.61049007,11.48609346,1.129383626,23.59724007
R-502,-30,55,2.142633626,27.22002346,12.70400274,1.129383626,26.20677346
R-502,-30,60,2.142633626,29.97111945,13.98798147,1.129383626,28.95786945
R-502,-30,65,2.142633626,32.86105826,15.33676027,1.129383626,31.84780826
R-502,-30,70,2.142633626,35.8876325,16.74930892,1.129383626,34.8743825
R-502,-25,20,2.642323658,12.05317679,4.561582287,1.629073658,11.03992679
R-502,-25,25,2.642323658,13.77138006,5.211844514,1.629073658,12.75813006
R-502,-25,30,2.642323658,15.63944151,5.918821286,1.629073658,14.62619151
R-502,-25,35,2.642323658,17.65815868,6.682814435,1.629073658,16.64490868
R-502,-25,40,2.642323658,19.827224,7.503707558,1.629073658,18.813974
R-502,-25,45,2.642323658,22.14535622,8.38101576,1.629073658,21.13210622
R-502,-25,50,2.642323658,24.61049007,9.313957431,1.629073658,23.59724007
R-502,-25,55,2.642323658,27.22002346,10.3015478,1.629073658,26.20677346
R-502,-25,60,2.642323658,29.97111945,11.34271321,1.629073658,28.95786945
R-502,-25,65,2.642323658,32.86105826,12.43642434,1.629073658,31.84780826
R-502,-25,70,2.642323658,35.8876325,13.58184581,1.629073658,34.8743825
R-502,-20,20,3.229020228,12.05317679,3.73276596,2.215770228,11.03992679
R-502,-20,25,3.229020228,13.77138006,4.264878844,2.215770228,12.75813006
R-502,-20,30,3.229020228,15.63944151,4.843401528,2.215770228,14.62619151
R-502,-20,35,3.229020228,17.65815868,5.468581003,2.215770228,16.64490868
R-502,-20,40,3.229020228,19.827224,6.140322017,2.215770228,18.813974
R-502,-20,45,3.229020228,22.14535622,6.858227775,2.215770228,21.13210622
R-502,-20,50,3.229020228,24.61049007,7.621658684,2.215770228,23.59724007
R-502,-20,55,3.229020228,27.22002346,8.429808899,2.215770228,26.20677346
R-502,-20,60,3.229020228,29.97111945,9.281799844,2.215770228,28.95786945
R-502,-20,65,3.229020228,32.86105826,10.17678922,2.215770228,31.84780826
R-502,-20,70,3.229020228,35.8876325,11.11409343,2.215770228,34.8743825
R-502,-15,20,3.911677815,12.05317679,3.081331685,2.898427815,11.03992679
R-502,-15,25,3.911677815,13.77138006,3.520581374,2.898427815,12.75813006
R-502,-15,30,3.911677815,15.63944151,3.998141526,2.898427815,14.62619151
R-502,-15,35,3.911677815,17.65815868,4.514216026,2.898427815,16.64490868
R-502,-15,40,3.911677815,19.827224,5.068726244,2.898427815,18.813974
R-502,-15,45,3.911677815,22.14535622,5.661344636,2.898427815,21.13210622
R-502,-15,50,3.911677815,24.61049007,6.291543227,2.898427815,23.59724007
R-502,-15,55,3.911677815,27.22002346,6.958656808,2.898427815,26.20677346
R-502,-15,60,3.911677815,29.97111945,7.661960128,2.898427815,28.95786945
R-502,-15,65,3.911677815,32.86105826,8.400757888,2.898427815,31.84780826
R-502,-15,70,3.911677815,35.8876325,9.174485783,2.898427815,34.8743825
R-502,-10,20,4.699100577,12.05317679,2.564996555,3.685850577,11.03992679
R-502,-10,25,4.699100577,13.77138006,2.93064169,3.685850577,12.75813006
R-502,-10,30,4.699100577,15.63944151,3.328177648,3.685850577,14.62619151
R-502,-10,35,4.699100577,17.65815868,3.757774151,3.685850577,16.64490868
R-502,-10,40,4.699100577,19.827224,4.219365743,3.685850577,18.813974
R-502,-10,45,4.699100577,22.14535622,4.712679768,3.685850577,21.13210622
R-502,-10,50,4.699100577,24.61049007,5.237276721,3.685850577,23.59724007
R-502,-10,55,4.699100577,27.22002346,5.792602863,3.685850577,26.20677346
R-502,-10,60,4.699100577,29.97111945,6.378054472,3.685850577,28.95786945
R-502,-10,65,4.699100577,32.86105826,6.99305276,3.685850577,31.84780826
R-502,-10,70,4.699100577,35.8876325,7.637127981,3.685850577,34.8743825
R-502,-5,20,5.599762962,12.05317679,2.152444108,4.586512962,11.03992679
R-502,-5,25,5.599762962,13.77138006,2.459279107,4.586512962,12.75813006
R-502,-5,30,5.599762962,15.63944151,2.792875629,4.586512962,14.62619151
R-502,-5,35,5.599762962,17.65815868,3.153376098,4.586512962,16.64490868
R-502,-5,40,5.599762962,19.827224,3.540725587,4.586512962,18.813974
R-502,-5,45,5.599762962,22.14535622,3.954695291,4.586512962,21.13210622
R-502,-5,50,5.599762962,24.61049007,4.394916397,4.586512962,23.59724007
R-502,-5,55,5.599762962,27.22002346,4.860924228,4.586512962,26.20677346
R-502,-5,60,5.599762962,29.97111945,5.352212166,4.586512962,28.95786945
R-502,-5,65,5.599762962,32.86105826,5.868294512,4.586512962,31.84780826
R-502,-5,70,5.599762962,35.8876325,6.408777076,4.586512962,34.8743825
R-502,0,20,6.621628836,12.05317679,1.820273696,5.608378836,11.03992679
R-502,0,25,6.621628836,13.77138006,2.079757171,5.608378836,12.75813006
R-502,0,30,6.621628836,15.63944151,2.361872267,5.608378836,14.62619151
R-502,0,35,6.621628836,17.65815868,2.666739426,5.608378836,16.64490868
R-502,0,40,6.621628836,19.827224,2.994312199,5.608378836,18.813974
R-502,0,45,6.621628836,22.14535622,3.344397091,5.608378836,21.13210622
R-502,0,50,6.621628836,24.61049007,3.716682205,5.608378836,23.59724007
R-502,0,55,6.621628836,27.22002346,4.110774574,5.608378836,26.20677346
R-502,0,60,6.621628836,29.97111945,4.526245761,5.608378836,28.95786945
R-502,0,65,6.621628836,32.86105826,4.962685024,5.608378836,31.84780826
R-502,0,70,6.621628836,35.8876325,5.419759004,5.608378836,34.8743825
R-502,5,20,7.771976438,12.05317679,1.550850918,6.758726438,11.03992679
R-502,5,25,7.771976438,13.77138006,1.771927664,6.758726438,12.75813006
R-502,5,30,7.771976438,15.63944151,2.012286274,6.758726438,14.62619151
R-502,5,35,7.771976438,17.65815868,2.272029364,6.758726438,16.64490868
R-502,5,40,7.771976438,19.827224,2.551117358,6.758726438,18.813974
R-502,5,45,7.771976438,22.14535622,2.849385403,6.758726438,21.13210622
R-502,5,50,7.771976438,24.61049007,3.166567766,6.758726438,23.59724007
R-502,5,55,7.771976438,27.22002346,3.502329642,6.758726438,26.20677346
R-502,5,60,7.771976438,29.97111945,3.85630601,6.758726438,28.95786945
R-502,5,65,7.771976438,32.86105826,4.228146923,6.758726438,31.84780826
R-502,5,70,7.771976438,35.8876325,4.617568361,6.758726438,34.8743825
R-502,10,20,9.057236951,12.05317679,1.330778565,8.043986951,11.03992679
R-502,10,25,9.057236951,13.77138006,1.520483579,8.043986951,12.75813006
R-502,10,30,9.057236951,15.63944151,1.726734278,8.043986951,14.62619151
R-502,10,35,9.057236951,17.65815868,1.949618717,8.043986951,16.64490868
R-502,10,40,9.057236951,19.827224,2.189102936,8.043986951,18.813974
R-502,10,45,9.057236951,22.14535622,2.445045474,8.043986951,21.13210622
R-502,10,50,9.057236951,24.61049007,2.717218308,8.043986951,23.59724007
R-502,10,55,9.057236951,27.22002346,3.005334144,8.043986951,26.20677346
R-502,10,60,9.057236951,29.97111945,3.309079757,8.043986951,28.95786945
R-502,10,65,9.057236951,32.86105826,3.62815486,8.043986951,31.84780826
R-502,10,70,9.057236951,35.8876325,3.962315737,8.043986951,34.8743825
R-454B,-50,20,1.102868567,14.68553716,13.31576364,0.08961856693,13.67228716
R-454B,-50,25,1.102868567,16.6986948,15.14114673,0.08961856693,15.6854448
R-454B,-50,30,1.102868567,18.87497993,17.11444183,0.08961856693,17.86172993
R-454B,-50,35,1.102868567,21.21376862,19.23508318,0.08961856693,20.20051862
R-454B,-50,40,1.102868567,23.71333285,21.50150395,0.08961856693,22.70008285
R-454B,-50,45,1.102868567,26.37105886,23.91133418,0.08961856693,25.35780886
R-454B,-50,50,1.102868567,29.18373123,26.46165836,0.08961856693,28.17048123
R-454B,-50,55,1.102868567,32.14787955,29.14932977,0.08961856693,31.13462955
R-454B,-50,60,1.102868567,35.26018173,31.97133619,0.08961856693,34.24693173
R-454B,-50,65,1.102868567,38.51791592,34.92520965,0.08961856693,37.50466592
R-454B,-50,70,1.102868567,41.91945061,38.00947082,0.08961856693,40.90620061
R-454B,-45,20,1.407941877,14.68553716,10.43049959,0.3946918768,13.67228716
R-454B,-45,25,1.407941877,16.6986948,11.86035807,0.3946918768,15.6854448
R-454B,-45,30,1.407941877,18.87497993,13.40607893,0.3946918768,17.86172993
R-454B,-45,35,1.407941877,21.21376862,15.06721901,0.3946918768,20.20051862
R-454B,-45,40,1.407941877,23.71333285,16.84255099,0.3946918768,22.70008285
R-454B,-45,45,1.407941877,26.37105886,18.73021841,0.3946918768,25.35780886
R-454B,-45,50,1.407941877,29.18373123,20.7279375,0.3946918768,28.17048123
R-454B,-45,55,1.407941877,32.14787955,22.83324339,0.3946918768,31.13462955
R-454B,-45,60,1.407941877,35.26018173,25.04377653,0.3946918768,34.24693173
R-454B,-45,65,1.407941877,38.51791592,27.35760371,0.3946918768,37.50466592
R-454B,-45,70,1.407941877,41.91945061,29.77356615,0.3946918768,40.90620061
R-454B,-40,20,1.778196538,14.68553716,8.258669305,0.7649465376,13.67228716
R-454B,-40,25,1.778196538,16.6986948,9.390803797,0.7649465376,15.6854448
R-454B,-40,30,1.778196538,18.87497993,10.6146759,0.7649465376,17.86172993
R-454B,-40,35,1.778196538,21.21376862,11.92993472,0.7649465376,20.20051862
R-454B,-40,40,1.778196538,23.71333285,13.33560849,0.7649465376,22.70008285
R-454B,-40,45,1.778196538,26.37105886,14.83022731,0.7649465376,25.35780886
R-454B,-40,50,1.778196538,29.18373123,16.41198294,0.7649465376,28.17048123
R-454B,-40,55,1.778196538,32.14787955,18.07892371,0.7649465376,31.13462955
R-454B,-40,60,1.778196538,35.26018173,19.82918141,0.7649465376,34.24693173
R-454B,-40,65,1.778196538,38.51791592,21.66122535,0.7649465376,37.50466592
R-454B,-40,70,1.778196538,41.91945061,23.57413802,0.7649465376,40.90620061
R-454B,-35,20,2.222887703,14.68553716,6.606513295,1.209637703,13.67228716
R-454B,-35,25,2.222887703,16.6986948,7.512163018,1.209637703,15.6854448
R-454B,-35,30,2.222887703,18.87497993,8.49119814,1.209637703,17.86172993
R-454B,-35,35,2.222887703,21.21376862,9.543337968,1.209637703,20.20051862
R-454B,-35,40,2.222887703,23.71333285,10.66780513,1.209637703,22.70008285
R-454B,-35,45,2.222887703,26.37105886,11.86342379,1.209637703,25.35780886
R-454B,-35,50,2.222887703,29.18373123,13.12874743,1.209637703,28.17048123
R-454B,-35,55,2.222887703,32.14787955,14.46221485,1.209637703,31.13462955
R-454B,-35,60,2.222887703,35.26018173,15.86233154,1.209637703,34.24693173
R-454B,-35,65,2.222887703,38.51791592,17.32787305,1.209637703,37.50466592
R-454B,-35,70,2.222887703,41.91945061,18.85810541,1.209637703,40.90620061
R-454B,-30,20,2.751638839,14.68553716,5.337014784,1.738388839,13.67228716
R-454B,-30,25,2.751638839,16.6986948,6.068636102,1.738388839,15.6854448
R-454B,-30,30,2.751638839,18.87497993,6.859541181,1.738388839,17.86172993
R-454B,-30,35,2.751638839,21.21376862,7.709503266,1.738388839,20.20051862
R-454B,-30,40,2.751638839,23.71333285,8.617894367,1.738388839,22.70008285
R-454B,-30,45,2.751638839,26.37105886,9.583764586,1.738388839,25.35780886
R-454B,-30,50,2.751638839,29.18373123,10.60594538,1.738388839,28.17048123
R-454B,-30,55,2.751638839,32.14787955,11.68317553,1.738388839,31.13462955
R-454B,-30,60,2.751638839,35.26018173,12.81424772,1.738388839,34.24693173
R-454B,-30,65,2.751638839,38.51791592,13.99817279,1.738388839,37.50466592
R-454B,-30,70,2.751638839,41.91945061,15.2343578,1.738388839,40.90620061
R-454B,-25,20,3.374284807,14.68553716,4.35219254,2.361034807,13.67228716
R-454B,-25,25,3.374284807,16.6986948,4.948810119,2.361034807,15.6854448
R-454B,-25,30,3.374284807,18.87497993,5.593772017,2.361034807,17.86172993
R-454B,-25,35,3.374284807,21.21376862,6.286893321,2.361034807,20.20051862
R-454B,-25,40,3.374284807,23.71333285,7.027661922,2.361034807,22.70008285
R-454B,-25,45,3.374284807,26.37105886,7.815303203,2.361034807,25.35780886
R-454B,-25,50,3.374284807,29.18373123,8.648864248,2.361034807,28.17048123
R-454B,-25,55,3.374284807,32.14787955,9.527316569,2.361034807,31.13462955
R-454B,-25,60,3.374284807,35.26018173,10.44967563,2.361034807,34.24693173
R-454B,-25,65,3.374284807,38.51791592,11.4151348,2.361034807,37.50466592
R-454B,-25,70,3.374284807,41.91945061,12.42321055,2.361034807,40.90620061
R-454B,-20,20,4.100693477,14.68553716,3.5812326,3.087443477,13.67228716
R-454B,-20,25,4.100693477,16.6986948,4.072163621,3.087443477,15.6854448
R-454B,-20,30,4.100693477,18.87497993,4.602875108,3.087443477,17.86172993
R-454B,-20,35,4.100693477,21.21376862,5.173214905,3.087443477,20.20051862
R-454B,-20,40,4.100693477,23.71333285,5.782761619,3.087443477,22.70008285
R-454B,-20,45,4.100693477,26.37105886,6.430877852,3.087443477,25.35780886
R-454B,-20,50,4.100693477,29.18373123,7.11677949,3.087443477,28.17048123
R-454B,-20,55,4.100693477,32.14787955,7.839620233,3.087443477,31.13462955
R-454B,-20,60,4.100693477,35.26018173,8.598589953,3.087443477,34.24693173
R-454B,-20,65,4.100693477,38.51791592,9.393024895,3.087443477,37.50466592
R-454B,-20,70,4.100693477,41.91945061,10.2225272,3.087443477,40.90620061
R-454B,-15,20,4.940571028,14.68553716,2.97243721,3.927321028,13.67228716
R-454B,-15,25,4.940571028,16.6986948,3.379911897,3.927321028,15.6854448
R-454B,-15,30,4.940571028,18.87497993,3.820404529,3.927321028,17.86172993
R-454B,-15,35,4.940571028,21.21376862,4.293788814,3.927321028,20.20051862
R-454B,-15,40,4.940571028,23.71333285,4.799714996,3.927321028,22.70008285
R-454B,-15,45,4.940571028,26.37105886,5.33765403,3.927321028,25.35780886
R-454B,-15,50,4.940571028,29.18373123,5.9069551,3.927321028,28.17048123
R-454B,-15,55,4.940571028,32.14787955,6.506915773,3.927321028,31.13462955
R-454B,-15,60,4.940571028,35.26018173,7.13686364,3.927321028,34.24693173
R-454B,-15,65,4.940571028,38.51791592,7.796247781,3.927321028,37.50466592
R-454B,-15,70,4.940571028,41.91945061,8.484737973,3.927321028,40.90620061
R-454B,-10,20,5.903257402,14.68553716,2.487700631,4.890007402,13.67228716
R-454B,-10,25,5.903257402,16.6986948,2.828725508,4.890007402,15.6854448
R-454B,-10,30,5.903257402,18.87497993,3.197383859,4.890007402,17.86172993
R-454B,-10,35,5.903257402,21.21376862,3.593569985,4.890007402,20.20051862
R-454B,-10,40,5.903257402,23.71333285,4.016991169,4.890007402,22.70008285
R-454B,-10,45,5.903257402,26.37105886,4.46720464,4.890007402,25.35780886
R-454B,-10,50,5.903257402,29.18373123,4.943665716,4.890007402,28.17048123
R-454B,-10,55,5.903257402,32.14787955,5.445786514,4.890007402,31.13462955
R-454B,-10,60,5.903257402,35.26018173,5.97300428,4.890007402,34.24693173
R-454B,-10,65,5.903257402,38.51791592,6.524857937,4.890007402,37.50466592
R-454B,-10,70,5.903257402,41.91945061,7.101071113,4.890007402,40.90620061
R-454B,-5,20,6.997519498,14.68553716,2.098677563,5.984269498,13.67228716
R-454B,-5,25,6.997519498,16.6986948,2.386373457,5.984269498,15.6854448
R-454B,-5,30,6.997519498,18.87497993,2.697381542,5.984269498,17.86172993
R-454B,-5,35,6.997519498,21.21376862,3.031612648,5.984269498,20.20051862
R-454B,-5,40,6.997519498,23.71333285,3.388819832,5.984269498,22.70008285
R-454B,-5,45,6.997519498,26.37105886,3.768629565,5.984269498,25.35780886
R-454B,-5,50,6.997519498,29.18373123,4.170582338,5.984269498,28.17048123
R-454B,-5,55,6.997519498,32.14787955,4.594182204,5.984269498,31.13462955
R-454B,-5,60,6.997519498,35.26018173,5.03895441,5.984269498,34.24693173
R-454B,-5,65,6.997519498,38.51791592,5.504509981,5.984269498,37.50466592
R-454B,-5,70,6.997519498,41.91945061,5.990615764,5.984269498,40.90620061
R-454B,0,20,8.231350574,14.68553716,1.78409813,7.218100574,13.67228716
R-454B,0,25,8.231350574,16.6986948,2.028670101,7.218100574,15.6854448
R-454B,0,30,8.231350574,18.87497993,2.293059901,7.218100574,17.86172993
R-454B,0,35,8.231350574,21.21376862,2.577191729,7.218100574,20.20051862
R-454B,0,40,8.231350574,23.71333285,2.880855655,7.218100574,22.70008285
R-454B,0,45,8.231350574,26.37105886,3.203734141,7.218100574,25.35780886
R-454B,0,50,8.231350574,29.18373123,3.545436556,7.218100574,28.17048123
R-454B,0,55,8.231350574,32.14787955,3.905541291,7.218100574,31.13462955
R-454B,0,60,8.231350574,35.26018173,4.283644757,7.218100574,34.24693173
R-454B,0,65,8.231350574,38.51791592,4.679416284,7.218100574,37.50466592
R-454B,0,70,8.231350574,41.91945061,5.092657667,7.218100574,40.90620061
R-454B,5,20,9.611784935,14.68553716,1.527867848,8.598534935,13.67228716
R-454B,5,25,9.611784935,16.6986948,1.737314652,8.598534935,15.6854448
R-454B,5,30,9.611784935,18.87497993,1.963733069,8.598534935,17.86172993
R-454B,5,35,9.611784935,21.21376862,2.207058185,8.598534935,20.20051862
R-454B,5,40,9.611784935,23.71333285,2.46711022,8.598534935,22.70008285
R-454B,5,45,9.611784935,26.37105886,2.74361724,8.598534935,25.35780886
R-454B,5,50,9.611784935,29.18373123,3.036244717,8.598534935,28.17048123
R-454B,5,55,9.611784935,32.14787955,3.344631592,8.598534935,31.13462955
R-454B,5,60,9.611784935,35.26018173,3.668432239,8.598534935,34.24693173
R-454B,5,65,9.611784935,38.51791592,4.007363479,8.598534935,37.50466592
R-454B,5,70,9.611784935,41.91945061,4.361255572,8.598534935,40.90620061
R-454B,10,20,11.14473722,14.68553716,1.317710492,10.13148722,13.67228716
R-454B,10,25,11.14473722,16.6986948,1.498348006,10.13148722,15.6854448
R-454B,10,30,11.14473722,18.87497993,1.693622699,10.13148722,17.86172993
R-454B,10,35,11.14473722,21.21376862,1.903478583,10.13148722,20.20051862
R-454B,10,40,11.14473722,23.71333285,2.127760608,10.13148722,22.70008285
R-454B,10,45,11.14473722,26.37105886,2.366234244,10.13148722,25.35780886
R-454B,10,50,11.14473722,29.18373123,2.618610978,10.13148722,28.17048123
R-454B,10,55,11.14473722,32.14787955,2.884579413,10.13148722,31.13462955
R-454B,10,60,11.14473722,35.26018173,3.163841464,10.13148722,34.24693173
R-454B,10,65,11.14473722,38.51791592,3.456152904,10.13148722,37.50466592
R-454B,10,70,11.14473722,41.91945061,3.761367341,10.13148722,40.90620061
R-454C,-50,20,0.8448613892,12.19986954,14.44008413,0,11.18661954
R-454C,-50,25,0.8448613892,13.94945403,16.51093801,0,12.93620403
R-454C,-50,30,0.8448613892,15.85387116,18.76505586,0,14.84062116
R-454C,-50,35,0.8448613892,17.91424146,21.20376394,0,16.90099146
R-454C,-50,40,0.8448613892,20.13049621,23.82698093,0,19.11724621
R-454C,-50,45,0.8448613892,22.50148443,26.6333445,0,21.48823443
R-454C,-50,50,0.8448613892,25.02513759,29.62040627,0,24.01188759
R-454C,-50,55,0.8448613892,27.69869216,32.78489527,0,26.68544216
R-454C,-50,60,0.8448613892,30.51896819,36.12304761,0,29.50571819
R-454C,-50,65,0.8448613892,33.48270009,39.63099808,0,32.46945009
R-454C,-50,70,0.8448613892,36.5869139,43.30522659,0,35.5736639
R-454C,-45,20,1.084951371,12.19986954,11.24462337,0.07170137115,11.18661954
R-454C,-45,25,1.084951371,13.94945403,12.85721591,0.07170137115,12.93620403
R-454C,-45,30,1.084951371,15.85387116,14.61251774,0.07170137115,14.84062116
R-454C,-45,35,1.084951371,17.91424146,16.51156166,0.07170137115,16.90099146
R-454C,-45,40,1.084951371,20.13049621,18.55428432,0.07170137115,19.11724621
R-454C,-45,45,1.084951371,22.50148443,20.73962486,0.07170137115,21.48823443
R-454C,-45,50,1.084951371,25.02513759,23.06567673,0.07170137115,24.01188759
R-454C,-45,55,1.084951371,27.69869216,25.52989276,0.07170137115,26.68544216
R-454C,-45,60,1.084951371,30.51896819,28.12934202,0.07170137115,29.50571819
R-454C,-45,65,1.084951371,33.48270009,30.86101459,0.07170137115,32.46945009
R-454C,-45,70,1.084951371,36.5869139,33.72216937,0.07170137115,35.5736639
R-454C,-40,20,1.378343468,12.19986954,8.85110992,0.3650934677,11.18661954
R-454C,-40,25,1.378343468,13.94945403,10.12044846,0.3650934677,12.93620403
R-454C,-40,30,1.378343468,15.85387116,11.50211942,0.3650934677,14.84062116
R-454C,-40,35,1.378343468,17.91424146,12.99693573,0.3650934677,16.90099146
R-454C,-40,40,1.378343468,20.13049621,14.60484754,0.3650934677,19.11724621
R-454C,-40,45,1.378343468,22.50148443,16.32501982,0.3650934677,21.48823443
R-454C,-40,50,1.378343468,25.02513759,18.15595182,0.3650934677,24.01188759
R-454C,-40,55,1.378343468,27.69869216,20.09563858,0.3650934677,26.68544216
R-454C,-40,60,1.378343468,30.51896819,22.14177301,0.3650934677,29.50571819
R-454C,-40,65,1.378343468,33.48270009,24.29198591,0.3650934677,32.46945009
R-454C,-40,70,1.378343468,36.5869139,26.54411963,0.3650934677,35.5736639
R-454C,-35,20,1.733161961,12.19986954,7.039082217,0.7199119611,11.18661954
R-454C,-35,25,1.733161961,13.94945403,8.048557689,0.7199119611,12.93620403
R-454C,-35,30,1.733161961,15.85387116,9.147368518,0.7199119611,14.84062116
R-454C,-35,35,1.733161961,17.91424146,10.33616122,0.7199119611,16.90099146
R-454C,-35,40,1.733161961,20.13049621,11.61489616,0.7199119611,19.11724621
R-454C,-35,45,1.733161961,22.50148443,12.98290924,0.7199119611,21.48823443
R-454C,-35,50,1.733161961,25.02513759,14.43900694,0.7199119611,24.01188759
R-454C,-35,55,1.733161961,27.69869216,15.98159479,0.7199119611,26.68544216
R-454C,-35,60,1.733161961,30.51896819,17.60883799,0.7199119611,29.50571819
R-454C,-35,65,1.733161961,33.48270009,19.31885239,0.7199119611,32.46945009
R-454C,-35,70,1.733161961,36.5869139,21.10992205,0.7199119611,35.5736639
R-454C,-30,20,2.157998562,12.19986954,5.653326074,1.144748562,11.18661954
R-454C,-30,25,2.157998562,13.94945403,6.464070122,1.144748562,12.93620403
R-454C,-30,30,2.157998562,15.85387116,7.34656243,1.144748562,14.84062116
R-454C,-30,35,2.157998562,17.91424146,8.301322241,1.144748562,16.90099146
R-454C,-30,40,2.157998562,20.13049621,9.328317712,1.144748562,19.11724621
R-454C,-30,45,2.157998562,22.50148443,10.42701549,1.144748562,21.48823443
R-454C,-30,50,2.157998562,25.02513759,11.59645703,1.144748562,24.01188759
R-454C,-30,55,2.157998562,27.69869216,12.83536173,1.144748562,26.68544216
R-454C,-30,60,2.157998562,30.51896819,14.14225604,1.144748562,29.50571819
R-454C,-30,65,2.157998562,33.48270009,15.51562669,1.144748562,32.46945009
R-454C,-30,70,2.157998562,36.5869139,16.95409559,1.144748562,35.5736639
R-454C,-25,20,2.661798197,12.19986954,4.583318732,1.648548197,11.18661954
R-454C,-25,25,2.661798197,13.94945403,5.240612922,1.648548197,12.93620403
R-454C,-25,30,2.661798197,15.85387116,5.956075549,1.648548197,14.84062116
R-454C,-25,35,2.661798197,17.91424146,6.73012758,1.648548197,16.90099146
R-454C,-25,40,2.661798197,20.13049621,7.562743198,1.648548197,19.11724621
R-454C,-25,45,2.661798197,22.50148443,8.453489996,1.648548197,21.48823443
R-454C,-25,50,2.661798197,25.02513759,9.401590855,1.648548197,24.01188759
R-454C,-25,55,2.661798197,27.69869216,10.40600756,1.648548197,26.68544216
R-454C,-25,60,2.661798197,30.51896819,11.46554544,1.648548197,29.50571819
R-454C,-25,65,2.661798197,33.48270009,12.57897767,1.648548197,32.46945009
R-454C,-25,70,2.661798197,36.5869139,13.74518697,1.648548197,35.5736639
R-454C,-20,20,3.253722546,12.19986954,3.749511326,2.240472546,11.18661954
R-454C,-20,25,3.253722546,13.94945403,4.287229114,2.240472546,12.93620403
R-454C,-20,30,3.253722546,15.85387116,4.872533209,2.240472546,14.84062116
R-454C,-20,35,3.253722546,17.91424146,5.505767995,2.240472546,16.90099146
R-454C,-20,40,3.253722546,20.13049621,6.186912352,2.240472546,19.11724621
R-454C,-20,45,3.253722546,22.50148443,6.915612537,2.240472546,21.48823443
R-454C,-20,50,3.253722546,25.02513759,7.691232806,2.240472546,24.01188759
R-454C,-20,55,3.253722546,27.69869216,8.512923818,2.240472546,26.68544216
R-454C,-20,60,3.253722546,30.51896819,9.379708243,2.240472546,29.50571819
R-454C,-20,65,3.253722546,33.48270009,10.29058244,2.240472546,32.46945009
R-454C,-20,70,3.253722546,36.5869139,11.24463238,2.240472546,35.5736639
R-454C,-15,20,3.942994321,12.19986954,3.094062163,2.929744321,11.18661954
R-454C,-15,25,3.942994321,13.94945403,3.537781922,2.929744321,12.93620403
R-454C,-15,30,3.942994321,15.85387116,4.020769463,2.929744321,14.84062116
R-454C,-15,35,3.942994321,17.91424146,4.543308967,2.929744321,16.90099146
R-454C,-15,40,3.942994321,20.13049621,5.105383008,2.929744321,19.11724621
R-454C,-15,45,3.942994321,22.50148443,5.70669968,2.929744321,21.48823443
R-454C,-15,50,3.942994321,25.02513759,6.346734373,2.929744321,24.01188759
R-454C,-15,55,3.942994321,27.69869216,7.024786216,2.929744321,26.68544216
R-454C,-15,60,3.942994321,30.51896819,7.74004873,2.929744321,29.50571819
R-454C,-15,65,3.942994321,33.48270009,8.491693714,2.929744321,32.46945009
R-454C,-15,70,3.942994321,36.5869139,9.278966926,2.929744321,35.5736639
R-454C,-10,20,4.73872646,12.19986954,2.574503855,3.72547646,11.18661954
R-454C,-10,25,4.73872646,13.94945403,2.943713706,3.72547646,12.93620403
R-454C,-10,30,4.73872646,15.85387116,3.34559745,3.72547646,14.84062116
R-454C,-10,35,4.73872646,17.91424146,3.780391548,3.72547646,16.90099146
R-454C,-10,40,4.73872646,20.13049621,4.2480815,3.72547646,19.11724621
R-454C,-10,45,4.73872646,22.50148443,4.748424418,3.72547646,21.48823443
R-454C,-10,50,4.73872646,25.02513759,5.280983783,3.72547646,24.01188759
R-454C,-10,55,4.73872646,27.69869216,5.845176419,3.72547646,26.68544216
R-454C,-10,60,4.73872646,30.51896819,6.440331267,3.72547646,29.50571819
R-454C,-10,65,4.73872646,33.48270009,7.065759202,3.72547646,32.46945009
R-454C,-10,70,4.73872646,36.5869139,7.720832634,3.72547646,35.5736639
R-454C,-5,20,5.649741494,12.19986954,2.159367743,4.636491494,11.18661954
R-454C,-5,25,5.649741494,13.94945403,2.469042883,4.636491494,12.93620403
R-454C,-5,30,5.649741494,15.85387116,2.806123285,4.636491494,14.84062116
R-454C,-5,35,5.649741494,17.91424146,3.17080728,4.636491494,16.90099146
R-454C,-5,40,5.649741494,20.13049621,3.563082706,4.636491494,19.11724621
R-454C,-5,45,5.649741494,22.50148443,3.98274584,4.636491494,21.48823443
R-454C,-5,50,5.649741494,25.02513759,4.429430553,4.636491494,24.01188759
R-454C,-5,55,5.649741494,27.69869216,4.902647703,4.636491494,26.68544216
R-454C,-5,60,5.649741494,30.51896819,5.401834442,4.636491494,29.50571819
R-454C,-5,65,5.649741494,33.48270009,5.926412762,4.636491494,32.46945009
R-454C,-5,70,5.649741494,36.5869139,6.475856273,4.636491494,35.5736639
R-454C,0,20,6.684387323,12.19986954,1.825129058,5.671137323,11.18661954
R-454C,0,25,6.684387323,13.94945403,2.086870996,5.671137323,12.93620403
R-454C,0,30,6.684387323,15.85387116,2.371776259,5.671137323,14.84062116
R-454C,0,35,6.684387323,17.91424146,2.680012482,5.671137323,16.90099146
R-454C,0,40,6.684387323,20.13049621,3.011569384,5.671137323,19.11724621
R-454C,0,45,6.684387323,22.50148443,3.366274775,5.671137323,21.48823443
R-454C,0,50,6.684387323,25.02513759,3.743819199,5.671137323,24.01188759
R-454C,0,55,6.684387323,27.69869216,4.143789224,5.671137323,26.68544216
R-454C,0,60,6.684387323,30.51896819,4.565709124,5.671137323,29.50571819
R-454C,0,65,6.684387323,33.48270009,5.009090359,5.671137323,32.46945009
R-454C,0,70,6.684387323,36.5869139,5.473488015,5.671137323,35.5736639
R-454C,5,20,7.850356405,12.19986954,1.554052951,6.837106405,11.18661954
R-454C,5,25,7.850356405,13.94945403,1.776919838,6.837106405,12.93620403
R-454C,5,30,7.850356405,15.85387116,2.019509732,6.837106405,14.84062116
R-454C,5,35,7.850356405,17.91424146,2.28196537,6.837106405,16.90099146
R-454C,5,40,7.850356405,20.13049621,2.564277999,6.837106405,19.11724621
R-454C,5,45,7.850356405,22.50148443,2.866301002,6.837106405,21.48823443
R-454C,5,50,7.850356405,25.02513759,3.187770886,6.837106405,24.01188759
R-454C,5,55,7.850356405,27.69869216,3.528335624,6.837106405,26.68544216
R-454C,5,60,7.850356405,30.51896819,3.887590144,6.837106405,29.50571819
R-454C,5,65,7.850356405,33.48270009,4.265118469,6.837106405,32.46945009
R-454C,5,70,7.850356405,36.5869139,4.660541765,6.837106405,35.5736639
R-454C,10,20,9.154515928,12.19986954,1.332661348,8.141265928,11.18661954
R-454C,10,25,9.154515928,13.94945403,1.523778443,8.141265928,12.93620403
R-454C,10,30,9.154515928,15.85387116,1.731808791,8.141265928,14.84062116
R-454C,10,35,9.154515928,17.91424146,1.956874793,8.141265928,16.90099146
R-454C,10,40,9.154515928,20.13049621,2.198968943,8.141265928,19.11724621
R-454C,10,45,9.154515928,22.50148443,2.457965512,8.141265928,21.48823443
R-454C,10,50,9.154515928,25.02513759,2.733638544,8.141265928,24.01188759
R-454C,10,55,9.154515928,27.69869216,3.025686162,8.141265928,26.68544216
R-454C,10,60,9.154515928,30.51896819,3.333761002,8.141265928,29.50571819
R-454C,10,65,9.154515928,33.48270009,3.657506345,8.141265928,32.46945009
R-454C,10,70,9.154515928,36.5869139,3.996597328,8.141265928,35.5736639
R-455A,-50,20,1.141971517,15.34252364,13.43511936,0.1287215171,14.32927364
R-455A,-50,25,1.141971517,17.47502856,15.30250825,0.1287215171,16.46177856
R-455A,-50,30,1.141971517,19.78654491,17.32665361,0.1287215171,18.77329491
R-455A,-50,35,1.141971517,22.27713431,19.50760941,0.1287215171,21.26388431
R-455A,-50,40,1.141971517,24.94546116,21.84420608,0.1287215171,23.93221116
R-455A,-50,45,1.141971517,27.78894399,24.3341831,0.1287215171,26.77569399
R-455A,-50,50,1.141971517,30.8039735,26.97437987,0.1287215171,29.7907235
R-455A,-50,55,1.141971517,33.98619631,29.76098422,0.1287215171,32.97294631
R-455A,-50,60,1.141971517,37.33086109,32.68983554,0.1287215171,36.31761109
R-455A,-50,65,1.141971517,40.83322197,35.75677796,0.1287215171,39.81997197
R-455A,-50,70,1.141971517,44.48899128,38.95805685,0.1287215171,43.47574128
R-455A,-45,20,1.456841528,15.34252364,10.53136072,0.443591528,14.32927364
R-455A,-45,25,1.456841528,17.47502856,11.99514719,0.443591528,16.46177856
R-455A,-45,30,1.456841528,19.78654491,13.58181005,0.443591528,18.77329491
R-455A,-45,35,1.456841528,22.27713431,15.2913916,0.443591528,21.26388431
R-455A,-45,40,1.456841528,24.94546116,17.12297507,0.443591528,23.93221116
R-455A,-45,45,1.456841528,27.78894399,19.07478847,0.443591528,26.77569399
R-455A,-45,50,1.456841528,30.8039735,21.14435435,0.443591528,29.7907235
R-455A,-45,55,1.456841528,33.98619631,23.32868445,0.443591528,32.97294631
R-455A,-45,60,1.456841528,37.33086109,25.6245174,0.443591528,36.31761109
R-455A,-45,65,1.456841528,40.83322197,28.02859555,0.443591528,39.81997197
R-455A,-45,70,1.456841528,44.48899128,30.53797577,0.443591528,43.47574128
R-455A,-40,20,1.839135141,15.34252364,8.342249187,0.8258851411,14.32927364
R-455A,-40,25,1.839135141,17.47502856,9.501764265,0.8258851411,16.46177856
R-455A,-40,30,1.839135141,19.78654491,10.75861391,0.8258851411,18.77329491
R-455A,-40,35,1.839135141,22.27713431,12.11283163,0.8258851411,21.26388431
R-455A,-40,40,1.839135141,24.94546116,13.56369122,0.8258851411,23.93221116
R-455A,-40,45,1.839135141,27.78894399,15.10978903,0.8258851411,26.77569399
R-455A,-40,50,1.839135141,30.8039735,16.74916259,0.8258851411,29.7907235
R-455A,-40,55,1.839135141,33.98619631,18.47944479,0.8258851411,32.97294631
R-455A,-40,60,1.839135141,37.33086109,20.2980522,0.8258851411,36.31761109
R-455A,-40,65,1.839135141,40.83322197,22.2024043,0.8258851411,39.81997197
R-455A,-40,70,1.839135141,44.48899128,24.19016976,0.8258851411,43.47574128
R-455A,-35,20,2.298601546,15.34252364,6.674720838,1.285351546,14.32927364
R-455A,-35,25,2.298601546,17.47502856,7.60246098,1.285351546,16.46177856
R-455A,-35,30,2.298601546,19.78654491,8.608079528,1.285351546,18.77329491
R-455A,-35,35,2.298601546,22.27713431,9.691603293,1.285351546,21.26388431
R-455A,-35,40,2.298601546,24.94546116,10.85245122,1.285351546,23.93221116
R-455A,-35,45,2.298601546,27.78894399,12.08950026,1.285351546,26.77569399
R-455A,-35,50,2.298601546,30.8039735,13.40118019,1.285351546,29.7907235
R-455A,-35,55,2.298601546,33.98619631,14.78559708,1.285351546,32.97294631
R-455A,-35,60,2.298601546,37.33086109,16.24068389,1.285351546,36.31761109
R-455A,-35,65,2.298601546,40.83322197,17.76437593,1.285351546,39.81997197
R-455A,-35,70,2.298601546,44.48899128,19.35480787,1.285351546,43.47574128
R-455A,-30,20,2.845451487,15.34252364,5.391947009,1.832201487,14.32927364
R-455A,-30,25,2.845451487,17.47502856,6.14139044,1.832201487,16.46177856
R-455A,-30,30,2.845451487,19.78654491,6.953745301,1.832201487,18.77329491
R-455A,-30,35,2.845451487,22.27713431,7.829033252,1.832201487,21.26388431
R-455A,-30,40,2.845451487,24.94546116,8.76678491,1.832201487,23.93221116
R-455A,-30,45,2.845451487,27.78894399,9.766093048,1.832201487,26.77569399
R-455A,-30,50,2.845451487,30.8039735,10.82568923,1.832201487,29.7907235
R-455A,-30,55,2.845451487,33.98619631,11.94404349,1.832201487,32.97294631
R-455A,-30,60,2.845451487,37.33086109,13.11948605,1.832201487,36.31761109
R-455A,-30,65,2.845451487,40.83322197,14.35034902,1.832201487,39.81997197
R-455A,-30,70,2.845451487,44.48899128,15.63512556,1.832201487,43.47574128
R-455A,-25,20,3.490207851,15.34252364,4.395876776,2.476957851,14.32927364
R-455A,-25,25,3.490207851,17.47502856,5.006873317,2.476957851,16.46177856
R-455A,-25,30,3.490207851,19.78654491,5.669159475,2.476957851,18.77329491
R-455A,-25,35,3.490207851,22.27713431,6.382752908,2.476957851,21.26388431
R-455A,-25,40,3.490207851,24.94546116,7.147270943,2.476957851,23.93221116
R-455A,-25,45,3.490207851,27.78894399,7.961973949,2.476957851,26.77569399
R-455A,-25,50,3.490207851,30.8039735,8.825827807,2.476957851,29.7907235
R-455A,-25,55,3.490207851,33.98619631,9.737585197,2.476957851,32.97294631
R-455A,-25,60,3.490207851,37.33086109,10.6958848,2.476957851,36.31761109
R-455A,-25,65,3.490207851,40.83322197,11.69936683,2.476957851,39.81997197
R-455A,-25,70,3.490207851,44.48899128,12.74680282,2.476957851,43.47574128
R-455A,-20,20,4.24353199,15.34252364,3.615507948,3.23028199,14.32927364
R-455A,-20,25,4.24353199,17.47502856,4.118038606,3.23028199,16.46177856
R-455A,-20,30,4.24353199,19.78654491,4.662753799,3.23028199,18.77329491
R-455A,-20,35,4.24353199,22.27713431,5.249668051,3.23028199,21.26388431
R-455A,-20,40,4.24353199,24.94546116,5.878466621,3.23028199,23.93221116
R-455A,-20,45,4.24353199,27.78894399,6.548541181,3.23028199,26.77569399
R-455A,-20,50,4.24353199,30.8039735,7.25904119,3.23028199,29.7907235
R-455A,-20,55,4.24353199,33.98619631,8.008940757,3.23028199,32.97294631
R-455A,-20,60,4.24353199,37.33086109,8.797120224,3.23028199,36.31761109
R-455A,-20,65,4.24353199,40.83322197,9.622461211,3.23028199,39.81997197
R-455A,-20,70,4.24353199,44.48899128,10.48395332,3.23028199,43.47574128
R-455A,-15,20,5.116030004,15.34252364,2.998911974,4.102780004,14.32927364
R-455A,-15,25,5.116030004,17.47502856,3.415740046,4.102780004,16.46177856
R-455A,-15,30,5.116030004,19.78654491,3.867558418,4.102780004,18.77329491
R-455A,-15,35,5.116030004,22.27713431,4.354379137,4.102780004,21.26388431
R-455A,-15,40,5.116030004,24.94546116,4.875941138,4.102780004,23.93221116
R-455A,-15,45,5.116030004,27.78894399,5.431739839,4.102780004,26.77569399
R-455A,-15,50,5.116030004,30.8039735,6.021069752,4.102780004,29.7907235
R-455A,-15,55,5.116030004,33.98619631,6.643079943,4.102780004,32.97294631
R-455A,-15,60,5.116030004,37.33086109,7.296841704,4.102780004,36.31761109
R-455A,-15,65,5.116030004,40.83322197,7.981427384,4.102780004,39.81997197
R-455A,-15,70,5.116030004,44.48899128,8.695998899,4.102780004,43.47574128
R-455A,-10,20,6.118044497,15.34252364,2.507749599,5.104794497,14.32927364
R-455A,-10,25,6.118044497,17.47502856,2.856309491,5.104794497,16.46177856
R-455A,-10,30,6.118044497,19.78654491,3.234128963,5.104794497,18.77329491
R-455A,-10,35,6.118044497,22.27713431,3.641218092,5.104794497,21.26388431
R-455A,-10,40,6.118044497,24.94546116,4.077358569,5.104794497,23.93221116
R-455A,-10,45,6.118044497,27.78894399,4.542128453,5.104794497,26.77569399
R-455A,-10,50,6.118044497,30.8039735,5.034937801,5.104794497,29.7907235
R-455A,-10,55,6.118044497,33.98619631,5.555075044,5.104794497,32.97294631
R-455A,-10,60,6.118044497,37.33086109,6.101763579,5.104794497,36.31761109
R-455A,-10,65,6.118044497,40.83322197,6.674227686,5.104794497,39.81997197
R-455A,-10,70,6.118044497,44.48899128,7.271766542,5.104794497,43.47574128
R-455A,-5,20,7.25943852,15.34252364,2.113458719,6.24618852,14.32927364
R-455A,-5,25,7.25943852,17.47502856,2.407214899,6.24618852,16.46177856
R-455A,-5,30,7.25943852,19.78654491,2.725630206,6.24618852,18.77329491
R-455A,-5,35,7.25943852,22.27713431,3.068713131,6.24618852,21.26388431
R-455A,-5,40,7.25943852,24.94546116,3.436279692,6.24618852,23.93221116
R-455A,-5,45,7.25943852,27.78894399,3.827974286,6.24618852,26.77569399
R-455A,-5,50,7.25943852,30.8039735,4.243299729,6.24618852,29.7907235
R-455A,-5,55,7.25943852,33.98619631,4.681656331,6.24618852,32.97294631
R-455A,-5,60,7.25943852,37.33086109,5.142389592,6.24618852,36.31761109
R-455A,-5,65,7.25943852,40.83322197,5.624845759,6.24618852,39.81997197
R-455A,-5,70,7.25943852,44.48899128,6.128434198,6.24618852,43.47574128
R-455A,0,20,8.549379383,15.34252364,1.794577472,7.536129383,14.32927364
R-455A,0,25,8.549379383,17.47502856,2.044011358,7.536129383,16.46177856
R-455A,0,30,8.549379383,19.78654491,2.314383773,7.536129383,18.77329491
R-455A,0,35,8.549379383,22.27713431,2.605701924,7.536129383,21.26388431
R-455A,0,40,8.549379383,24.94546116,2.917809591,7.536129383,23.93221116
R-455A,0,45,8.549379383,27.78894399,3.250404824,7.536129383,26.77569399
R-455A,0,50,8.549379383,30.8039735,3.603065454,7.536129383,29.7907235
R-455A,0,55,8.549379383,33.98619631,3.975282273,7.536129383,32.97294631
R-455A,0,60,8.549379383,37.33086109,4.366499534,7.536129383,36.31761109
R-455A,0,65,8.549379383,40.83322197,4.776162121,7.536129383,39.81997197
R-455A,0,70,8.549379383,44.48899128,5.203768518,7.536129383,43.47574128
R-455A,5,20,9.99613082,15.34252364,1.534846223,8.98288082,14.32927364
R-455A,5,25,9.99613082,17.47502856,1.748179258,8.98288082,16.46177856
R-455A,5,30,9.99613082,19.78654491,1.979420364,8.98288082,18.77329491
R-455A,5,35,9.99613082,22.27713431,2.228575707,8.98288082,21.26388431
R-455A,5,40,9.99613082,24.94546116,2.495511674,8.98288082,23.93221116
R-455A,5,45,9.99613082,27.78894399,2.779970019,8.98288082,26.77569399
R-455A,5,50,9.99613082,30.8039735,3.081589673,8.98288082,29.7907235
R-455A,5,55,9.99613082,33.98619631,3.399935127,8.98288082,32.97294631
R-455A,5,60,9.99613082,37.33086109,3.734531066,8.98288082,36.31761109
R-455A,5,65,9.99613082,40.83322197,4.084902719,8.98288082,39.81997197
R-455A,5,70,9.99613082,44.48899128,4.450621154,8.98288082,43.47574128
R-455A,10,20,11.60686241,15.34252364,1.321849359,10.59361241,14.32927364
R-455A,10,25,11.60686241,17.47502856,1.505577299,10.59361241,16.46177856
R-455A,10,30,11.60686241,19.78654491,1.704728135,10.59361241,18.77329491
R-455A,10,35,11.60686241,22.27713431,1.919307175,10.59361241,21.26388431
R-455A,10,40,11.60686241,24.94546116,2.149199351,10.59361241,23.93221116
R-455A,10,45,11.60686241,27.78894399,2.394182252,10.59361241,26.77569399
R-455A,10,50,11.60686241,30.8039735,2.653944918,10.59361241,29.7907235
R-455A,10,55,11.60686241,33.98619631,2.928112275,10.59361241,32.97294631
R-455A,10,60,11.60686241,37.33086109,3.216274973,10.59361241,36.31761109
R-455A,10,65,11.60686241,40.83322197,3.518024124,10.59361241,39.81997197
R-455A,10,70,11.60686241,44.48899128,3.832990321,10.59361241,43.47574128
R-458A,-50,20,0.711398191,10.72788917,15.08000626,0,9.714639175
R-458A,-50,25,0.711398191,12.29709311,17.2858088,0,11.28384311
R-458A,-50,30,0.711398191,14.01000563,19.69361999,0,12.99675563
R-458A,-50,35,0.711398191,15.86832128,22.30582181,0,14.85507128
R-458A,-50,40,0.711398191,17.87263269,25.12324731,0,16.85938269
R-458A,-50,45,0.711398191,20.0225087,28.14529044,0,19.0092587
R-458A,-50,50,0.711398191,22.31662527,31.37008998,0,21.30337527
R-458A,-50,55,0.711398191,24.75294975,34.79478872,0,23.73969975
R-458A,-50,60,0.711398191,27.32897793,38.41586649,0,26.31572793
R-458A,-50,65,0.711398191,30.04202076,42.22954337,0,29.02877076
R-458A,-50,70,0.711398191,32.88953665,46.23224667,0,31.87628665
R-458A,-45,20,0.9169992499,10.72788917,11.69890725,0,9.714639175
R-458A,-45,25,0.9169992499,12.29709311,13.41014522,0,11.28384311
R-458A,-45,30,0.9169992499,14.01000563,15.27809934,0,12.99675563
R-458A,-45,35,0.9169992499,15.86832128,17.30461752,0,14.85507128
R-458A,-45,40,0.9169992499,17.87263269,19.49034603,0,16.85938269
R-458A,-45,45,0.9169992499,20.0225087,21.8348147,0,19.0092587
R-458A,-45,50,0.9169992499,22.31662527,24.33657963,0,21.30337527
R-458A,-45,55,0.9169992499,24.75294975,26.99342421,0,23.73969975
R-458A,-45,60,0.9169992499,27.32897793,29.80261754,0,26.31572793
R-458A,-45,65,0.9169992499,30.04202076,32.76122719,0,29.02877076
R-458A,-45,70,0.9169992499,32.88953665,35.86648152,0,31.87628665
R-458A,-40,20,1.169207395,10.72788917,9.175351797,0.1559573952,9.714639175
R-458A,-40,25,1.169207395,12.29709311,10.51746094,0.1559573952,11.28384311
R-458A,-40,30,1.169207395,14.01000563,11.9824812,0.1559573952,12.99675563
R-458A,-40,35,1.169207395,15.86832128,13.57186189,0.1559573952,14.85507128
R-458A,-40,40,1.169207395,17.87263269,15.28610986,0.1559573952,16.85938269
R-458A,-40,45,1.169207395,20.0225087,17.12485636,0.1559573952,19.0092587
R-458A,-40,50,1.169207395,22.31662527,19.08696897,0.1559573952,21.30337527
R-458A,-40,55,1.169207395,24.75294975,21.1707092,0.1559573952,23.73969975
R-458A,-40,60,1.169207395,27.32897793,23.37393523,0.1559573952,26.31572793
R-458A,-40,65,1.169207395,30.04202076,25.6943472,0.1559573952,29.02877076
R-458A,-40,70,1.169207395,32.88953665,28.12977132,0.1559573952,31.87628665
R-458A,-35,20,1.475355321,10.72788917,7.271393554,0.4621053215,9.714639175
R-458A,-35,25,1.475355321,12.29709311,8.335004409,0.4621053215,11.28384311
R-458A,-35,30,1.475355321,14.01000563,9.49602135,0.4621053215,12.99675563
R-458A,-35,35,1.475355321,15.86832128,10.75559294,0.4621053215,14.85507128
R-458A,-35,40,1.475355321,17.87263269,12.11412087,0.4621053215,16.85938269
R-458A,-35,45,1.475355321,20.0225087,13.5713129,0.4621053215,19.0092587
R-458A,-35,50,1.475355321,22.31662527,15.12627158,0.4621053215,21.30337527
R-458A,-35,55,1.475355321,24.75294975,16.77761919,0.4621053215,23.73969975
R-458A,-35,60,1.475355321,27.32897793,18.52365835,0.4621053215,26.31572793
R-458A,-35,65,1.475355321,30.04202076,20.36256644,0.4621053215,29.02877076
R-458A,-35,70,1.475355321,32.88953665,22.29262075,0.4621053215,31.87628665
R-458A,-30,20,1.843247038,10.72788917,5.820103845,0.8299970382,9.714639175
R-458A,-30,25,1.843247038,12.29709311,6.67142974,0.8299970382,11.28384311
R-458A,-30,30,1.843247038,14.01000563,7.600720544,0.8299970382,12.99675563
R-458A,-30,35,1.843247038,15.86832128,8.608895582,0.8299970382,14.85507128
R-458A,-30,40,1.843247038,17.87263269,9.696276364,0.8299970382,16.85938269
R-458A,-30,45,1.843247038,20.0225087,10.86262898,0.8299970382,19.0092587
R-458A,-30,50,1.843247038,22.31662527,12.10723511,0.8299970382,21.30337527
R-458A,-30,55,1.843247038,24.75294975,13.42899201,0.8299970382,23.73969975
R-458A,-30,60,1.843247038,27.32897793,14.82654108,0.8299970382,26.31572793
R-458A,-30,65,1.843247038,30.04202076,16.29842345,0.8299970382,29.02877076
R-458A,-30,70,1.843247038,32.88953665,17.84326027,0.8299970382,31.87628665
R-458A,-25,20,2.281062202,10.72788917,4.703023516,1.267812202,9.714639175
R-458A,-25,25,2.281062202,12.29709311,5.390950365,1.267812202,11.28384311
R-458A,-25,30,2.281062202,14.01000563,6.141877947,1.267812202,12.99675563
R-458A,-25,35,2.281062202,15.86832128,6.956549134,1.267812202,14.85507128
R-458A,-25,40,2.281062202,17.87263269,7.835223729,1.267812202,16.85938269
R-458A,-25,45,2.281062202,20.0225087,8.77771272,1.267812202,19.0092587
R-458A,-25,50,2.281062202,22.31662527,9.783435651,1.267812202,21.30337527
R-458A,-25,55,2.281062202,24.75294975,10.85150144,1.267812202,23.73969975
R-458A,-25,60,2.281062202,27.32897793,11.98081223,1.267812202,26.31572793
R-458A,-25,65,2.281062202,30.04202076,13.1701892,1.267812202,29.02877076
R-458A,-25,70,2.281062202,32.88953665,14.4185181,1.267812202,31.87628665
R-458A,-20,20,2.79723929,10.72788917,3.835170346,1.78398929,9.714639175
R-458A,-20,25,2.79723929,12.29709311,4.396153434,1.78398929,11.28384311
R-458A,-20,30,2.79723929,14.01000563,5.008511672,1.78398929,12.99675563
R-458A,-20,35,2.79723929,15.86832128,5.672850851,1.78398929,14.85507128
R-458A,-20,40,2.79723929,17.87263269,6.38938283,1.78398929,16.85938269
R-458A,-20,45,2.79723929,20.0225087,7.157953478,1.78398929,19.0092587
R-458A,-20,50,2.79723929,22.31662527,7.97808945,1.78398929,21.30337527
R-458A,-20,55,2.79723929,24.75294975,8.849064092,1.78398929,23.73969975
R-458A,-20,60,2.79723929,27.32897793,9.769982149,1.78398929,26.31572793
R-458A,-20,65,2.79723929,30.04202076,10.73988231,1.78398929,29.02877076
R-458A,-20,70,2.79723929,32.88953665,11.75785596,1.78398929,31.87628665
R-458A,-15,20,3.400339917,10.72788917,3.154946104,2.387089917,9.714639175
R-458A,-15,25,3.400339917,12.29709311,3.616430536,2.387089917,11.28384311
R-458A,-15,30,3.400339917,14.01000563,4.120177974,2.387089917,12.99675563
R-458A,-15,35,3.400339917,15.86832128,4.666686763,2.387089917,14.85507128
R-458A,-15,40,3.400339917,17.87263269,5.256131188,2.387089917,16.85938269
R-458A,-15,45,3.400339917,20.0225087,5.888384452,2.387089917,19.0092587
R-458A,-15,50,3.400339917,22.31662527,6.563057167,2.387089917,21.30337527
R-458A,-15,55,3.400339917,24.75294975,7.279551561,2.387089917,23.73969975
R-458A,-15,60,3.400339917,27.32897793,8.037131166,2.387089917,26.31572793
R-458A,-15,65,3.400339917,30.04202076,8.835005173,2.387089917,29.02877076
R-458A,-15,70,3.400339917,32.88953665,9.672426124,2.387089917,31.87628665
R-458A,-10,20,4.09889768,10.72788917,2.617262008,3.08564768,9.714639175
R-458A,-10,25,4.09889768,12.29709311,3.000097604,3.08564768,11.28384311
R-458A,-10,30,4.09889768,14.01000563,3.417993501,3.08564768,12.99675563
R-458A,-10,35,4.09889768,15.86832128,3.871363113,3.08564768,14.85507128
R-458A,-10,40,4.09889768,17.87263269,4.360351022,3.08564768,16.85938269
R-458A,-10,45,4.09889768,20.0225087,4.884852042,3.08564768,19.0092587
R-458A,-10,50,4.09889768,22.31662527,5.444543145,3.08564768,21.30337527
R-458A,-10,55,4.09889768,24.75294975,6.038928435,3.08564768,23.73969975
R-458A,-10,60,4.09889768,27.32897793,6.667396958,3.08564768,26.31572793
R-458A,-10,65,4.09889768,30.04202076,7.329292679,3.08564768,29.02877076
R-458A,-10,70,4.09889768,32.88953665,8.023995526,3.08564768,31.87628665
R-458A,-5,20,4.901255948,10.72788917,2.188804112,3.888005948,9.714639175
R-458A,-5,25,4.901255948,12.29709311,2.50896775,3.888005948,11.28384311
R-458A,-5,30,4.901255948,14.01000563,2.858452156,3.888005948,12.99675563
R-458A,-5,35,4.901255948,15.86832128,3.237603066,3.888005948,14.85507128
R-458A,-5,40,4.901255948,17.87263269,3.646541393,3.888005948,16.85938269
R-458A,-5,45,4.901255948,20.0225087,4.08517917,3.888005948,19.0092587
R-458A,-5,50,4.901255948,22.31662527,4.55324625,3.888005948,21.30337527
R-458A,-5,55,4.901255948,24.75294975,5.05032792,3.888005948,23.73969975
R-458A,-5,60,4.901255948,27.32897793,5.575913239,3.888005948,26.31572793
R-458A,-5,65,4.901255948,30.04202076,6.129453569,3.888005948,29.02877076
R-458A,-5,70,4.901255948,32.88953665,6.710430346,3.888005948,31.87628665
R-458A,0,20,5.815399977,10.72788917,1.844737975,4.802149977,9.714639175
R-458A,0,25,5.815399977,12.29709311,2.114573917,4.802149977,11.28384311
R-458A,0,30,5.815399977,14.01000563,2.409121589,4.802149977,12.99675563
R-458A,0,35,5.815399977,15.86832128,2.728672378,4.802149977,14.85507128
R-458A,0,40,5.815399977,17.87263269,3.073328191,4.802149977,16.85938269
R-458A,0,45,5.815399977,20.0225087,3.443014889,4.802149977,19.0092587
R-458A,0,50,5.815399977,22.31662527,3.83750479,4.802149977,21.30337527
R-458A,0,55,5.815399977,24.75294975,4.25644837,4.802149977,23.73969975
R-458A,0,60,5.815399977,27.32897793,4.699415008,4.802149977,26.31572793
R-458A,0,65,5.815399977,30.04202076,5.165942305,4.802149977,29.02877076
R-458A,0,70,5.815399977,32.88953665,5.655593215,4.802149977,31.87628665
R-458A,5,20,6.848789493,10.72788917,1.566392015,5.835539493,9.714639175
R-458A,5,25,6.848789493,12.29709311,1.795513371,5.835539493,11.28384311
R-458A,5,30,6.848789493,14.01000563,2.04561779,5.835539493,12.99675563
R-458A,5,35,6.848789493,15.86832128,2.316952696,5.835539493,14.85507128
R-458A,5,40,6.848789493,17.87263269,2.609604618,5.835539493,16.85938269
R-458A,5,45,6.848789493,20.0225087,2.923510603,5.835539493,19.0092587
R-458A,5,50,6.848789493,22.31662527,3.258477325,5.835539493,21.30337527
R-458A,5,55,6.848789493,24.75294975,3.614207997,5.835539493,23.73969975
R-458A,5,60,6.848789493,27.32897793,3.990336972,5.835539493,26.31572793
R-458A,5,65,6.848789493,30.04202076,4.386471622,5.835539493,29.02877076
R-458A,5,70,6.848789493,32.88953665,4.802240846,5.835539493,31.87628665
R-458A,10,20,8.008198508,10.72788917,1.339613293,6.994948508,9.714639175
R-458A,10,25,8.008198508,12.29709311,1.535562973,6.994948508,11.28384311
R-458A,10,30,8.008198508,14.01000563,1.749457836,6.994948508,12.99675563
R-458A,10,35,8.008198508,15.86832128,1.981509483,6.994948508,14.85507128
R-458A,10,40,8.008198508,17.87263269,2.231791916,6.994948508,16.85938269
R-458A,10,45,8.008198508,20.0225087,2.500251297,6.994948508,19.0092587
R-458A,10,50,8.008198508,22.31662527,2.786722288,6.994948508,21.30337527
R-458A,10,55,8.008198508,24.75294975,3.090951071,6.994948508,23.73969975
R-458A,10,60,8.008198508,27.32897793,3.412624937,6.994948508,26.31572793
R-458A,10,65,8.008198508,30.04202076,3.751408102,6.994948508,29.02877076
R-458A,10,70,8.008198508,32.88953665,4.106983189,6.994948508,31.87628665
R-466A,-50,20,1.128879175,15.02893051,13.31314355,0.1156291749,14.01568051
R-466A,-50,25,1.128879175,17.09490067,15.14325098,0.1156291749,16.08165067
R-466A,-50,30,1.128879175,19.32961577,17.12283848,0.1156291749,18.31636577
R-466A,-50,35,1.128879175,21.73256097,19.25144998,0.1156291749,20.71931097
R-466A,-50,40,1.128879175,24.30201731,21.52756278,0.1156291749,23.28876731
R-466A,-50,45,1.128879175,27.03526292,23.94876575,0.1156291749,26.02201292
R-466A,-50,50,1.128879175,29.92884098,26.51199672,0.1156291749,28.91559098
R-466A,-50,55,1.128879175,32.97889165,29.21383651,0.1156291749,31.96564165
R-466A,-50,60,1.128879175,36.18154308,32.05085529,0.1156291749,35.16829308
R-466A,-50,65,1.128879175,39.53335386,35.02000457,0.1156291749,38.52010386
R-466A,-50,70,1.128879175,43.03179758,38.11904634,0.1156291749,42.01854758
R-466A,-45,20,1.440475277,15.02893051,10.43331374,0.4272252774,14.01568051
R-466A,-45,25,1.440475277,17.09490067,11.86754187,0.4272252774,16.08165067
R-466A,-45,30,1.440475277,19.32961577,13.41891532,0.4272252774,18.31636577
R-466A,-45,35,1.440475277,21.73256097,15.08707668,0.4272252774,20.71931097
R-466A,-45,40,1.440475277,24.30201731,16.87083263,0.4272252774,23.28876731
R-466A,-45,45,1.440475277,27.03526292,18.76829359,0.4272252774,26.02201292
R-466A,-45,50,1.440475277,29.92884098,20.7770598,0.4272252774,28.91559098
R-466A,-45,55,1.440475277,32.97889165,22.89445169,0.4272252774,31.96564165
R-466A,-45,60,1.440475277,36.18154308,25.11778136,0.4272252774,35.16829308
R-466A,-45,65,1.440475277,39.53335386,27.44465975,0.4272252774,38.52010386
R-466A,-45,70,1.440475277,43.03179758,29.87333296,0.4272252774,42.01854758
R-466A,-40,20,1.818595099,15.02893051,8.264033329,0.8053450986,14.01568051
R-466A,-40,25,1.818595099,17.09490067,9.400058696,0.8053450986,16.08165067
R-466A,-40,30,1.818595099,19.32961577,10.62887269,0.8053450986,18.31636577
R-466A,-40,35,1.818595099,21.73256097,11.9501922,0.8053450986,20.71931097
R-466A,-40,40,1.818595099,24.30201731,13.36307204,0.8053450986,23.28876731
R-466A,-40,45,1.818595099,27.03526292,14.8660155,0.8053450986,26.02201292
R-466A,-40,50,1.818595099,29.92884098,16.45712177,0.8053450986,28.91559098
R-466A,-40,55,1.818595099,32.97889165,18.13426841,0.8053450986,31.96564165
R-466A,-40,60,1.818595099,36.18154308,19.8953264,0.8053450986,35.16829308
R-466A,-40,65,1.818595099,39.53335386,21.73840339,0.8053450986,38.52010386
R-466A,-40,70,1.818595099,43.03179758,23.66211017,0.8053450986,42.01854758
R-466A,-35,20,2.272715507,15.02893051,6.612763657,1.259465507,14.01568051
R-466A,-35,25,2.272715507,17.09490067,7.521795235,1.259465507,16.08165067
R-466A,-35,30,2.272715507,19.32961577,8.50507497,1.259465507,18.31636577
R-466A,-35,35,2.272715507,21.73256097,9.56237633,1.259465507,20.71931097
R-466A,-35,40,2.272715507,24.30201731,10.69294297,1.259465507,23.28876731
R-466A,-35,45,2.272715507,27.03526292,11.89557727,1.259465507,26.02201292
R-466A,-35,50,2.272715507,29.92884098,13.1687582,1.259465507,28.91559098
R-466A,-35,55,2.272715507,32.97889165,14.51078745,1.259465507,31.96564165
R-466A,-35,60,2.272715507,36.18154308,15.91996137,1.259465507,35.16829308
R-466A,-35,65,2.272715507,39.53335386,17.39476575,1.259465507,38.52010386
R-466A,-35,70,2.272715507,43.03179758,18.93408896,1.259465507,42.01854758
R-466A,-30,20,2.812707863,15.02893051,5.343224835,1.799457863,14.01568051
R-466A,-30,25,2.812707863,17.09490067,6.077737719,1.799457863,16.08165067
R-466A,-30,30,2.812707863,19.32961577,6.872244369,1.799457863,18.31636577
R-466A,-30,35,2.812707863,21.73256097,7.726561743,1.799457863,20.71931097
R-466A,-30,40,2.812707863,24.30201731,8.640078704,1.799457863,23.28876731
R-466A,-30,45,2.812707863,27.03526292,9.611827548,1.799457863,26.02201292
R-466A,-30,50,2.812707863,29.92884098,10.64057927,1.799457863,28.91559098
R-466A,-30,55,2.812707863,32.97889165,11.72496159,1.799457863,31.96564165
R-466A,-30,60,2.812707863,36.18154308,12.86359794,1.799457863,35.16829308
R-466A,-30,65,2.812707863,39.53335386,14.05526481,1.799457863,38.52010386
R-466A,-30,70,2.812707863,43.03179758,15.29906399,1.799457863,42.01854758
R-466A,-25,20,3.448681368,15.02893051,4.357877375,2.435431368,14.01568051
R-466A,-25,25,3.448681368,17.09490067,4.956938274,2.435431368,16.08165067
R-466A,-25,30,3.448681368,19.32961577,5.604929452,2.435431368,18.31636577
R-466A,-25,35,3.448681368,21.73256097,6.301701621,2.435431368,20.71931097
R-466A,-25,40,3.448681368,24.30201731,7.046756343,2.435431368,23.28876731
R-466A,-25,45,3.448681368,27.03526292,7.83930437,2.435431368,26.02201292
R-466A,-25,50,3.448681368,29.92884098,8.678343339,2.435431368,28.91559098
R-466A,-25,55,3.448681368,32.97889165,9.562754031,2.435431368,31.96564165
R-466A,-25,60,3.448681368,36.18154308,10.49141374,2.435431368,35.16829308
R-466A,-25,65,3.448681368,39.53335386,11.46332457,2.435431368,38.52010386
R-466A,-25,70,3.448681368,43.03179758,12.47775395,2.435431368,42.01854758
R-466A,-20,20,4.190803997,15.02893051,3.586168792,3.177553997,14.01568051
R-466A,-20,25,4.190803997,17.09490067,4.079145835,3.177553997,16.08165067
R-466A,-20,30,4.190803997,19.32961577,4.612388407,3.177553997,18.31636577
R-466A,-20,35,4.190803997,21.73256097,5.185773657,3.177553997,20.71931097
R-466A,-20,40,4.190803997,24.30201731,5.798891412,3.177553997,23.28876731
R-466A,-20,45,4.190803997,27.03526292,6.451092187,3.177553997,26.02201292
R-466A,-20,50,4.190803997,29.92884098,7.14155112,3.177553997,28.91559098
R-466A,-20,55,4.190803997,32.97889165,7.869347189,3.177553997,31.96564165
R-466A,-20,60,4.190803997,36.18154308,8.633556497,3.177553997,35.16829308
R-466A,-20,65,4.190803997,39.53335386,9.433357868,3.177553997,38.52010386
R-466A,-20,70,4.190803997,43.03179758,10.26814845,3.177553997,42.01854758
R-466A,-15,20,5.04910595,15.02893051,2.976552811,4.03585595,14.01568051
R-466A,-15,25,5.04910595,17.09490067,3.385728254,4.03585595,16.08165067
R-466A,-15,30,5.04910595,19.32961577,3.828324453,4.03585595,18.31636577
R-466A,-15,35,5.04910595,21.73256097,4.30423944,4.03585595,20.71931097
R-466A,-15,40,5.04910595,24.30201731,4.81313277,4.03585595,23.28876731
R-466A,-15,45,5.04910595,27.03526292,5.354465363,4.03585595,26.02201292
R-466A,-15,50,5.04910595,29.92884098,5.927552576,4.03585595,28.91559098
R-466A,-15,55,5.04910595,32.97889165,6.531629952,4.03585595,31.96564165
R-466A,-15,60,5.04910595,36.18154308,7.165930649,4.03585595,35.16829308
R-466A,-15,65,5.04910595,39.53335386,7.829773083,4.03585595,38.52010386
R-466A,-15,70,5.04910595,43.03179758,8.522656884,4.03585595,42.01854758
R-466A,-10,20,6.033271888,15.02893051,2.491008326,5.020021888,14.01568051
R-466A,-10,25,6.033271888,17.09490067,2.833437807,5.020021888,16.08165067
R-466A,-10,30,6.033271888,19.32961577,3.203836348,5.020021888,18.31636577
R-466A,-10,35,6.033271888,21.73256097,3.602118613,5.020021888,20.71931097
R-466A,-10,40,6.033271888,24.30201731,4.027999692,5.020021888,23.28876731
R-466A,-10,45,6.033271888,27.03526292,4.481028441,5.020021888,26.02201292
R-466A,-10,50,6.033271888,29.92884098,4.960631898,5.020021888,28.91559098
R-466A,-10,55,6.033271888,32.97889165,5.466170308,5.020021888,31.96564165
R-466A,-10,60,6.033271888,36.18154308,5.997001916,5.020021888,35.16829308
R-466A,-10,65,6.033271888,39.53335386,6.552556323,5.020021888,38.52010386
R-466A,-10,70,6.033271888,43.03179758,7.132414779,5.020021888,42.01854758
R-466A,-5,20,7.152429355,15.02893051,2.101234386,6.139179355,14.01568051
R-466A,-5,25,7.152429355,17.09490067,2.39008312,6.139179355,16.08165067
R-466A,-5,30,7.152429355,19.32961577,2.702524529,6.139179355,18.31636577
R-466A,-5,35,7.152429355,21.73256097,3.03848663,6.139179355,20.71931097
R-466A,-5,40,7.152429355,24.30201731,3.397729093,6.139179355,23.28876731
R-466A,-5,45,7.152429355,27.03526292,3.779871367,6.139179355,26.02201292
R-466A,-5,50,7.152429355,29.92884098,4.184430142,6.139179355,28.91559098
R-466A,-5,55,7.152429355,32.97889165,4.610865766,6.139179355,31.96564165
R-466A,-5,60,7.152429355,36.18154308,5.058636902,6.139179355,35.16829308
R-466A,-5,65,7.152429355,39.53335386,5.527262402,6.139179355,38.52010386
R-466A,-5,70,7.152429355,43.03179758,6.01638904,6.139179355,42.01854758
R-466A,0,20,8.414941703,15.02893051,1.785981536,7.401691703,14.01568051
R-466A,0,25,8.414941703,17.09490067,2.031493654,7.401691703,16.08165067
R-466A,0,30,8.414941703,19.32961577,2.297058786,7.401691703,18.31636577
R-466A,0,35,8.414941703,21.73256097,2.582615749,7.401691703,20.71931097
R-466A,0,40,8.414941703,24.30201731,2.887960269,7.401691703,23.28876731
R-466A,0,45,8.414941703,27.03526292,3.212768891,7.401691703,26.02201292
R-466A,0,50,8.414941703,29.92884098,3.556630817,7.401691703,28.91559098
R-466A,0,55,8.414941703,32.97889165,3.919087359,7.401691703,31.96564165
R-466A,0,60,8.414941703,36.18154308,4.2996784,7.401691703,35.16829308
R-466A,0,65,8.414941703,39.53335386,4.697994978,7.401691703,38.52010386
R-466A,0,70,8.414941703,43.03179758,5.113736863,7.401691703,42.01854758
R-466A,5,20,9.828214501,15.02893051,1.529161834,8.814964501,14.01568051
R-466A,5,25,9.828214501,17.09490067,1.73936992,8.814964501,16.08165067
R-466A,5,30,9.828214501,19.32961577,1.966747446,8.814964501,18.31636577
R-466A,5,35,9.828214501,21.73256097,2.211242028,8.814964501,20.71931097
R-466A,5,40,9.828214501,24.30201731,2.472678766,8.814964501,23.28876731
R-466A,5,45,9.828214501,27.03526292,2.750780716,8.814964501,26.02201292
R-466A,5,50,9.828214501,29.92884098,3.045196152,8.814964501,28.91559098
R-466A,5,55,9.828214501,32.97889165,3.355532345,8.814964501,31.96564165
R-466A,5,60,9.828214501,36.18154308,3.681395341,8.814964501,35.16829308
R-466A,5,65,9.828214501,39.53335386,4.022434986,8.814964501,38.52010386
R-466A,5,70,9.828214501,43.03179758,4.378394222,8.814964501,42.01854758
R-466A,10,20,11.39852472,15.02893051,1.318497865,10.38527472,14.01568051
R-466A,10,25,11.39852472,17.09490067,1.499746774,10.38527472,16.08165067
R-466A,10,30,11.39852472,19.32961577,1.695799786,10.38527472,18.31636577
R-466A,10,35,11.39852472,21.73256097,1.906611733,10.38527472,20.71931097
R-466A,10,40,11.39852472,24.30201731,2.132031812,10.38527472,23.28876731
R-466A,10,45,11.39852472,27.03526292,2.371821231,10.38527472,26.02201292
R-466A,10,50,11.39852472,29.92884098,2.625676719,10.38527472,28.91559098
R-466A,10,55,11.39852472,32.97889165,2.893259652,10.38527472,31.96564165
R-466A,10,60,11.39852472,36.18154308,3.174230348,10.38527472,35.16829308
R-466A,10,65,11.39852472,39.53335386,3.468286891,10.38527472,38.52010386
R-466A,10,70,11.39852472,43.03179758,3.775207638,10.38527472,42.01854758
R-407B,-50,20,0.8792241775,12.30293478,13.99294411,0,11.28968478
R-407B,-50,25,0.8792241775,14.022772,15.94902911,0,13.009522
R-407B,-50,30,0.8792241775,15.8864789,18.06874664,0,14.8732289
R-407B,-50,35,0.8792241775,17.89413261,20.35218442,0,16.88088261
R-407B,-50,40,0.8792241775,20.04488445,22.79837721,0,19.03163445
R-407B,-50,45,0.8792241775,22.33715332,25.4055267,0,21.32390332
R-407B,-50,50,0.8792241775,24.76887863,28.17128926,0,23.75562863
R-407B,-50,55,0.8792241775,27.33783008,31.09312821,0,26.32458008
R-407B,-50,60,0.8792241775,30.041969,34.16872485,0,29.028719
R-407B,-50,65,0.8792241775,32.87985405,37.39643983,0,31.86660405
R-407B,-50,70,0.8792241775,35.85108185,40.77581436,0,34.83783185
R-407B,-45,20,1.127963933,12.30293478,10.90720583,0.1147139329,11.28968478
R-407B,-45,25,1.127963933,14.022772,12.43193297,0.1147139329,13.009522
R-407B,-45,30,1.127963933,15.8864789,14.08420823,0.1147139329,14.8732289
R-407B,-45,35,1.127963933,17.89413261,15.86409998,0.1147139329,16.88088261
R-407B,-45,40,1.127963933,20.04488445,17.77085585,0.1147139329,19.03163445
R-407B,-45,45,1.127963933,22.33715332,19.80307408,0.1147139329,21.32390332
R-407B,-45,50,1.127963933,24.76887863,21.95892786,0.1147139329,23.75562863
R-407B,-45,55,1.127963933,27.33783008,24.23643991,0.1147139329,26.32458008
R-407B,-45,60,1.127963933,30.041969,26.63380284,0.1147139329,29.028719
R-407B,-45,65,1.127963933,32.87985405,29.14973883,0.1147139329,31.86660405
R-407B,-45,70,1.127963933,35.85108185,31.78389025,0.1147139329,34.83783185
R-407B,-40,20,1.43123035,12.30293478,8.596054982,0.41798035,11.28968478
R-407B,-40,25,1.43123035,14.022772,9.797704475,0.41798035,13.009522
R-407B,-40,30,1.43123035,15.8864789,11.09987565,0.41798035,14.8732289
R-407B,-40,35,1.43123035,17.89413261,12.50262238,0.41798035,16.88088261
R-407B,-40,40,1.43123035,20.04488445,14.00535173,0.41798035,19.03163445
R-407B,-40,45,1.43123035,22.33715332,15.60695895,0.41798035,21.32390332
R-407B,-40,50,1.43123035,24.76887863,17.30600433,0.41798035,23.75562863
R-407B,-40,55,1.43123035,27.33783008,19.10092955,0.41798035,26.32458008
R-407B,-40,60,1.43123035,30.041969,20.99031019,0.41798035,29.028719
R-407B,-40,65,1.43123035,32.87985405,22.9731392,0.41798035,31.86660405
R-407B,-40,70,1.43123035,35.85108185,25.04913472,0.41798035,34.83783185
R-407B,-35,20,1.797041072,12.30293478,6.846217913,0.7837910723,11.28968478
R-407B,-35,25,1.797041072,14.022772,7.803256264,0.7837910723,13.009522
R-407B,-35,30,1.797041072,15.8864789,8.840353818,0.7837910723,14.8732289
R-407B,-35,35,1.797041072,17.89413261,9.957553495,0.7837910723,16.88088261
R-407B,-35,40,1.797041072,20.04488445,11.15438304,0.7837910723,19.03163445
R-407B,-35,45,1.797041072,22.33715332,12.4299626,0.7837910723,21.32390332
R-407B,-35,50,1.797041072,24.76887863,13.78314553,0.7837910723,23.75562863
R-407B,-35,55,1.797041072,27.33783008,15.21269074,0.7837910723,26.32458008
R-407B,-35,60,1.797041072,30.041969,16.71746376,0.7837910723,29.028719
R-407B,-35,65,1.797041072,32.87985405,18.29666253,0.7837910723,31.86660405
R-407B,-35,70,1.797041072,35.85108185,19.95006258,0.7837910723,34.83783185
R-407B,-30,20,2.233780071,12.30293478,5.507675056,1.220530071,11.28968478
R-407B,-30,25,2.233780071,14.022772,6.277597417,1.220530071,13.009522
R-407B,-30,30,2.233780071,15.8864789,7.111926151,1.220530071,14.8732289
R-407B,-30,35,2.233780071,17.89413261,8.010695789,1.220530071,16.88088261
R-407B,-30,40,2.233780071,20.04488445,8.973526406,1.220530071,19.03163445
R-407B,-30,45,2.233780071,22.33715332,9.99971018,1.220530071,21.32390332
R-407B,-30,50,2.233780071,24.76887863,11.08832465,1.220530071,23.75562863
R-407B,-30,55,2.233780071,27.33783008,12.23837137,1.220530071,26.32458008
R-407B,-30,60,2.233780071,30.041969,13.44893769,1.220530071,29.028719
R-407B,-30,65,2.233780071,32.87985405,14.71937837,1.220530071,31.86660405
R-407B,-30,70,2.233780071,35.85108185,16.0495128,1.220530071,34.83783185
R-407B,-25,20,2.750065708,12.30293478,4.473687571,1.736815708,11.28968478
R-407B,-25,25,2.750065708,14.022772,5.099067983,1.736815708,13.009522
R-407B,-25,30,2.750065708,15.8864789,5.77676339,1.736815708,14.8732289
R-407B,-25,35,2.750065708,17.89413261,6.50680184,1.736815708,16.88088261
R-407B,-25,40,2.750065708,20.04488445,7.288874732,1.736815708,19.03163445
R-407B,-25,45,2.750065708,22.33715332,8.122407131,1.736815708,21.32390332
R-407B,-25,50,2.750065708,24.76887863,9.006649752,1.736815708,23.75562863
R-407B,-25,55,2.750065708,27.33783008,9.940791595,1.736815708,26.32458008
R-407B,-25,60,2.750065708,30.041969,10.92409134,1.736815708,29.028719
R-407B,-25,65,2.750065708,32.87985405,11.95602489,1.736815708,31.86660405
R-407B,-25,70,2.750065708,35.85108185,13.03644554,1.736815708,34.83783185
R-407B,-20,20,3.354598872,12.30293478,3.667483133,2.341348872,11.28968478
R-407B,-20,25,3.354598872,14.022772,4.180163572,2.341348872,13.009522
R-407B,-20,30,3.354598872,15.8864789,4.735731308,2.341348872,14.8732289
R-407B,-20,35,3.354598872,17.89413261,5.334209333,2.341348872,16.88088261
R-407B,-20,40,3.354598872,20.04488445,5.975344659,2.341348872,19.03163445
R-407B,-20,45,3.354598872,22.33715332,6.65866596,2.341348872,21.32390332
R-407B,-20,50,3.354598872,24.76887863,7.383558981,2.341348872,23.75562863
R-407B,-20,55,3.354598872,27.33783008,8.149358872,2.341348872,26.32458008
R-407B,-20,60,3.354598872,30.041969,8.955457909,2.341348872,29.028719
R-407B,-20,65,3.354598872,32.87985405,9.801426432,2.341348872,31.86660405
R-407B,-20,70,3.354598872,35.85108185,10.68714419,2.341348872,34.83783185
R-407B,-15,20,4.055995555,12.30293478,3.033271268,3.042745555,11.28968478
R-407B,-15,25,4.055995555,14.022772,3.457294717,3.042745555,13.009522
R-407B,-15,30,4.055995555,15.8864789,3.916789033,3.042745555,14.8732289
R-407B,-15,35,4.055995555,17.89413261,4.41177323,3.042745555,16.88088261
R-407B,-15,40,4.055995555,20.04488445,4.942038073,3.042745555,19.03163445
R-407B,-15,45,4.055995555,22.33715332,5.507193738,3.042745555,21.32390332
R-407B,-15,50,4.055995555,24.76887863,6.106732193,3.042745555,23.75562863
R-407B,-15,55,4.055995555,27.33783008,6.740103561,3.042745555,26.32458008
R-407B,-15,60,4.055995555,30.041969,7.406805209,3.042745555,29.028719
R-407B,-15,65,4.055995555,32.87985405,8.106481778,3.042745555,31.86660405
R-407B,-15,70,4.055995555,35.85108185,8.839033811,3.042745555,34.83783185
R-407B,-10,20,4.862609452,12.30293478,2.530109584,3.849359452,11.28968478
R-407B,-10,25,4.862609452,14.022772,2.883795654,3.849359452,13.009522
R-407B,-10,30,4.862609452,15.8864789,3.267068651,3.849359452,14.8732289
R-407B,-10,35,4.862609452,17.89413261,3.679944438,3.849359452,16.88088261
R-407B,-10,40,4.862609452,20.04488445,4.122248486,3.849359452,19.03163445
R-407B,-10,45,4.862609452,22.33715332,4.593655637,3.849359452,21.32390332
R-407B,-10,50,4.862609452,24.76887863,5.09374213,3.849359452,23.75562863
R-407B,-10,55,4.862609452,27.33783008,5.622049302,3.849359452,26.32458008
R-407B,-10,60,4.862609452,30.041969,6.1781579,3.849359452,29.028719
R-407B,-10,65,4.862609452,32.87985405,6.761771509,3.849359452,31.86660405
R-407B,-10,70,4.862609452,35.85108185,7.372807172,3.849359452,34.83783185
R-407B,-5,20,5.782351238,12.30293478,2.127669917,4.769101238,11.28968478
R-407B,-5,25,5.782351238,14.022772,2.42509862,4.769101238,13.009522
R-407B,-5,30,5.782351238,15.8864789,2.747408148,4.769101238,14.8732289
R-407B,-5,35,5.782351238,17.89413261,3.094611841,4.769101238,16.88088261
R-407B,-5,40,5.782351238,20.04488445,3.466562931,4.769101238,19.03163445
R-407B,-5,45,5.782351238,22.33715332,3.862987979,4.769101238,21.32390332
R-407B,-5,50,5.782351238,24.76887863,4.283530628,4.769101238,23.75562863
R-407B,-5,55,5.782351238,27.33783008,4.72780517,4.769101238,26.32458008
R-407B,-5,60,5.782351238,30.041969,5.195459038,4.769101238,29.028719
R-407B,-5,65,5.782351238,32.87985405,5.686242966,4.769101238,31.86660405
R-407B,-5,70,5.782351238,35.85108185,6.200087191,4.769101238,34.83783185
R-407B,0,20,6.822512026,12.30293478,1.803285173,5.809262026,11.28968478
R-407B,0,25,6.822512026,14.022772,2.055367869,5.809262026,13.009522
R-407B,0,30,6.822512026,15.8864789,2.328538058,5.809262026,14.8732289
R-407B,0,35,6.822512026,17.89413261,2.622807046,5.809262026,16.88088261
R-407B,0,40,6.822512026,20.04488445,2.938050439,5.809262026,19.03163445
R-407B,0,45,6.822512026,22.33715332,3.274036489,5.809262026,21.32390332
R-407B,0,50,6.822512026,24.76887863,3.630463169,5.809262026,23.75562863
R-407B,0,55,6.822512026,27.33783008,4.007003575,5.809262026,26.32458008
R-407B,0,60,6.822512026,30.041969,4.403358893,5.809262026,29.028719
R-407B,0,65,6.822512026,32.87985405,4.81931786,5.809262026,31.86660405
R-407B,0,70,6.822512026,35.85108185,5.254821349,5.809262026,34.83783185
R-407B,5,20,7.989599154,12.30293478,1.53986884,6.976349154,11.28968478
R-407B,5,25,7.989599154,14.022772,1.755128353,6.976349154,13.009522
R-407B,5,30,7.989599154,15.8864789,1.988394987,6.976349154,14.8732289
R-407B,5,35,7.989599154,17.89413261,2.239678395,6.976349154,16.88088261
R-407B,5,40,7.989599154,20.04488445,2.508872356,6.976349154,19.03163445
R-407B,5,45,7.989599154,22.33715332,2.795778973,6.976349154,21.32390332
R-407B,5,50,7.989599154,24.76887863,3.100140339,6.976349154,23.75562863
R-407B,5,55,7.989599154,27.33783008,3.421677302,6.976349154,26.32458008
R-407B,5,60,7.989599154,30.041969,3.760134698,6.976349154,29.028719
R-407B,5,65,7.989599154,32.87985405,4.115332124,6.976349154,31.86660405
R-407B,5,70,7.989599154,35.85108185,4.48721909,6.976349154,34.83783185
R-407B,10,20,9.289192721,12.30293478,1.324435303,8.275942721,11.28968478
R-407B,10,25,9.289192721,14.022772,1.509579188,8.275942721,13.009522
R-407B,10,30,9.289192721,15.8864789,1.710210928,8.275942721,14.8732289
R-407B,10,35,9.289192721,17.89413261,1.926338827,8.275942721,16.88088261
R-407B,10,40,9.289192721,20.04488445,2.157871524,8.275942721,19.03163445
R-407B,10,45,9.289192721,22.33715332,2.404638809,8.275942721,21.32390332
R-407B,10,50,9.289192721,24.76887863,2.666418856,8.275942721,23.75562863
R-407B,10,55,9.289192721,27.33783008,2.942971569,8.275942721,26.32458008
R-407B,10,60,9.289192721,30.041969,3.234077482,8.275942721,29.028719
R-407B,10,65,9.289192721,32.87985405,3.53958143,8.275942721,31.86660405
R-407B,10,70,9.289192721,35.85108185,3.859439988,8.275942721,34.83783185
R-717,-50,20,0.3887737615,11.66748849,30.01099778,0,10.65423849
R-717,-50,25,0.3887737615,14.00250135,36.01709462,0,12.98925135
R-717,-50,30,0.3887737615,16.68894956,42.92714996,0,15.67569956
R-717,-50,35,0.3887737615,19.75855753,50.82276503,0,18.74530753
R-717,-50,40,0.3887737615,23.24274602,59.78476,0,22.22949602
R-717,-50,45,0.3887737615,27.17219064,69.89203833,0,26.15894064
R-717,-50,50,0.3887737615,31.57638235,81.22045642,0,30.56313235
R-717,-50,55,0.3887737615,36.48320576,93.84173877,0,35.46995576
R-717,-50,60,0.3887737615,41.91855163,107.8224813,0,40.90530163
R-717,-50,65,0.3887737615,47.90598077,123.223287,0,46.89273077
R-717,-50,70,0.3887737615,54.46645643,140.0980772,0,53.45320643
R-717,-45,20,0.5255829403,11.66748849,22.19913851,0,10.65423849
R-717,-45,25,0.5255829403,14.00250135,26.64184904,0,12.98925135
R-717,-45,30,0.5255829403,16.68894956,31.75321776,0,15.67569956
R-717,-45,35,0.5255829403,19.75855753,37.59360514,0,18.74530753
R-717,-45,40,0.5255829403,23.24274602,44.22279386,0,22.22949602
R-717,-45,45,0.5255829403,27.17219064,51.6991488,0,26.15894064
R-717,-45,50,0.5255829403,31.57638235,60.07878096,0,30.56313235
R-717,-45,55,0.5255829403,36.48320576,69.41474497,0,35.46995576
R-717,-45,60,0.5255829403,41.91855163,79.75630185,0,40.90530163
R-717,-45,65,0.5255829403,47.90598077,91.14827955,0,46.89273077
R-717,-45,70,0.5255829403,54.46645643,103.6305638,0,53.45320643
R-717,-40,20,0.7014056532,11.66748849,16.63443749,0,10.65423849
R-717,-40,25,0.7014056532,14.00250135,19.96348517,0,12.98925135
R-717,-40,30,0.7014056532,16.68894956,23.7935772,0,15.67569956
R-717,-40,35,0.7014056532,19.75855753,28.16994337,0,18.74530753
R-717,-40,40,0.7014056532,23.24274602,33.13738051,0,22.22949602
R-717,-40,45,0.7014056532,27.17219064,38.73962309,0,26.15894064
R-717,-40,50,0.7014056532,31.57638235,45.01871663,0,30.56313235
R-717,-40,55,0.7014056532,36.48320576,52.01441647,0,35.46995576
R-717,-40,60,0.7014056532,41.91855163,59.76363527,0,40.90530163
R-717,-40,65,0.7014056532,47.90598077,68.29996386,0,46.89273077
R-717,-40,70,0.7014056532,54.46645643,77.65328976,0,53.45320643
R-717,-35,20,0.9247720557,11.66748849,12.61661014,0,10.65423849
R-717,-35,25,0.9247720557,14.00250135,15.14157058,0,12.98925135
R-717,-35,30,0.9247720557,16.68894956,18.04655478,0,15.67569956
R-717,-35,35,0.9247720557,19.75855753,21.36586785,0,18.74530753
R-717,-35,40,0.9247720557,23.24274602,25.13348655,0,22.22949602
R-717,-35,45,0.9247720557,27.17219064,29.38258187,0,26.15894064
R-717,-35,50,0.9247720557,31.57638235,34.1450438,0,30.56313235
R-717,-35,55,0.9247720557,36.48320576,39.4510253,0,35.46995576
R-717,-35,60,0.9247720557,41.91855163,45.32852326,0,40.90530163
R-717,-35,65,0.9247720557,47.90598077,51.80301511,0,46.89273077
R-717,-35,70,0.9247720557,54.46645643,58.89716941,0,53.45320643
R-717,-30,20,1.205486129,11.66748849,9.678658433,0.1922361294,10.65423849
R-717,-30,25,1.205486129,14.00250135,11.61564701,0.1922361294,12.98925135
R-717,-30,30,1.205486129,16.68894956,13.84416556,0.1922361294,15.67569956
R-717,-30,35,1.205486129,19.75855753,16.3905308,0.1922361294,18.74530753
R-717,-30,40,1.205486129,23.24274602,19.28080752,0.1922361294,22.22949602
R-717,-30,45,1.205486129,27.17219064,22.54044238,0.1922361294,26.15894064
R-717,-30,50,1.205486129,31.57638235,26.19389936,0.1922361294,30.56313235
R-717,-30,55,1.205486129,36.48320576,30.26430987,0.1922361294,35.46995576
R-717,-30,60,1.205486129,41.91855163,34.77315135,0.1922361294,40.90530163
R-717,-30,65,1.205486129,47.90598077,39.73996847,0.1922361294,46.89273077
R-717,-30,70,1.205486129,54.46645643,45.18215108,0.1922361294,53.45320643
R-717,-25,20,1.576725645,11.66748849,7.399821602,0.5634756454,10.65423849
R-717,-25,25,1.576725645,14.00250135,8.880746878,0.5634756454,12.98925135
R-717,-25,30,1.576725645,16.68894956,10.5845615,0.5634756454,15.67569956
R-717,-25,35,1.576725645,19.75855753,12.5313859,0.5634756454,18.74530753
R-717,-25,40,1.576725645,23.24274602,14.74114796,0.5634756454,22.22949602
R-717,-25,45,1.576725645,27.17219064,17.2333029,0.5634756454,26.15894064
R-717,-25,50,1.576725645,31.57638235,20.02655468,0.5634756454,30.56313235
R-717,-25,55,1.576725645,36.48320576,23.13858842,0.5634756454,35.46995576
R-717,-25,60,1.576725645,41.91855163,26.58582472,0.5634756454,40.90530163
R-717,-25,65,1.576725645,47.90598077,30.38320643,0.5634756454,46.89273077
R-717,-25,70,1.576725645,54.46645643,34.54402901,0.5634756454,53.45320643
R-717,-20,20,2.041700615,11.66748849,5.714593219,1.028450615,10.65423849
R-717,-20,25,2.041700615,14.00250135,6.858253971,1.028450615,12.98925135
R-717,-20,30,2.041700615,16.68894956,8.174043457,1.028450615,15.67569956
R-717,-20,35,2.041700615,19.75855753,9.677499913,1.028450615,18.74530753
R-717,-20,40,2.041700615,23.24274602,11.38401284,1.028450615,22.22949602
R-717,-20,45,2.041700615,27.17219064,13.30860677,1.028450615,26.15894064
R-717,-20,50,2.041700615,31.57638235,15.46572603,1.028450615,30.56313235
R-717,-20,55,2.041700615,36.48320576,17.86902815,1.028450615,35.46995576
R-717,-20,60,2.041700615,41.91855163,20.5311941,1.028450615,40.90530163
R-717,-20,65,2.041700615,47.90598077,23.46376369,1.028450615,46.89273077
R-717,-20,70,2.041700615,54.46645643,26.67700446,1.028450615,53.45320643
R-717,-15,20,2.617705813,11.66748849,4.457142753,1.604455813,10.65423849
R-717,-15,25,2.617705813,14.00250135,5.349150117,1.604455813,12.98925135
R-717,-15,30,2.617705813,16.68894956,6.375410665,1.604455813,15.67569956
R-717,-15,35,2.617705813,19.75855753,7.54804357,1.604455813,18.74530753
R-717,-15,40,2.617705813,23.24274602,8.879051997,1.604455813,22.22949602
R-717,-15,45,2.617705813,27.17219064,10.38015445,1.604455813,26.15894064
R-717,-15,50,2.617705813,31.57638235,12.06261689,1.604455813,30.56313235
R-717,-15,55,2.617705813,36.48320576,13.93709163,1.604455813,35.46995576
R-717,-15,60,2.617705813,41.91855163,16.01346929,1.604455813,40.90530163
R-717,-15,65,2.617705813,47.90598077,18.30075043,1.604455813,46.89273077
R-717,-15,70,2.617705813,54.46645643,20.8069433,1.604455813,53.45320643
R-717,-10,20,3.324522037,11.66748849,3.509523584,2.311272037,10.65423849
R-717,-10,25,3.324522037,14.00250135,4.211884054,2.311272037,12.98925135
R-717,-10,30,3.324522037,16.68894956,5.01995456,2.311272037,15.67569956
R-717,-10,35,3.324522037,19.75855753,5.943277654,2.311272037,18.74530753
R-717,-10,40,3.324522037,23.24274602,6.991304545,2.311272037,22.22949602
R-717,-10,45,3.324522037,27.17219064,8.173262303,2.311272037,26.15894064
R-717,-10,50,3.324522037,31.57638235,9.498021671,2.311272037,30.56313235
R-717,-10,55,3.324522037,36.48320576,10.9739702,2.311272037,35.46995576
R-717,-10,60,3.324522037,41.91855163,12.60889571,2.311272037,40.90530163
R-717,-10,65,3.324522037,47.90598077,14.40988516,2.311272037,46.89273077
R-717,-10,70,3.324522037,54.46645643,16.38324422,2.311272037,53.45320643
R-717,-5,20,4.183986734,11.66748849,2.788605518,3.170736734,10.65423849
R-717,-5,25,4.183986734,14.00250135,3.346688755,3.170736734,12.98925135
R-717,-5,30,4.183986734,16.68894956,3.988767321,3.170736734,15.67569956
R-717,-5,35,4.183986734,19.75855753,4.72242356,3.170736734,18.74530753
R-717,-5,40,4.183986734,23.24274602,5.555167237,3.170736734,22.22949602
R-717,-5,45,4.183986734,27.17219064,6.494330017,3.170736734,26.15894064
R-717,-5,50,4.183986734,31.57638235,7.546960436,3.170736734,30.56313235
R-717,-5,55,4.183986734,36.48320576,8.719723097,3.170736734,35.46995576
R-717,-5,60,4.183986734,41.91855163,10.01880606,3.170736734,40.90530163
R-717,-5,65,4.183986734,47.90598077,11.4498405,3.170736734,46.89273077
R-717,-5,70,4.183986734,54.46645643,13.01783679,3.170736734,53.45320643
R-717,0,20,5.219935907,11.66748849,2.235178497,4.206685907,10.65423849
R-717,0,25,5.219935907,14.00250135,2.682504461,4.206685907,12.98925135
R-717,0,30,5.219935907,16.68894956,3.197156029,4.206685907,15.67569956
R-717,0,35,5.219935907,19.75855753,3.785210754,4.206685907,18.74530753
R-717,0,40,5.219935907,23.24274602,4.45268801,4.206685907,22.22949602
R-717,0,45,5.219935907,27.17219064,5.20546442,4.206685907,26.15894064
R-717,0,50,5.219935907,31.57638235,6.049189667,4.206685907,30.56313235
R-717,0,55,5.219935907,36.48320576,6.989205695,4.206685907,35.46995576
R-717,0,60,5.219935907,41.91855163,8.030472478,4.206685907,40.90530163
R-717,0,65,5.219935907,47.90598077,9.177503637,4.206685907,46.89273077
R-717,0,70,5.219935907,54.46645643,10.43431517,4.206685907,53.45320643
R-717,5,20,6.458093144,11.66748849,1.806646054,5.444843144,10.65423849
R-717,5,25,6.458093144,14.00250135,2.168209879,5.444843144,12.98925135
R-717,5,30,6.458093144,16.68894956,2.584191523,5.444843144,15.67569956
R-717,5,35,6.458093144,19.75855753,3.059503338,5.444843144,18.74530753
R-717,5,40,6.458093144,23.24274602,3.599010653,5.444843144,22.22949602
R-717,5,45,6.458093144,27.17219064,4.207463415,5.444843144,26.15894064
R-717,5,50,6.458093144,31.57638235,4.88942814,5.444843144,30.56313235
R-717,5,55,6.458093144,36.48320576,5.649222603,5.444843144,35.46995576
R-717,5,60,6.458093144,41.91855163,6.490855845,5.444843144,40.90530163
R-717,5,65,6.458093144,47.90598077,7.417976127,5.444843144,46.89273077
R-717,5,70,6.458093144,54.46645643,8.433829493,5.444843144,53.45320643
R-717,10,20,7.925903546,11.66748849,1.472070462,6.912653546,10.65423849
R-717,10,25,7.925903546,14.00250135,1.76667572,6.912653546,12.98925135
R-717,10,30,7.925903546,16.68894956,2.105621077,6.912653546,15.67569956
R-717,10,35,7.925903546,19.75855753,2.492909157,6.912653546,18.74530753
R-717,10,40,7.925903546,23.24274602,2.932504274,6.912653546,22.22949602
R-717,10,45,7.925903546,27.17219064,3.428276723,6.912653546,26.15894064
R-717,10,50,7.925903546,31.57638235,3.98394734,6.912653546,30.56313235
R-717,10,55,7.925903546,36.48320576,4.603034285,6.912653546,35.46995576
R-717,10,60,7.925903546,41.91855163,5.288804159,6.912653546,40.90530163
R-717,10,65,7.925903546,47.90598077,6.044229594,6.912653546,46.89273077
R-717,10,70,7.925903546,54.46645643,6.871955496,6.912653546,53.45320643
R-744,-50,20,4.412318507,37.06695465,8.400788518,3.399068507,36.05370465
R-744,-50,25,4.412318507,40.95808812,9.282668072,3.399068507,39.94483812
R-744,-50,30,4.412318507,45.04885367,10.20979188,3.399068507,44.03560367
R-744,-50,35,4.412318507,73.8,16.72590043,3.399068507,72.78675
R-744,-50,40,4.412318507,73.8,16.72590043,3.399068507,72.78675
R-744,-50,45,4.412318507,73.8,16.72590043,3.399068507,72.78675
R-744,-50,50,4.412318507,73.8,16.72590043,3.399068507,72.78675
R-744,-50,55,4.412318507,73.8,16.72590043,3.399068507,72.78675
R-744,-50,60,4.412318507,73.8,16.72590043,3.399068507,72.78675
R-744,-50,65,4.412318507,73.8,16.72590043,3.399068507,72.78675
R-744,-50,70,4.412318507,73.8,16.72590043,3.399068507,72.78675
R-744,-45,20,5.44492399,37.06695465,6.807616546,4.43167399,36.05370465
R-744,-45,25,5.44492399,40.95808812,7.522251587,4.43167399,39.94483812
R-744,-45,30,5.44492399,45.04885367,8.273550514,4.43167399,44.03560367
R-744,-45,35,5.44492399,73.8,13.55390822,4.43167399,72.78675
R-744,-45,40,5.44492399,73.8,13.55390822,4.43167399,72.78675
R-744,-45,45,5.44492399,73.8,13.55390822,4.43167399,72.78675
R-744,-45,50,5.44492399,73.8,13.55390822,4.43167399,72.78675
R-744,-45,55,5.44492399,73.8,13.55390822,4.43167399,72.78675
R-744,-45,60,5.44492399,73.8,13.55390822,4.43167399,72.78675
R-744,-45,65,5.44492399,73.8,13.55390822,4.43167399,72.78675
R-744,-45,70,5.44492399,73.8,13.55390822,4.43167399,72.78675
R-744,-40,20,6.64725576,37.06695465,5.576279293,5.63400576,36.05370465
R-744,-40,25,6.64725576,40.95808812,6.161653712,5.63400576,39.94483812
R-744,-40,30,6.64725576,45.04885367,6.777060384,5.63400576,44.03560367
R-744,-40,35,6.64725576,73.8,11.10232593,5.63400576,72.78675
R-744,-40,40,6.64725576,73.8,11.10232593,5.63400576,72.78675
R-744,-40,45,6.64725576,73.8,11.10232593,5.63400576,72.78675
R-744,-40,50,6.64725576,73.8,11.10232593,5.63400576,72.78675
R-744,-40,55,6.64725576,73.8,11.10232593,5.63400576,72.78675
R-744,-40,60,6.64725576,73.8,11.10232593,5.63400576,72.78675
R-744,-40,65,6.64725576,73.8,11.10232593,5.63400576,72.78675
R-744,-40,70,6.64725576,73.8,11.10232593,5.63400576,72.78675
R-744,-35,20,8.032147316,37.06695465,4.614825051,7.018897316,36.05370465
R-744,-35,25,8.032147316,40.95808812,5.099270035,7.018897316,39.94483812
R-744,-35,30,8.032147316,45.04885367,5.608569153,7.018897316,44.03560367
R-744,-35,35,8.032147316,73.8,9.188078492,7.018897316,72.78675
R-744,-35,40,8.032147316,73.8,9.188078492,7.018897316,72.78675
R-744,-35,45,8.032147316,73.8,9.188078492,7.018897316,72.78675
R-744,-35,50,8.032147316,73.8,9.188078492,7.018897316,72.78675
R-744,-35,55,8.032147316,73.8,9.188078492,7.018897316,72.78675
R-744,-35,60,8.032147316,73.8,9.188078492,7.018897316,72.78675
R-744,-35,65,8.032147316,73.8,9.188078492,7.018897316,72.78675
R-744,-35,70,8.032147316,73.8,9.188078492,7.018897316,72.78675
R-744,-30,20,9.610877022,37.06695465,3.856771298,8.597627022,36.05370465
R-744,-30,25,9.610877022,40.95808812,4.261638977,8.597627022,39.94483812
R-744,-30,30,9.610877022,45.04885367,4.68727813,8.597627022,44.03560367
R-744,-30,35,9.610877022,73.8,7.678799742,8.597627022,72.78675
R-744,-30,40,9.610877022,73.8,7.678799742,8.597627022,72.78675
R-744,-30,45,9.610877022,73.8,7.678799742,8.597627022,72.78675
R-744,-30,50,9.610877022,73.8,7.678799742,8.597627022,72.78675
R-744,-30,55,9.610877022,73.8,7.678799742,8.597627022,72.78675
R-744,-30,60,9.610877022,73.8,7.678799742,8.597627022,72.78675
R-744,-30,65,9.610877022,73.8,7.678799742,8.597627022,72.78675
R-744,-30,70,9.610877022,73.8,7.678799742,8.597627022,72.78675
R-744,-25,20,11.39283697,37.06695465,3.253531561,10.37958697,36.05370465
R-744,-25,25,11.39283697,40.95808812,3.595073662,10.37958697,39.94483812
R-744,-25,30,11.39283697,45.04885367,3.954138359,10.37958697,44.03560367
R-744,-25,35,11.39283697,73.8,6.477754417,10.37958697,72.78675
R-744,-25,40,11.39283697,73.8,6.477754417,10.37958697,72.78675
R-744,-25,45,11.39283697,73.8,6.477754417,10.37958697,72.78675
R-744,-25,50,11.39283697,73.8,6.477754417,10.37958697,72.78675
R-744,-25,55,11.39283697,73.8,6.477754417,10.37958697,72.78675
R-744,-25,60,11.39283697,73.8,6.477754417,10.37958697,72.78675
R-744,-25,65,11.39283697,73.8,6.477754417,10.37958697,72.78675
R-744,-25,70,11.39283697,73.8,6.477754417,10.37958697,72.78675
R-744,-20,20,13.38527857,37.06695465,2.769232963,12.37202857,36.05370465
R-744,-20,25,13.38527857,40.95808812,3.059935428,12.37202857,39.94483812
R-744,-20,30,13.38527857,45.04885367,3.365552194,12.37202857,44.03560367
R-744,-20,35,13.38527857,73.8,5.513519916,12.37202857,72.78675
R-744,-20,40,13.38527857,73.8,5.513519916,12.37202857,72.78675
R-744,-20,45,13.38527857,73.8,5.513519916,12.37202857,72.78675
R-744,-20,50,13.38527857,73.8,5.513519916,12.37202857,72.78675
R-744,-20,55,13.38527857,73.8,5.513519916,12.37202857,72.78675
R-744,-20,60,13.38527857,73.8,5.513519916,12.37202857,72.78675
R-744,-20,65,13.38527857,73.8,5.513519916,12.37202857,72.78675
R-744,-20,70,13.38527857,73.8,5.513519916,12.37202857,72.78675
R-744,-15,20,15.59315859,37.06695465,2.37712933,14.57990859,36.05370465
R-744,-15,25,15.59315859,40.95808812,2.6266704,14.57990859,39.94483812
R-744,-15,30,15.59315859,45.04885367,2.889014012,14.57990859,44.03560367
R-744,-15,35,15.59315859,73.8,4.732844828,14.57990859,72.78675
R-744,-15,40,15.59315859,73.8,4.732844828,14.57990859,72.78675
R-744,-15,45,15.59315859,73.8,4.732844828,14.57990859,72.78675
R-744,-15,50,15.59315859,73.8,4.732844828,14.57990859,72.78675
R-744,-15,55,15.59315859,73.8,4.732844828,14.57990859,72.78675
R-744,-15,60,15.59315859,73.8,4.732844828,14.57990859,72.78675
R-744,-15,65,15.59315859,73.8,4.732844828,14.57990859,72.78675
R-744,-15,70,15.59315859,73.8,4.732844828,14.57990859,72.78675
R-744,-10,20,18.01910661,37.06695465,2.0570917,17.00585661,36.05370465
R-744,-10,25,18.01910661,40.95808812,2.273036561,17.00585661,39.94483812
R-744,-10,30,18.01910661,45.04885367,2.500060333,17.00585661,44.03560367
R-744,-10,35,18.01910661,73.8,4.095652553,17.00585661,72.78675
R-744,-10,40,18.01910661,73.8,4.095652553,17.00585661,72.78675
R-744,-10,45,18.01910661,73.8,4.095652553,17.00585661,72.78675
R-744,-10,50,18.01910661,73.8,4.095652553,17.00585661,72.78675
R-744,-10,55,18.01910661,73.8,4.095652553,17.00585661,72.78675
R-744,-10,60,18.01910661,73.8,4.095652553,17.00585661,72.78675
R-744,-10,65,18.01910661,73.8,4.095652553,17.00585661,72.78675
R-744,-10,70,18.01910661,73.8,4.095652553,17.00585661,72.78675
R-744,-5,20,20.66353102,37.06695465,1.793834491,19.65028102,36.05370465
R-744,-5,25,20.66353102,40.95808812,1.982143714,19.65028102,39.94483812
R-744,-5,30,20.66353102,45.04885367,2.18011402,19.65028102,44.03560367
R-744,-5,35,20.66353102,73.8,3.571509628,19.65028102,72.78675
R-744,-5,40,20.66353102,73.8,3.571509628,19.65028102,72.78675
R-744,-5,45,20.66353102,73.8,3.571509628,19.65028102,72.78675
R-744,-5,50,20.66353102,73.8,3.571509628,19.65028102,72.78675
R-744,-5,55,20.66353102,73.8,3.571509628,19.65028102,72.78675
R-744,-5,60,20.66353102,73.8,3.571509628,19.65028102,72.78675
R-744,-5,65,20.66353102,73.8,3.571509628,19.65028102,72.78675
R-744,-5,70,20.66353102,73.8,3.571509628,19.65028102,72.78675
R-744,0,20,23.52487554,37.06695465,1.575649341,22.51162554,36.05370465
R-744,0,25,23.52487554,40.95808812,1.741054403,22.51162554,39.94483812
R-744,0,30,23.52487554,45.04885367,1.914945463,22.51162554,44.03560367
R-744,0,35,23.52487554,73.8,3.137104801,22.51162554,72.78675
R-744,0,40,23.52487554,73.8,3.137104801,22.51162554,72.78675
R-744,0,45,23.52487554,73.8,3.137104801,22.51162554,72.78675
R-744,0,50,23.52487554,73.8,3.137104801,22.51162554,72.78675
R-744,0,55,23.52487554,73.8,3.137104801,22.51162554,72.78675
R-744,0,60,23.52487554,73.8,3.137104801,22.51162554,72.78675
R-744,0,65,23.52487554,73.8,3.137104801,22.51162554,72.78675
R-744,0,70,23.52487554,73.8,3.137104801,22.51162554,72.78675
R-744,5,20,26.60003197,37.06695465,1.393492861,25.58678197,36.05370465
R-744,5,25,26.60003197,40.95808812,1.539775898,25.58678197,39.94483812
R-744,5,30,26.60003197,45.04885367,1.693563892,25.58678197,44.03560367
R-744,5,35,26.60003197,73.8,2.774432755,25.58678197,72.78675
R-744,5,40,26.60003197,73.8,2.774432755,25.58678197,72.78675
R-744,5,45,26.60003197,73.8,2.774432755,25.58678197,72.78675
R-744,5,50,26.60003197,73.8,2.774432755,25.58678197,72.78675
R-744,5,55,26.60003197,73.8,2.774432755,25.58678197,72.78675
R-744,5,60,26.60003197,73.8,2.774432755,25.58678197,72.78675
R-744,5,65,26.60003197,73.8,2.774432755,25.58678197,72.78675
R-744,5,70,26.60003197,73.8,2.774432755,25.58678197,72.78675
R-744,10,20,29.88490833,37.06695465,1.240323518,28.87165833,36.05370465
R-744,10,25,29.88490833,40.95808812,1.370527481,28.87165833,39.94483812
R-744,10,30,29.88490833,45.04885367,1.507411472,28.87165833,44.03560367
R-744,10,35,29.88490833,73.8,2.469473862,28.87165833,72.78675
R-744,10,40,29.88490833,73.8,2.469473862,28.87165833,72.78675
R-744,10,45,29.88490833,73.8,2.469473862,28.87165833,72.78675
R-744,10,50,29.88490833,73.8,2.469473862,28.87165833,72.78675
R-744,10,55,29.88490833,73.8,2.469473862,28.87165833,72.78675
R-744,10,60,29.88490833,73.8,2.469473862,28.87165833,72.78675
R-744,10,65,29.88490833,73.8,2.469473862,28.87165833,72.78675
R-744,10,70,29.88490833,73.8,2.469473862,28.87165833,72.78675
R-123,-50,20,0.02629983526,0.8090032612,30.76077296,0,0
R-123,-50,25,0.02629983526,0.9802933504,37.27374491,0,0
R-123,-50,30,0.02629983526,1.180151672,44.87296823,0,0.1669016718
R-123,-50,35,0.02629983526,1.411868691,53.68355648,0,0.3986186912
R-123,-50,40,0.02629983526,1.678875771,63.83598053,0,0.6656257714
R-123,-50,45,0.02629983526,1.984716951,75.46499555,0,0.9714669506
R-123,-50,50,0.02629983526,2.333016496,88.70840723,0,1.319766496
R-123,-50,55,0.02629983526,2.727442678,103.7056944,0,1.714192678
R-123,-50,60,0.02629983526,3.171668356,120.5965104,0,2.158418356
R-123,-50,65,0.02629983526,3.669329096,139.5190905,0,2.656079096
R-123,-50,70,0.02629983526,4.223979682,160.6085985,0,3.210729682
R-123,-45,20,0.03586261492,0.8090032612,22.55840136,0,0
R-123,-45,25,0.03586261492,0.9802933504,27.3346869,0,0
R-123,-45,30,0.03586261492,1.180151672,32.90757449,0,0.1669016718
R-123,-45,35,0.03586261492,1.411868691,39.36881609,0,0.3986186912
R-123,-45,40,0.03586261492,1.678875771,46.81409248,0,0.6656257714
R-123,-45,45,0.03586261492,1.984716951,55.3422263,0,0.9714669506
R-123,-45,50,0.03586261492,2.333016496,65.0542773,0,1.319766496
R-123,-45,55,0.03586261492,2.727442678,76.05253225,0,1.714192678
R-123,-45,60,0.03586261492,3.171668356,88.43940585,0,2.158418356
R-123,-45,65,0.03586261492,3.669329096,102.3162729,0,2.656079096
R-123,-45,70,0.03586261492,4.223979682,117.7822557,0,3.210729682
R-123,-40,20,0.04825629295,0.8090032612,16.76472045,0,0
R-123,-40,25,0.04825629295,0.9802933504,20.31431116,0,0
R-123,-40,30,0.04825629295,1.180151672,24.45591237,0,0.1669016718
R-123,-40,35,0.04825629295,1.411868691,29.25771137,0,0.3986186912
R-123,-40,40,0.04825629295,1.678875771,34.79081522,0,0.6656257714
R-123,-40,45,0.04825629295,1.984716951,41.1286659,0,0.9714669506
R-123,-40,50,0.04825629295,2.333016496,48.34636797,0,1.319766496
R-123,-40,55,0.04825629295,2.727442678,56.51993784,0,1.714192678
R-123,-40,60,0.04825629295,3.171668356,65.72548701,0,2.158418356
R-123,-40,65,0.04825629295,3.669329096,76.0383542,0,2.656079096
R-123,-40,70,0.04825629295,4.223979682,87.53220406,0,3.210729682
R-123,-35,20,0.0641287686,0.8090032612,12.61529387,0,0
R-123,-35,25,0.0641287686,0.9802933504,15.28632737,0,0
R-123,-35,30,0.0641287686,1.180151672,18.40284318,0,0.1669016718
R-123,-35,35,0.0641287686,1.411868691,22.0161516,0,0.3986186912
R-123,-35,40,0.0641287686,1.678875771,26.17976001,0,0.6656257714
R-123,-35,45,0.0641287686,1.984716951,30.94893281,0,0.9714669506
R-123,-35,50,0.0641287686,2.333016496,36.38018548,0,1.319766496
R-123,-35,55,0.0641287686,2.727442678,42.53071964,0,1.714192678
R-123,-35,60,0.0641287686,3.171668356,49.45780849,0,2.158418356
R-123,-35,65,0.0641287686,3.669329096,57.21814369,0,2.656079096
R-123,-35,70,0.0641287686,4.223979682,65.8671572,0,3.210729682
R-123,-30,20,0.08423114787,0.8090032612,9.604561753,0,0
R-123,-30,25,0.08423114787,0.9802933504,11.63813358,0,0
R-123,-30,30,0.08423114787,1.180151672,14.01087011,0,0.1669016718
R-123,-30,35,0.08423114787,1.411868691,16.76183605,0,0.3986186912
R-123,-30,40,0.08423114787,1.678875771,19.93176888,0,0.6656257714
R-123,-30,45,0.08423114787,1.984716951,23.56274372,0,0.9714669506
R-123,-30,50,0.08423114787,2.333016496,27.69778823,0,1.319766496
R-123,-30,55,0.08423114787,2.727442678,32.38045245,0,1.714192678
R-123,-30,60,0.08423114787,3.171668356,37.6543409,0,2.158418356
R-123,-30,65,0.08423114787,3.669329096,43.56261536,0,2.656079096
R-123,-30,70,0.08423114787,4.223979682,50.14747856,0,3.210729682
R-123,-25,20,0.1094259766,0.8090032612,7.393155505,0,0
R-123,-25,25,0.1094259766,0.9802933504,8.958506754,0,0
R-123,-25,30,0.1094259766,1.180151672,10.78493159,0,0.1669016718
R-123,-25,35,0.1094259766,1.411868691,12.90250026,0,0.3986186912
R-123,-25,40,0.1094259766,1.678875771,15.3425706,0,0.6656257714
R-123,-25,45,0.1094259766,1.984716951,18.13753016,0,0.9714669506
R-123,-25,50,0.1094259766,2.333016496,21.32049965,0,1.319766496
R-123,-25,55,0.1094259766,2.727442678,24.92500193,0,1.714192678
R-123,-25,60,0.1094259766,3.171668356,28.98460178,0,2.158418356
R-123,-25,65,0.1094259766,3.669329096,33.53252318,0,2.656079096
R-123,-25,70,0.1094259766,4.223979682,38.60125186,0,3.210729682
R-123,-20,20,0.1406950443,0.8090032612,5.750048021,0,0
R-123,-20,25,0.1406950443,0.9802933504,6.967504471,0,0
R-123,-20,30,0.1406950443,1.180151672,8.388011657,0,0.1669016718
R-123,-20,35,0.1406950443,1.411868691,10.0349568,0,0.3986186912
R-123,-20,40,0.1406950443,1.678875771,11.93272854,0,0.6656257714
R-123,-20,45,0.1406950443,1.984716951,14.1065164,0,0.9714669506
R-123,-20,50,0.1406950443,2.333016496,16.58208011,0,1.319766496
R-123,-20,55,0.1406950443,2.727442678,19.38549216,0,1.714192678
R-123,-20,60,0.1406950443,3.171668356,22.54285765,0,2.158418356
R-123,-20,65,0.1406950443,3.669329096,26.08001663,0,2.656079096
R-123,-20,70,0.1406950443,4.223979682,30.02223499,0,3.210729682
R-123,-15,20,0.1791466469,0.8090032612,4.515871635,0,0
R-123,-15,25,0.1791466469,0.9802933504,5.47201618,0,0
R-123,-15,30,0.1791466469,1.180151672,6.587629142,0,0.1669016718
R-123,-15,35,0.1791466469,1.411868691,7.881077964,0,0.3986186912
R-123,-15,40,0.1791466469,1.678875771,9.371516578,0,0.6656257714
R-123,-15,45,0.1791466469,1.984716951,11.07872787,0,0.9714669506
R-123,-15,50,0.1791466469,2.333016496,13.02294258,0,1.319766496
R-123,-15,55,0.1791466469,2.727442678,15.22463705,0,1.714192678
R-123,-15,60,0.1791466469,3.171668356,17.70431326,0,2.158418356
R-123,-15,65,0.1791466469,3.669329096,20.482265,0,2.656079096
R-123,-15,70,0.1791466469,4.223979682,23.57833515,0,3.210729682
R-123,-10,20,0.2260222073,0.8090032612,3.579308736,0,0
R-123,-10,25,0.2260222073,0.9802933504,4.337155017,0,0
R-123,-10,30,0.2260222073,1.180151672,5.221396985,0,0.1669016718
R-123,-10,35,0.2260222073,1.411868691,6.246592792,0,0.3986186912
R-123,-10,40,0.2260222073,1.678875771,7.427923969,0,0.6656257714
R-123,-10,45,0.2260222073,1.984716951,8.78107056,0,0.9714669506
R-123,-10,50,0.2260222073,2.333016496,10.32206757,0,1.319766496
R-123,-10,55,0.2260222073,2.727442678,12.06714469,0,1.714192678
R-123,-10,60,0.2260222073,3.171668356,14.0325519,0,2.158418356
R-123,-10,65,0.2260222073,3.669329096,16.23437422,0,2.656079096
R-123,-10,70,0.2260222073,4.223979682,18.68833922,0,3.210729682
R-123,-5,20,0.2827021676,0.8090032612,2.861680432,0,0
R-123,-5,25,0.2827021676,0.9802933504,3.467583424,0,0
R-123,-5,30,0.2827021676,1.180151672,4.174540584,0,0.1669016718
R-123,-5,35,0.2827021676,1.411868691,4.994191248,0,0.3986186912
R-123,-5,40,0.2827021676,1.678875771,5.938673148,0,0.6656257714
R-123,-5,45,0.2827021676,1.984716951,7.020522579,0,0.9714669506
R-123,-5,50,0.2827021676,2.333016496,8.252559631,0,1.319766496
R-123,-5,55,0.2827021676,2.727442678,9.647760048,0,1.714192678
R-123,-5,60,0.2827021676,3.171668356,11.2191158,0,2.158418356
R-123,-5,65,0.2827021676,3.669329096,12.97948695,0,2.656079096
R-123,-5,70,0.2827021676,4.223979682,14.94144781,0,3.210729682
R-123,0,20,0.3507110786,0.8090032612,2.306751371,0,0
R-123,0,25,0.3507110786,0.9802933504,2.79515935,0,0
R-123,0,30,0.3507110786,1.180151672,3.365025355,0,0.1669016718
R-123,0,35,0.3507110786,1.411868691,4.025731656,0,0.3986186912
R-123,0,40,0.3507110786,1.678875771,4.787062268,0,0.6656257714
R-123,0,45,0.3507110786,1.984716951,5.659122485,0,0.9714669506
R-123,0,50,0.3507110786,2.333016496,6.65224636,0,1.319766496
R-123,0,55,0.3507110786,2.727442678,7.776893416,0,1.714192678
R-123,0,60,0.3507110786,3.171668356,9.04353626,0,2.158418356
R-123,0,65,0.3507110786,3.669329096,10.46254116,0,2.656079096
R-123,0,70,0.3507110786,4.223979682,12.04404406,0,3.210729682
R-123,5,20,0.4362159397,0.8090032612,1.854593534,0,0
R-123,5,25,0.4362159397,0.9802933504,2.24726623,0,0
R-123,5,30,0.4362159397,1.180151672,2.705429959,0,0.1669016718
R-123,5,35,0.4362159397,1.411868691,3.236627924,0,0.3986186912
R-123,5,40,0.4362159397,1.678875771,3.848726327,0,0.6656257714
R-123,5,45,0.4362159397,1.984716951,4.549849673,0,0.9714669506
R-123,5,50,0.4362159397,2.333016496,5.348306386,0,1.319766496
R-123,5,55,0.4362159397,2.727442678,6.252505766,0,1.714192678
R-123,5,60,0.4362159397,3.171668356,7.270867631,0,2.158418356
R-123,5,65,0.4362159397,3.669329096,8.411726309,0,2.656079096
R-123,5,70,0.4362159397,4.223979682,9.683230937,0,3.210729682
R-123,10,20,0.5398078829,0.8090032612,1.498687379,0,0
R-123,10,25,0.5398078829,0.9802933504,1.81600414,0,0
R-123,10,30,0.5398078829,1.180151672,2.186243864,0,0.1669016718
R-123,10,35,0.5398078829,1.411868691,2.615502174,0,0.3986186912
R-123,10,40,0.5398078829,1.678875771,3.110135707,0,0.6656257714
R-123,10,45,0.5398078829,1.984716951,3.676709832,0,0.9714669506
R-123,10,50,0.5398078829,2.333016496,4.321938545,0,1.319766496
R-123,10,55,0.5398078829,2.727442678,5.052617356,0,1.714192678
R-123,10,60,0.5398078829,3.171668356,5.875550277,0,2.158418356
R-123,10,65,0.5398078829,3.669329096,6.797472235,0,2.656079096
R-123,10,70,0.5398078829,4.223979682,7.824968504,0,3.210729682
R-124,-50,20,0.1695051503,3.616382263,21.33494031,0,2.603132263
R-124,-50,25,0.1695051503,4.252708443,25.088963,0,3.239458443
R-124,-50,30,0.1695051503,4.969048881,29.31503186,0,3.955798881
R-124,-50,35,0.1695051503,5.770269229,34.04185194,0,4.757019229
R-124,-50,40,0.1695051503,6.660843914,39.29582023,0,5.647593914
R-124,-50,45,0.1695051503,7.644779907,45.10057597,0,6.631529907
R-124,-50,50,0.1695051503,8.725551183,51.47661395,0,7.712301183
R-124,-50,55,0.1695051503,9.906047073,58.44097986,0,8.892797073
R-124,-50,60,0.1695051503,11.18853758,66.00706564,0,10.17528758
R-124,-50,65,0.1695051503,12.57465846,74.18452145,0,11.56140846
R-124,-50,70,0.1695051503,14.06541845,82.97929844,0,13.05216845
R-124,-45,20,0.2218897402,3.616382263,16.2981049,0,2.603132263
R-124,-45,25,0.2218897402,4.252708443,19.16586336,0,3.239458443
R-124,-45,30,0.2218897402,4.969048881,22.39422551,0,3.955798881
R-124,-45,35,0.2218897402,5.770269229,26.00511958,0,4.757019229
R-124,-45,40,0.2218897402,6.660843914,30.01871067,0,5.647593914
R-124,-45,45,0.2218897402,7.644779907,34.45305717,0,6.631529907
R-124,-45,50,0.2218897402,8.725551183,39.32381539,0,7.712301183
R-124,-45,55,0.2218897402,9.906047073,44.6440068,0,8.892797073
R-124,-45,60,0.2218897402,11.18853758,50.42386173,0,10.17528758
R-124,-45,65,0.2218897402,12.57465846,56.67075207,0,11.56140846
R-124,-45,70,0.2218897402,14.06541845,63.38922402,0,13.05216845
R-124,-40,20,0.2871278213,3.616382263,12.59502561,0,2.603132263
R-124,-40,25,0.2871278213,4.252708443,14.81120298,0,3.239458443
R-124,-40,30,0.2871278213,4.969048881,17.30605156,0,3.955798881
R-124,-40,35,0.2871278213,5.770269229,20.0965173,0,4.757019229
R-124,-40,40,0.2871278213,6.660843914,23.19818359,0,5.647593914
R-124,-40,45,0.2871278213,7.644779907,26.6250058,0,6.631529907
R-124,-40,50,0.2871278213,8.725551183,30.38908296,0,7.712301183
R-124,-40,55,0.2871278213,9.906047073,34.50047797,0,8.892797073
R-124,-40,60,0.2871278213,11.18853758,38.96709671,0,10.17528758
R-124,-40,65,0.2871278213,12.57465846,43.79463613,0,11.56140846
R-124,-40,70,0.2871278213,14.06541845,48.98660947,0,13.05216845
R-124,-35,20,0.3685765831,3.616382263,9.811752642,0,2.603132263
R-124,-35,25,0.3685765831,4.252708443,11.53819488,0,3.239458443
R-124,-35,30,0.3685765831,4.969048881,13.48172702,0,3.955798881
R-124,-35,35,0.3685765831,5.770269229,15.65555028,0,4.757019229
R-124,-35,40,0.3685765831,6.660843914,18.07180439,0,5.647593914
R-124,-35,45,0.3685765831,7.644779907,20.74136084,0,6.631529907
R-124,-35,50,0.3685765831,8.725551183,23.673645,0,7.712301183
R-124,-35,55,0.3685765831,9.906047073,26.87649603,0,8.892797073
R-124,-35,60,0.3685765831,11.18853758,30.35607278,0,10.17528758
R-124,-35,65,0.3685765831,12.57465846,34.11681326,0,11.56140846
R-124,-35,70,0.3685765831,14.06541845,38.16145435,0,13.05216845
R-124,-30,20,0.4739612876,3.616382263,7.630121612,0,2.603132263
R-124,-30,25,0.4739612876,4.252708443,8.972691556,0,3.239458443
R-124,-30,30,0.4739612876,4.969048881,10.48408174,0,3.955798881
R-124,-30,35,0.4739612876,5.770269229,12.17455809,0,4.757019229
R-124,-30,40,0.4739612876,6.660843914,14.0535611,0,5.647593914
R-124,-30,45,0.4739612876,7.644779907,16.12954498,0,6.631529907
R-124,-30,50,0.4739612876,8.725551183,18.40983939,0,7.712301183
R-124,-30,55,0.4739612876,9.906047073,20.90054047,0,8.892797073
R-124,-30,60,0.4739612876,11.18853758,23.60643765,0,10.17528758
R-124,-30,65,0.4739612876,12.57465846,26.53098214,0,11.56140846
R-124,-30,70,0.4739612876,14.06541845,29.67630231,0,13.05216845
R-124,-25,20,0.6034599018,3.616382263,5.992746581,0,2.603132263
R-124,-25,25,0.6034599018,4.252708443,7.047209649,0,3.239458443
R-124,-25,30,0.6034599018,4.969048881,8.23426522,0,3.955798881
R-124,-25,35,0.6034599018,5.770269229,9.561976218,0,4.757019229
R-124,-25,40,0.6034599018,6.660843914,11.03775726,0,5.647593914
R-124,-25,45,0.6034599018,7.644779907,12.66824835,0,6.631529907
R-124,-25,50,0.6034599018,8.725551183,14.45920625,0,7.712301183
R-124,-25,55,0.6034599018,9.906047073,16.41541889,0,8.892797073
R-124,-25,60,0.6034599018,11.18853758,18.54064793,0,10.17528758
R-124,-25,65,0.6034599018,12.57465846,20.83760399,0,11.56140846
R-124,-25,70,0.6034599018,14.06541845,23.30795867,0,13.05216845
R-124,-20,20,0.7610892361,3.616382263,4.751587714,0,2.603132263
R-124,-20,25,0.7610892361,4.252708443,5.587660738,0,3.239458443
R-124,-20,30,0.7610892361,4.969048881,6.528865007,0,3.955798881
R-124,-20,35,0.7610892361,5.770269229,7.581593531,0,4.757019229
R-124,-20,40,0.7610892361,6.660843914,8.751725287,0,5.647593914
R-124,-20,45,0.7610892361,7.644779907,10.04452506,0,6.631529907
R-124,-20,50,0.7610892361,8.725551183,11.46455733,0,7.712301183
R-124,-20,55,0.7610892361,9.906047073,13.01561841,0,8.892797073
R-124,-20,60,0.7610892361,11.18853758,14.70069087,0,10.17528758
R-124,-20,65,0.7610892361,12.57465846,16.52192392,0,11.56140846
R-124,-20,70,0.7610892361,14.06541845,18.48064298,0,13.05216845
R-124,-15,20,0.9512194033,3.616382263,3.801838199,0,2.603132263
R-124,-15,25,0.9512194033,4.252708443,4.470796567,0,3.239458443
R-124,-15,30,0.9512194033,4.969048881,5.223872498,0,3.955798881
R-124,-15,35,0.9512194033,5.770269229,6.066181166,0,4.757019229
R-124,-15,40,0.9512194033,6.660843914,7.002426454,0,5.647593914
R-124,-15,45,0.9512194033,7.644779907,8.036820822,0,6.631529907
R-124,-15,50,0.9512194033,8.725551183,9.173016396,0,7.712301183
R-124,-15,55,0.9512194033,9.906047073,10.41405068,0,8.892797073
R-124,-15,60,0.9512194033,11.18853758,11.76231009,0,10.17528758
R-124,-15,65,0.9512194033,12.57465846,13.21951425,0,11.56140846
R-124,-15,70,0.9512194033,14.06541845,14.78672365,0,13.05216845
R-124,-10,20,1.178547687,3.616382263,3.068507371,0.1652976867,2.603132263
R-124,-10,25,1.178547687,4.252708443,3.608431369,0.1652976867,3.239458443
R-124,-10,30,1.178547687,4.969048881,4.216247621,0.1652976867,3.955798881
R-124,-10,35,1.178547687,5.770269229,4.896084642,0.1652976867,4.757019229
R-124,-10,40,1.178547687,6.660843914,5.651738991,0.1652976867,5.647593914
R-124,-10,45,1.178547687,7.644779907,6.486610591,0.1652976867,6.631529907
R-124,-10,50,1.178547687,8.725551183,7.403647117,0.1652976867,7.712301183
R-124,-10,55,1.178547687,9.906047073,8.405300171,0.1652976867,8.892797073
R-124,-10,60,1.178547687,11.18853758,9.493495857,0.1652976867,10.17528758
R-124,-10,65,1.178547687,12.57465846,10.66962211,0.1652976867,11.56140846
R-124,-10,70,1.178547687,14.06541845,11.93453486,0.1652976867,13.05216845
R-124,-5,20,1.448061456,3.616382263,2.497395568,0.4348114563,2.603132263
R-124,-5,25,1.448061456,4.252708443,2.936828699,0.4348114563,3.239458443
R-124,-5,30,1.448061456,4.969048881,3.43151795,0.4348114563,3.955798881
R-124,-5,35,1.448061456,5.770269229,3.984823437,0.4348114563,4.757019229
R-124,-5,40,1.448061456,6.660843914,4.5998351,0.4348114563,5.647593914
R-124,-5,45,1.448061456,7.644779907,5.279320068,0.4348114563,6.631529907
R-124,-5,50,1.448061456,8.725551183,6.025677394,0.4348114563,7.712301183
R-124,-5,55,1.448061456,9.906047073,6.840902387,0.4348114563,8.892797073
R-124,-5,60,1.448061456,11.18853758,7.726562662,0.4348114563,10.17528758
R-124,-5,65,1.448061456,12.57465846,8.683787834,0.4348114563,11.56140846
R-124,-5,70,1.448061456,14.06541845,9.713274523,0.4348114563,13.05216845
R-124,0,20,1.764990156,3.616382263,2.04895322,0.7517401562,2.603132263
R-124,0,25,1.764990156,4.252708443,2.409479978,0.7517401562,3.239458443
R-124,0,30,1.764990156,4.969048881,2.815340847,0.7517401562,3.955798881
R-124,0,35,1.764990156,5.770269229,3.269292584,0.7517401562,4.757019229
R-124,0,40,1.764990156,6.660843914,3.773870291,0.7517401562,5.647593914
R-124,0,45,1.764990156,7.644779907,4.331344217,0.7517401562,6.631529907
R-124,0,50,1.764990156,8.725551183,4.943682633,0.7517401562,7.712301183
R-124,0,55,1.764990156,9.906047073,5.612522562,0.7517401562,8.892797073
R-124,0,60,1.764990156,11.18853758,6.339150132,0.7517401562,10.17528758
R-124,0,65,1.764990156,12.57465846,7.124492118,0.7517401562,11.56140846
R-124,0,70,1.764990156,14.06541845,7.969120055,0.7517401562,13.05216845
R-124,5,20,2.134746807,3.616382263,1.694056762,1.121496807,2.603132263
R-124,5,25,2.134746807,4.252708443,1.99213716,1.121496807,3.239458443
R-124,5,30,2.134746807,4.969048881,2.327699409,1.121496807,3.955798881
R-124,5,35,2.134746807,5.770269229,2.70302277,1.121496807,4.757019229
R-124,5,40,2.134746807,6.660843914,3.120203244,1.121496807,5.647593914
R-124,5,45,2.134746807,7.644779907,3.581117855,1.121496807,6.631529907
R-124,5,50,2.134746807,8.725551183,4.087393949,1.121496807,7.712301183
R-124,5,55,2.134746807,9.906047073,4.640385004,1.121496807,8.892797073
R-124,5,60,2.134746807,11.18853758,5.241154381,1.121496807,10.17528758
R-124,5,65,2.134746807,12.57465846,5.890468328,1.121496807,11.56140846
R-124,5,70,2.134746807,14.06541845,6.588799385,1.121496807,13.05216845
R-124,10,20,2.562859912,3.616382263,1.411072937,1.549609912,2.603132263
R-124,10,25,2.562859912,4.252708443,1.659360476,1.549609912,3.239458443
R-124,10,30,2.562859912,4.969048881,1.938868706,1.549609912,3.955798881
R-124,10,35,2.562859912,5.770269229,2.251496152,1.549609912,4.757019229
R-124,10,40,2.562859912,6.660843914,2.598988686,1.549609912,5.647593914
R-124,10,45,2.562859912,7.644779907,2.982909784,1.549609912,6.631529907
R-124,10,50,2.562859912,8.725551183,3.404614955,1.549609912,7.712301183
R-124,10,55,2.562859912,9.906047073,3.865231583,1.549609912,8.892797073
R-124,10,60,2.562859912,11.18853758,4.365645399,1.549609912,10.17528758
R-124,10,65,2.562859912,12.57465846,4.906494654,1.549609912,11.56140846
R-124,10,70,2.562859912,14.06541845,5.488172953,1.549609912,13.05216845
R-1233zd,-50,20,0.04073797497,1.15925121,28.4562797,0,0.1460012099
R-1233zd,-50,25,0.04073797497,1.395445247,34.25416329,0,0.3821952468
R-1233zd,-50,30,0.04073797497,1.668845536,40.96535326,0,0.6555955356
R-1233zd,-50,35,0.04073797497,1.983286628,48.68397679,0,0.9700366279
R-1233zd,-50,40,0.04073797497,2.342683441,57.50613385,0,1.329433441
R-1233zd,-50,45,0.04073797497,2.750988116,67.52883811,0,1.737738116
R-1233zd,-50,50,0.04073797497,3.212143288,78.84886989,0,2.198893288
R-1233zd,-50,55,0.04073797497,3.730032745,91.56156504,0,2.716782745
R-1233zd,-50,60,0.04073797497,4.308430617,105.7595676,0,3.295180617
R-1233zd,-50,65,0.04073797497,4.950950361,121.5315775,0,3.937700361
R-1233zd,-50,70,0.04073797497,5.660994941,138.9611277,0,4.647744941
R-1233zd,-45,20,0.05502035872,1.15925121,21.06949567,0,0.1460012099
R-1233zd,-45,25,0.05502035872,1.395445247,25.36234367,0,0.3821952468
R-1233zd,-45,30,0.05502035872,1.668845536,30.33141867,0,0.6555955356
R-1233zd,-45,35,0.05502035872,1.983286628,36.04641398,0,0.9700366279
R-1233zd,-45,40,0.05502035872,2.342683441,42.57848359,0,1.329433441
R-1233zd,-45,45,0.05502035872,2.750988116,49.99945802,0,1.737738116
R-1233zd,-45,50,0.05502035872,3.212143288,58.380995,0,2.198893288
R-1233zd,-45,55,0.05502035872,3.730032745,67.79368276,0,2.716782745
R-1233zd,-45,60,0.05502035872,4.308430617,78.30611643,0,3.295180617
R-1233zd,-45,65,0.05502035872,4.950950361,89.98397094,0,3.937700361
R-1233zd,-45,70,0.05502035872,5.660994941,102.8890955,0,4.647744941
R-1233zd,-40,20,0.07335827571,1.15925121,15.80259621,0,0.1460012099
R-1233zd,-40,25,0.07335827571,1.395445247,19.02232888,0,0.3821952468
R-1233zd,-40,30,0.07335827571,1.668845536,22.74924703,0,0.6555955356
R-1233zd,-40,35,0.07335827571,1.983286628,27.03562221,0,0.9700366279
R-1233zd,-40,40,0.07335827571,2.342683441,31.93482151,0,1.329433441
R-1233zd,-40,45,0.07335827571,2.750988116,37.50071944,0,1.737738116
R-1233zd,-40,50,0.07335827571,3.212143288,43.78706092,0,2.198893288
R-1233zd,-40,55,0.07335827571,3.730032745,50.8467887,0,2.716782745
R-1233zd,-40,60,0.07335827571,4.308430617,58.73135069,0,3.295180617
R-1233zd,-40,65,0.07335827571,4.950950361,67.49000454,0,3.937700361
R-1233zd,-40,70,0.07335827571,5.660994941,77.16913853,0,4.647744941
R-1233zd,-35,20,0.09663381803,1.15925121,11.99633041,0,0.1460012099
R-1233zd,-35,25,0.09663381803,1.395445247,14.44054758,0,0.3821952468
R-1233zd,-35,30,0.09663381803,1.668845536,17.26978784,0,0.6555955356
R-1233zd,-35,35,0.09663381803,1.983286628,20.52373246,0,0.9700366279
R-1233zd,-35,40,0.09663381803,2.342683441,24.24289435,0,1.329433441
R-1233zd,-35,45,0.09663381803,2.750988116,28.46817162,0,1.737738116
R-1233zd,-35,50,0.09663381803,3.212143288,33.24036402,0,2.198893288
R-1233zd,-35,55,0.09663381803,3.730032745,38.59966232,0,2.716782745
R-1233zd,-35,60,0.09663381803,4.308430617,44.58512252,0,3.295180617
R-1233zd,-35,65,0.09663381803,4.950950361,51.23413792,0,3.937700361
R-1233zd,-35,70,0.09663381803,5.660994941,58.58192356,0,4.647744941
R-1233zd,-30,20,0.1258598175,1.15925121,9.210653827,0,0.1460012099
R-1233zd,-30,25,0.1258598175,1.395445247,11.08729755,0,0.3821952468
R-1233zd,-30,30,0.1258598175,1.668845536,13.25955788,0,0.6555955356
R-1233zd,-30,35,0.1258598175,1.983286628,15.75790166,0,0.9700366279
R-1233zd,-30,40,0.1258598175,2.342683441,18.61343428,0,1.329433441
R-1233zd,-30,45,0.1258598175,2.750988116,21.85755685,0,1.737738116
R-1233zd,-30,50,0.1258598175,3.212143288,25.52159499,0,2.198893288
R-1233zd,-30,55,0.1258598175,3.730032745,29.63640674,0,2.716782745
R-1233zd,-30,60,0.1258598175,4.308430617,34.23197889,0,3.295180617
R-1233zd,-30,65,0.1258598175,4.950950361,39.33702161,0,3.937700361
R-1233zd,-30,70,0.1258598175,5.660994941,44.97857261,0,4.647744941
R-1233zd,-25,20,0.1621886715,1.15925121,7.147547354,0,0.1460012099
R-1233zd,-25,25,0.1621886715,1.395445247,8.603839182,0,0.3821952468
R-1233zd,-25,30,0.1621886715,1.668845536,10.28953206,0,0.6555955356
R-1233zd,-25,35,0.1621886715,1.983286628,12.22826853,0,0.9700366279
R-1233zd,-25,40,0.1621886715,2.342683441,14.44418663,0,1.329433441
R-1233zd,-25,45,0.1621886715,2.750988116,16.96165392,0,1.737738116
R-1233zd,-25,50,0.1621886715,3.212143288,19.80497934,0,2.198893288
R-1233zd,-25,55,0.1621886715,3.730032745,22.99810899,0,2.716782745
R-1233zd,-25,60,0.1621886715,4.308430617,26.56431289,0,3.295180617
R-1233zd,-25,65,0.1621886715,4.950950361,30.52587036,0,3.937700361
R-1233zd,-25,70,0.1621886715,5.660994941,34.90376293,0,4.647744941
R-1233zd,-20,20,0.2069204504,1.15925121,5.602400379,0,0.1460012099
R-1233zd,-20,25,0.2069204504,1.395445247,6.743873039,0,0.3821952468
R-1233zd,-20,30,0.2069204504,1.668845536,8.065155146,0,0.6555955356
R-1233zd,-20,35,0.2069204504,1.983286628,9.584778227,0,0.9700366279
R-1233zd,-20,40,0.2069204504,2.342683441,11.3216622,0,1.329433441
R-1233zd,-20,45,0.2069204504,2.750988116,13.29490686,0,1.737738116
R-1233zd,-20,50,0.2069204504,3.212143288,15.52356609,0,2.198893288
R-1233zd,-20,55,0.2069204504,3.730032745,18.02640936,0,2.716782745
R-1233zd,-20,60,0.2069204504,4.308430617,20.82167619,0,3.295180617
R-1233zd,-20,65,0.2069204504,4.950950361,23.92682961,0,3.937700361
R-1233zd,-20,70,0.2069204504,5.660994941,27.35831538,0,4.647744941
R-1233zd,-15,20,0.2615101704,1.15925121,4.432910613,0,0.1460012099
R-1233zd,-15,25,0.2615101704,1.395445247,5.33610316,0,0.3821952468
R-1233zd,-15,30,0.2615101704,1.668845536,6.381570295,0,0.6555955356
R-1233zd,-15,35,0.2615101704,1.983286628,7.583975126,0,0.9700366279
R-1233zd,-15,40,0.2615101704,2.342683441,8.958288075,0,1.329433441
R-1233zd,-15,45,0.2615101704,2.750988116,10.5196219,0,1.737738116
R-1233zd,-15,50,0.2615101704,3.212143288,12.28305302,0,2.198893288
R-1233zd,-15,55,0.2615101704,3.730032745,14.26343281,0,2.716782745
R-1233zd,-15,60,0.2615101704,4.308430617,16.47519333,0,3.295180617
R-1233zd,-15,65,0.2615101704,4.950950361,18.93215225,0,3.937700361
R-1233zd,-15,70,0.2615101704,5.660994941,21.64732229,0,4.647744941
R-1233zd,-10,20,0.3275741329,1.15925121,3.538897286,0,0.1460012099
R-1233zd,-10,25,0.3275741329,1.395445247,4.259937238,0,0.3821952468
R-1233zd,-10,30,0.3275741329,1.668845536,5.094558355,0,0.6555955356
R-1233zd,-10,35,0.3275741329,1.983286628,6.054466543,0,0.9700366279
R-1233zd,-10,40,0.3275741329,2.342683441,7.151613043,0,1.329433441
R-1233zd,-10,45,0.3275741329,2.750988116,8.398062729,0,1.737738116
R-1233zd,-10,50,0.3275741329,3.212143288,9.805851456,0,2.198893288
R-1233zd,-10,55,0.3275741329,3.730032745,11.38683544,0,2.716782745
R-1233zd,-10,60,0.3275741329,4.308430617,13.15253613,0,3.295180617
R-1233zd,-10,65,0.3275741329,4.950950361,15.11398448,0,3.937700361
R-1233zd,-10,70,0.3275741329,5.660994941,17.28156888,0,4.647744941
R-1233zd,-5,20,0.4122419485,1.15925121,2.812065134,0,0.1460012099
R-1233zd,-5,25,0.4122419485,1.395445247,3.385015164,0,0.3821952468
R-1233zd,-5,30,0.4122419485,1.668845536,4.048218629,0,0.6555955356
R-1233zd,-5,35,0.4122419485,1.983286628,4.810977231,0,0.9700366279
R-1233zd,-5,40,0.4122419485,2.342683441,5.68278762,0,1.329433441
R-1233zd,-5,45,0.4122419485,2.750988116,6.67323674,0,1.737738116
R-1233zd,-5,50,0.4122419485,3.212143288,7.791888476,0,2.198893288
R-1233zd,-5,55,0.4122419485,3.730032745,9.048163969,0,2.716782745
R-1233zd,-5,60,0.4122419485,4.308430617,10.45121835,0,3.295180617
R-1233zd,-5,65,0.4122419485,4.950950361,12.009817,0,3.937700361
R-1233zd,-5,70,0.4122419485,5.660994941,13.73221469,0,4.647744941
R-1233zd,0,20,0.514686932,1.15925121,2.25234242,0,0.1460012099
R-1233zd,0,25,0.514686932,1.395445247,2.711250587,0,0.3821952468
R-1233zd,0,30,0.514686932,1.668845536,3.242447849,0,0.6555955356
R-1233zd,0,35,0.514686932,1.983286628,3.853384464,0,0.9700366279
R-1233zd,0,40,0.514686932,2.342683441,4.55166684,0,1.329433441
R-1233zd,0,45,0.514686932,2.750988116,5.344973702,0,1.737738116
R-1233zd,0,50,0.514686932,3.212143288,6.240965309,0,2.198893288
R-1233zd,0,55,0.514686932,3.730032745,7.247187586,0,2.716782745
R-1233zd,0,60,0.514686932,4.308430617,8.370973398,0,3.295180617
R-1233zd,0,65,0.514686932,4.950950361,9.619343435,0,3.937700361
R-1233zd,0,70,0.514686932,5.660994941,10.99890941,0,4.647744941
R-1233zd,5,20,0.6375451772,1.15925121,1.818304414,0,0.1460012099
R-1233zd,5,25,0.6375451772,1.395445247,2.18877861,0,0.3821952468
R-1233zd,5,30,0.6375451772,1.668845536,2.617611418,0,0.6555955356
R-1233zd,5,35,0.6375451772,1.983286628,3.110817396,0,0.9700366279
R-1233zd,5,40,0.6375451772,2.342683441,3.674537155,0,1.329433441
R-1233zd,5,45,0.6375451772,2.750988116,4.314969691,0,1.737738116
R-1233zd,5,50,0.6375451772,3.212143288,5.038299093,0,2.198893288
R-1233zd,5,55,0.6375451772,3.730032745,5.850617145,0,2.716782745
R-1233zd,5,60,0.6375451772,4.308430617,6.757843633,0,3.295180617
R-1233zd,5,65,0.6375451772,4.950950361,7.765646323,0,3.937700361
R-1233zd,5,70,0.6375451772,5.660994941,8.879362818,0,4.647744941
R-1233zd,10,20,0.7837730853,1.15925121,1.479064836,0,0.1460012099
R-1233zd,10,25,0.7837730853,1.395445247,1.780419962,0,0.3821952468
R-1233zd,10,30,0.7837730853,1.668845536,2.129245782,0,0.6555955356
R-1233zd,10,35,0.7837730853,1.983286628,2.53043472,0,0.9700366279
R-1233zd,10,40,0.7837730853,2.342683441,2.988981741,0,1.329433441
R-1233zd,10,45,0.7837730853,2.750988116,3.5099293,0,1.737738116
R-1233zd,10,50,0.7837730853,3.212143288,4.098307722,0,2.198893288
R-1233zd,10,55,0.7837730853,3.730032745,4.759072255,0,2.716782745
R-1233zd,10,60,0.7837730853,4.308430617,5.497038234,0,3.295180617
R-1233zd,10,65,0.7837730853,4.950950361,6.316815994,0,3.937700361
R-1233zd,10,70,0.7837730853,5.660994941,7.222747307,0,4.647744941
R-1234ze,-50,20,0.2356289145,4.689235355,19.90093349,0,3.675985355
R-1234ze,-50,25,0.2356289145,5.478172292,23.24915133,0,4.464922292
R-1234ze,-50,30,0.2356289145,6.359024525,26.98745414,0,5.345774525
R-1234ze,-50,35,0.2356289145,7.336159929,31.134379,0,6.322909929
R-1234ze,-50,40,0.2356289145,8.413368651,35.70601116,0,7.400118651
R-1234ze,-50,45,0.2356289145,9.593803462,40.71573084,0,8.580553462
R-1234ze,-50,50,0.2356289145,10.87994,46.17404456,0,9.866689999
R-1234ze,-50,55,0.2356289145,12.27356032,52.08851532,0,11.26031032
R-1234ze,-50,60,0.2356289145,13.77576275,58.46380434,0,12.76251275
R-1234ze,-50,65,0.2356289145,15.38700038,65.3018345,0,14.37375038
R-1234ze,-50,70,0.2356289145,17.1071499,72.60208252,0,16.0938999
R-1234ze,-45,20,0.3062301884,4.689235355,15.31277951,0,3.675985355
R-1234ze,-45,25,0.3062301884,5.478172292,17.88906679,0,4.464922292
R-1234ze,-45,30,0.3062301884,6.359024525,20.76550505,0,5.345774525
R-1234ze,-45,35,0.3062301884,7.336159929,23.95635769,0,6.322909929
R-1234ze,-45,40,0.3062301884,8.413368651,27.47400148,0,7.400118651
R-1234ze,-45,45,0.3062301884,9.593803462,31.32873186,0,8.580553462
R-1234ze,-45,50,0.3062301884,10.87994,35.52863307,0,9.866689999
R-1234ze,-45,55,0.3062301884,12.27356032,40.07952444,0,11.26031032
R-1234ze,-45,60,0.3062301884,13.77576275,44.98499258,0,12.76251275
R-1234ze,-45,65,0.3062301884,15.38700038,50.24651704,0,14.37375038
R-1234ze,-45,70,0.3062301884,17.1071499,55.86369516,0,16.0938999
R-1234ze,-40,20,0.3979201946,4.689235355,11.78436133,0,3.675985355
R-1234ze,-40,25,0.3979201946,5.478172292,13.7670125,0,4.464922292
R-1234ze,-40,30,0.3979201946,6.359024525,15.98065293,0,5.345774525
R-1234ze,-40,35,0.3979201946,7.336159929,18.4362594,0,6.322909929
R-1234ze,-40,40,0.3979201946,8.413368651,21.1433568,0,7.400118651
R-1234ze,-40,45,0.3979201946,9.593803462,24.10986824,0,8.580553462
R-1234ze,-40,50,0.3979201946,10.87994,27.34201518,0,9.866689999
R-1234ze,-40,55,0.3979201946,12.27356032,30.84427604,0,11.26031032
R-1234ze,-40,60,0.3979201946,13.77576275,34.61941098,0,12.76251275
R-1234ze,-40,65,0.3979201946,15.38700038,38.66855865,0,14.37375038
R-1234ze,-40,70,0.3979201946,17.1071499,42.99140915,0,16.0938999
R-1234ze,-35,20,0.5136517812,4.689235355,9.129210734,0,3.675985355
R-1234ze,-35,25,0.5136517812,5.478172292,10.66514805,0,4.464922292
R-1234ze,-35,30,0.5136517812,6.359024525,12.38003012,0,5.345774525
R-1234ze,-35,35,0.5136517812,7.336159929,14.28236053,0,6.322909929
R-1234ze,-35,40,0.5136517812,8.413368651,16.37951811,0,7.400118651
R-1234ze,-35,45,0.5136517812,9.593803462,18.67764079,0,8.580553462
R-1234ze,-35,50,0.5136517812,10.87994,21.18154827,0,9.866689999
R-1234ze,-35,55,0.5136517812,12.27356032,23.89470994,0,11.26031032
R-1234ze,-35,60,0.5136517812,13.77576275,26.81926406,0,12.76251275
R-1234ze,-35,65,0.5136517812,15.38700038,29.95609271,0,14.37375038
R-1234ze,-35,70,0.5136517812,17.1071499,33.30495585,0,16.0938999
R-1234ze,-30,20,0.6562018018,4.689235355,7.146026332,0,3.675985355
R-1234ze,-30,25,0.6562018018,5.478172292,8.348304252,0,4.464922292
R-1234ze,-30,30,0.6562018018,6.359024525,9.690653861,0,5.345774525
R-1234ze,-30,35,0.6562018018,7.336159929,11.17973146,0,6.322909929
R-1234ze,-30,40,0.6562018018,8.413368651,12.82131294,0,7.400118651
R-1234ze,-30,45,0.6562018018,9.593803462,14.62020286,0,8.580553462
R-1234ze,-30,50,0.6562018018,10.87994,16.58017392,0,9.866689999
R-1234ze,-30,55,0.6562018018,12.27356032,18.70394182,0,11.26031032
R-1234ze,-30,60,0.6562018018,13.77576275,20.99318032,0,12.76251275
R-1234ze,-30,65,0.6562018018,15.38700038,23.4485799,0,14.37375038
R-1234ze,-30,70,0.6562018018,17.1071499,26.06995264,0,16.0938999
R-1234ze,-25,20,0.8300497249,4.689235355,5.649342701,0,3.675985355
R-1234ze,-25,25,0.8300497249,5.478172292,6.59981219,0,4.464922292
R-1234ze,-25,30,0.8300497249,6.359024525,7.661016363,0,5.345774525
R-1234ze,-25,35,0.8300497249,7.336159929,8.838217409,0,6.322909929
R-1234ze,-25,40,0.8300497249,8.413368651,10.13598149,0,7.400118651
R-1234ze,-25,45,0.8300497249,9.593803462,11.55810691,0,8.580553462
R-1234ze,-25,50,0.8300497249,10.87994,13.10757618,0,9.866689999
R-1234ze,-25,55,0.8300497249,12.27356032,14.78653622,0,11.26031032
R-1234ze,-25,60,0.8300497249,13.77576275,16.59631025,0,12.76251275
R-1234ze,-25,65,0.8300497249,15.38700038,18.53744411,0,14.37375038
R-1234ze,-25,70,0.8300497249,17.1071499,20.60978925,0,16.0938999
R-1234ze,-20,20,1.040052992,4.689235355,4.508650416,0.02680299191,3.675985355
R-1234ze,-20,25,1.040052992,5.478172292,5.267204974,0.02680299191,4.464922292
R-1234ze,-20,30,1.040052992,6.359024525,6.11413512,0.02680299191,5.345774525
R-1234ze,-20,35,1.040052992,7.336159929,7.053640522,0.02680299191,6.322909929
R-1234ze,-20,40,1.040052992,8.413368651,8.089365365,0.02680299191,7.400118651
R-1234ze,-20,45,1.040052992,9.593803462,9.224341006,0.02680299191,8.580553462
R-1234ze,-20,50,1.040052992,10.87994,10.46094774,0.02680299191,9.866689999
R-1234ze,-20,55,1.040052992,12.27356032,11.80089901,0.02680299191,11.26031032
R-1234ze,-20,60,1.040052992,13.77576275,13.24525083,0.02680299191,12.76251275
R-1234ze,-20,65,1.040052992,15.38700038,14.79443884,0.02680299191,14.37375038
R-1234ze,-20,70,1.040052992,17.1071499,16.44834449,0.02680299191,16.0938999
R-1234ze,-15,20,1.291410884,4.689235355,3.631094806,0.2781608844,3.675985355
R-1234ze,-15,25,1.291410884,5.478172292,4.242005669,0.2781608844,4.464922292
R-1234ze,-15,30,1.291410884,6.359024525,4.924090854,0.2781608844,5.345774525
R-1234ze,-15,35,1.291410884,7.336159929,5.680732614,0.2781608844,6.322909929
R-1234ze,-15,40,1.291410884,8.413368651,6.514865836,0.2781608844,7.400118651
R-1234ze,-15,45,1.291410884,9.593803462,7.428931859,0.2781608844,8.580553462
R-1234ze,-15,50,1.291410884,10.87994,8.424847684,0.2781608844,9.866689999
R-1234ze,-15,55,1.291410884,12.27356032,9.503993246,0.2781608844,11.26031032
R-1234ze,-15,60,1.291410884,13.77576275,10.66721902,0.2781608844,12.76251275
R-1234ze,-15,65,1.291410884,15.38700038,11.91487587,0.2781608844,14.37375038
R-1234ze,-15,70,1.291410884,17.1071499,13.24686829,0.2781608844,16.0938999
R-1234ze,-10,20,1.589615445,4.689235355,2.949918089,0.5763654447,3.675985355
R-1234ze,-10,25,1.589615445,5.478172292,3.446224878,0.5763654447,4.464922292
R-1234ze,-10,30,1.589615445,6.359024525,4.000354014,0.5763654447,5.345774525
R-1234ze,-10,35,1.589615445,7.336159929,4.615053253,0.5763654447,6.322909929
R-1234ze,-10,40,1.589615445,8.413368651,5.292706912,0.5763654447,7.400118651
R-1234ze,-10,45,1.589615445,9.593803462,6.035298344,0.5763654447,8.580553462
R-1234ze,-10,50,1.589615445,10.87994,6.844384933,0.5763654447,9.866689999
R-1234ze,-10,55,1.589615445,12.27356032,7.721087741,0.5763654447,11.26031032
R-1234ze,-10,60,1.589615445,13.77576275,8.666097704,0.5763654447,12.76251275
R-1234ze,-10,65,1.589615445,15.38700038,9.679699849,0.5763654447,14.37375038
R-1234ze,-10,70,1.589615445,17.1071499,10.76181661,0.5763654447,16.0938999
R-1234ze,-5,20,1.940389761,4.689235355,2.416646103,0.9271397612,3.675985355
R-1234ze,-5,25,1.940389761,5.478172292,2.823232941,0.9271397612,4.464922292
R-1234ze,-5,30,1.940389761,6.359024525,3.27718928,0.9271397612,5.345774525
R-1234ze,-5,35,1.940389761,7.336159929,3.780766151,0.9271397612,6.322909929
R-1234ze,-5,40,1.940389761,8.413368651,4.335916845,0.9271397612,7.400118651
R-1234ze,-5,45,1.940389761,9.593803462,4.944266175,0.9271397612,8.580553462
R-1234ze,-5,50,1.940389761,10.87994,5.607089986,0.9271397612,9.866689999
R-1234ze,-5,55,1.940389761,12.27356032,6.325306682,0.9271397612,11.26031032
R-1234ze,-5,60,1.940389761,13.77576275,7.099482295,0.9271397612,12.76251275
R-1234ze,-5,65,1.940389761,15.38700038,7.929850326,0.9271397612,14.37375038
R-1234ze,-5,70,1.940389761,17.1071499,8.81634723,0.9271397612,16.0938999
R-1234ze,0,20,2.349614476,4.689235355,1.995746708,1.336364476,3.675985355
R-1234ze,0,25,2.349614476,5.478172292,2.331519638,1.336364476,4.464922292
R-1234ze,0,30,2.349614476,6.359024525,2.706411878,1.336364476,5.345774525
R-1234ze,0,35,2.349614476,7.336159929,3.122282402,1.336364476,6.322909929
R-1234ze,0,40,2.349614476,8.413368651,3.580744304,1.336364476,7.400118651
R-1234ze,0,45,2.349614476,9.593803462,4.083139409,1.336364476,8.580553462
R-1234ze,0,50,2.349614476,10.87994,4.630521352,1.336364476,9.866689999
R-1234ze,0,55,2.349614476,12.27356032,5.223648582,1.336364476,11.26031032
R-1234ze,0,60,2.349614476,13.77576275,5.862988545,1.336364476,12.76251275
R-1234ze,0,65,2.349614476,15.38700038,6.548734075,1.336364476,14.37375038
R-1234ze,0,70,2.349614476,17.1071499,7.280832696,1.336364476,16.0938999
R-1234ze,5,20,2.823243936,4.689235355,1.660938786,1.809993936,3.675985355
R-1234ze,5,25,2.823243936,5.478172292,1.940382204,1.809993936,4.464922292
R-1234ze,5,30,2.823243936,6.359024525,2.252382248,1.809993936,5.345774525
R-1234ze,5,35,2.823243936,7.336159929,2.598486031,1.809993936,6.322909929
R-1234ze,5,40,2.823243936,8.413368651,2.98003603,1.809993936,7.400118651
R-1234ze,5,45,2.823243936,9.593803462,3.398148966,1.809993936,8.580553462
R-1234ze,5,50,2.823243936,10.87994,3.853701715,1.809993936,9.866689999
R-1234ze,5,55,2.823243936,12.27356032,4.347325488,1.809993936,11.26031032
R-1234ze,5,60,2.823243936,13.77576275,4.879409313,1.809993936,12.76251275
R-1234ze,5,65,2.823243936,15.38700038,5.450113674,1.809993936,14.37375038
R-1234ze,5,70,2.823243936,17.1071499,6.059394896,1.809993936,16.0938999
R-1234ze,10,20,3.367213982,4.689235355,1.392615789,2.353963982,3.675985355
R-1234ze,10,25,3.367213982,5.478172292,1.626915403,2.353963982,4.464922292
R-1234ze,10,30,3.367213982,6.359024525,1.888512153,2.353963982,5.345774525
R-1234ze,10,35,3.367213982,7.336159929,2.178703215,2.353963982,6.322909929
R-1234ze,10,40,3.367213982,8.413368651,2.498614195,2.353963982,7.400118651
R-1234ze,10,45,3.367213982,9.593803462,2.849181405,2.353963982,8.580553462
R-1234ze,10,50,3.367213982,10.87994,3.231140064,2.353963982,9.866689999
R-1234ze,10,55,3.367213982,12.27356032,3.645019411,2.353963982,11.26031032
R-1234ze,10,60,3.367213982,13.77576275,4.091145627,2.353963982,12.76251275
R-1234ze,10,65,3.367213982,15.38700038,4.56965327,2.353963982,14.37375038
R-1234ze,10,70,3.367213982,17.1071499,5.08050572,2.353963982,16.0938999
R-508B,-50,20,6.757312248,39.3,5.815921857,5.744062248,38.28675
R-508B,-50,25,6.757312248,39.3,5.815921857,5.744062248,38.28675
R-508B,-50,30,6.757312248,39.3,5.815921857,5.744062248,38.28675
R-508B,-50,35,6.757312248,39.3,5.815921857,5.744062248,38.28675
R-508B,-50,40,6.757312248,39.3,5.815921857,5.744062248,38.28675
R-508B,-50,45,6.757312248,39.3,5.815921857,5.744062248,38.28675
R-508B,-50,50,6.757312248,39.3,5.815921857,5.744062248,38.28675
R-508B,-50,55,6.757312248,39.3,5.815921857,5.744062248,38.28675
R-508B,-50,60,6.757312248,39.3,5.815921857,5.744062248,38.28675
R-508B,-50,65,6.757312248,39.3,5.815921857,5.744062248,38.28675
R-508B,-50,70,6.757312248,39.3,5.815921857,5.744062248,38.28675
R-508B,-45,20,8.200150245,39.3,4.792595114,7.186900245,38.28675
R-508B,-45,25,8.200150245,39.3,4.792595114,7.186900245,38.28675
R-508B,-45,30,8.200150245,39.3,4.792595114,7.186900245,38.28675
R-508B,-45,35,8.200150245,39.3,4.792595114,7.186900245,38.28675
R-508B,-45,40,8.200150245,39.3,4.792595114,7.186900245,38.28675
R-508B,-45,45,8.200150245,39.3,4.792595114,7.186900245,38.28675
R-508B,-45,50,8.200150245,39.3,4.792595114,7.186900245,38.28675
R-508B,-45,55,8.200150245,39.3,4.792595114,7.186900245,38.28675
R-508B,-45,60,8.200150245,39.3,4.792595114,7.186900245,38.28675
R-508B,-45,65,8.200150245,39.3,4.792595114,7.186900245,38.28675
R-508B,-45,70,8.200150245,39.3,4.792595114,7.186900245,38.28675
R-508B,-40,20,9.84563716,39.3,3.991615714,8.83238716,38.28675
R-508B,-40,25,9.84563716,39.3,3.991615714,8.83238716,38.28675
R-508B,-40,30,9.84563716,39.3,3.991615714,8.83238716,38.28675
R-508B,-40,35,9.84563716,39.3,3.991615714,8.83238716,38.28675
R-508B,-40,40,9.84563716,39.3,3.991615714,8.83238716,38.28675
R-508B,-40,45,9.84563716,39.3,3.991615714,8.83238716,38.28675
R-508B,-40,50,9.84563716,39.3,3.991615714,8.83238716,38.28675
R-508B,-40,55,9.84563716,39.3,3.991615714,8.83238716,38.28675
R-508B,-40,60,9.84563716,39.3,3.991615714,8.83238716,38.28675
R-508B,-40,65,9.84563716,39.3,3.991615714,8.83238716,38.28675
R-508B,-40,70,9.84563716,39.3,3.991615714,8.83238716,38.28675
R-508B,-35,20,11.70218651,39.3,3.358346746,10.68893651,38.28675
R-508B,-35,25,11.70218651,39.3,3.358346746,10.68893651,38.28675
R-508B,-35,30,11.70218651,39.3,3.358346746,10.68893651,38.28675
R-508B,-35,35,11.70218651,39.3,3.358346746,10.68893651,38.28675
R-508B,-35,40,11.70218651,39.3,3.358346746,10.68893651,38.28675
R-508B,-35,45,11.70218651,39.3,3.358346746,10.68893651,38.28675
R-508B,-35,50,11.70218651,39.3,3.358346746,10.68893651,38.28675
R-508B,-35,55,11.70218651,39.3,3.358346746,10.68893651,38.28675
R-508B,-35,60,11.70218651,39.3,3.358346746,10.68893651,38.28675
R-508B,-35,65,11.70218651,39.3,3.358346746,10.68893651,38.28675
R-508B,-35,70,11.70218651,39.3,3.358346746,10.68893651,38.28675
R-508B,-30,20,13.77564669,39.3,2.852860624,12.76239669,38.28675
R-508B,-30,25,13.77564669,39.3,2.852860624,12.76239669,38.28675
R-508B,-30,30,13.77564669,39.3,2.852860624,12.76239669,38.28675
R-508B,-30,35,13.77564669,39.3,2.852860624,12.76239669,38.28675
R-508B,-30,40,13.77564669,39.3,2.852860624,12.76239669,38.28675
R-508B,-30,45,13.77564669,39.3,2.852860624,12.76239669,38.28675
R-508B,-30,50,13.77564669,39.3,2.852860624,12.76239669,38.28675
R-508B,-30,55,13.77564669,39.3,2.852860624,12.76239669,38.28675
R-508B,-30,60,13.77564669,39.3,2.852860624,12.76239669,38.28675
R-508B,-30,65,13.77564669,39.3,2.852860624,12.76239669,38.28675
R-508B,-30,70,13.77564669,39.3,2.852860624,12.76239669,38.28675
R-508B,-25,20,16.06923049,39.3,2.445667826,15.05598049,38.28675
R-508B,-25,25,16.06923049,39.3,2.445667826,15.05598049,38.28675
R-508B,-25,30,16.06923049,39.3,2.445667826,15.05598049,38.28675
R-508B,-25,35,16.06923049,39.3,2.445667826,15.05598049,38.28675
R-508B,-25,40,16.06923049,39.3,2.445667826,15.05598049,38.28675
R-508B,-25,45,16.06923049,39.3,2.445667826,15.05598049,38.28675
R-508B,-25,50,16.06923049,39.3,2.445667826,15.05598049,38.28675
R-508B,-25,55,16.06923049,39.3,2.445667826,15.05598049,38.28675
R-508B,-25,60,16.06923049,39.3,2.445667826,15.05598049,38.28675
R-508B,-25,65,16.06923049,39.3,2.445667826,15.05598049,38.28675
R-508B,-25,70,16.06923049,39.3,2.445667826,15.05598049,38.28675
R-508B,-20,20,18.58361749,39.3,2.114765869,17.57036749,38.28675
R-508B,-20,25,18.58361749,39.3,2.114765869,17.57036749,38.28675
R-508B,-20,30,18.58361749,39.3,2.114765869,17.57036749,38.28675
R-508B,-20,35,18.58361749,39.3,2.114765869,17.57036749,38.28675
R-508B,-20,40,18.58361749,39.3,2.114765869,17.57036749,38.28675
R-508B,-20,45,18.58361749,39.3,2.114765869,17.57036749,38.28675
R-508B,-20,50,18.58361749,39.3,2.114765869,17.57036749,38.28675
R-508B,-20,55,18.58361749,39.3,2.114765869,17.57036749,38.28675
R-508B,-20,60,18.58361749,39.3,2.114765869,17.57036749,38.28675
R-508B,-20,65,18.58361749,39.3,2.114765869,17.57036749,38.28675
R-508B,-20,70,18.58361749,39.3,2.114765869,17.57036749,38.28675
R-508B,-15,20,21.31724633,39.3,1.843577702,20.30399633,38.28675
R-508B,-15,25,21.31724633,39.3,1.843577702,20.30399633,38.28675
R-508B,-15,30,21.31724633,39.3,1.843577702,20.30399633,38.28675
R-508B,-15,35,21.31724633,39.3,1.843577702,20.30399633,38.28675
R-508B,-15,40,21.31724633,39.3,1.843577702,20.30399633,38.28675
R-508B,-15,45,21.31724633,39.3,1.843577702,20.30399633,38.28675
R-508B,-15,50,21.31724633,39.3,1.843577702,20.30399633,38.28675
R-508B,-15,55,21.31724633,39.3,1.843577702,20.30399633,38.28675
R-508B,-15,60,21.31724633,39.3,1.843577702,20.30399633,38.28675
R-508B,-15,65,21.31724633,39.3,1.843577702,20.30399633,38.28675
R-508B,-15,70,21.31724633,39.3,1.843577702,20.30399633,38.28675
R-508B,-10,20,24.26680564,39.3,1.61949622,23.25355564,38.28675
R-508B,-10,25,24.26680564,39.3,1.61949622,23.25355564,38.28675
R-508B,-10,30,24.26680564,39.3,1.61949622,23.25355564,38.28675
R-508B,-10,35,24.26680564,39.3,1.61949622,23.25355564,38.28675
R-508B,-10,40,24.26680564,39.3,1.61949622,23.25355564,38.28675
R-508B,-10,45,24.26680564,39.3,1.61949622,23.25355564,38.28675
R-508B,-10,50,24.26680564,39.3,1.61949622,23.25355564,38.28675
R-508B,-10,55,24.26680564,39.3,1.61949622,23.25355564,38.28675
R-508B,-10,60,24.26680564,39.3,1.61949622,23.25355564,38.28675
R-508B,-10,65,24.26680564,39.3,1.61949622,23.25355564,38.28675
R-508B,-10,70,24.26680564,39.3,1.61949622,23.25355564,38.28675
R-508B,-5,20,27.42792244,39.3,1.432846403,26.41467244,38.28675
R-508B,-5,25,27.42792244,39.3,1.432846403,26.41467244,38.28675
R-508B,-5,30,27.42792244,39.3,1.432846403,26.41467244,38.28675
R-508B,-5,35,27.42792244,39.3,1.432846403,26.41467244,38.28675
R-508B,-5,40,27.42792244,39.3,1.432846403,26.41467244,38.28675
R-508B,-5,45,27.42792244,39.3,1.432846403,26.41467244,38.28675
R-508B,-5,50,27.42792244,39.3,1.432846403,26.41467244,38.28675
R-508B,-5,55,27.42792244,39.3,1.432846403,26.41467244,38.28675
R-508B,-5,60,27.42792244,39.3,1.432846403,26.41467244,38.28675
R-508B,-5,65,27.42792244,39.3,1.432846403,26.41467244,38.28675
R-508B,-5,70,27.42792244,39.3,1.432846403,26.41467244,38.28675
R-508B,0,20,30.79603637,39.3,1.276138251,29.78278637,38.28675
R-508B,0,25,30.79603637,39.3,1.276138251,29.78278637,38.28675
R-508B,0,30,30.79603637,39.3,1.276138251,29.78278637,38.28675
R-508B,0,35,30.79603637,39.3,1.276138251,29.78278637,38.28675
R-508B,0,40,30.79603637,39.3,1.276138251,29.78278637,38.28675
R-508B,0,45,30.79603637,39.3,1.276138251,29.78278637,38.28675
R-508B,0,50,30.79603637,39.3,1.276138251,29.78278637,38.28675
R-508B,0,55,30.79603637,39.3,1.276138251,29.78278637,38.28675
R-508B,0,60,30.79603637,39.3,1.276138251,29.78278637,38.28675
R-508B,0,65,30.79603637,39.3,1.276138251,29.78278637,38.28675
R-508B,0,70,30.79603637,39.3,1.276138251,29.78278637,38.28675
R-508B,5,20,34.36743743,39.3,1.143524305,33.35418743,38.28675
R-508B,5,25,34.36743743,39.3,1.143524305,33.35418743,38.28675
R-508B,5,30,34.36743743,39.3,1.143524305,33.35418743,38.28675
R-508B,5,35,34.36743743,39.3,1.143524305,33.35418743,38.28675
R-508B,5,40,34.36743743,39.3,1.143524305,33.35418743,38.28675
R-508B,5,45,34.36743743,39.3,1.143524305,33.35418743,38.28675
R-508B,5,50,34.36743743,39.3,1.143524305,33.35418743,38.28675
R-508B,5,55,34.36743743,39.3,1.143524305,33.35418743,38.28675
R-508B,5,60,34.36743743,39.3,1.143524305,33.35418743,38.28675
R-508B,5,65,34.36743743,39.3,1.143524305,33.35418743,38.28675
R-508B,5,70,34.36743743,39.3,1.143524305,33.35418743,38.28675
R-508B,10,20,38.14043442,39.3,1.030402527,37.12718442,38.28675
R-508B,10,25,38.14043442,39.3,1.030402527,37.12718442,38.28675
R-508B,10,30,38.14043442,39.3,1.030402527,37.12718442,38.28675
R-508B,10,35,38.14043442,39.3,1.030402527,37.12718442,38.28675
R-508B,10,40,38.14043442,39.3,1.030402527,37.12718442,38.28675
R-508B,10,45,38.14043442,39.3,1.030402527,37.12718442,38.28675
R-508B,10,50,38.14043442,39.3,1.030402527,37.12718442,38.28675
R-508B,10,55,38.14043442,39.3,1.030402527,37.12718442,38.28675
R-508B,10,60,38.14043442,39.3,1.030402527,37.12718442,38.28675
R-508B,10,65,38.14043442,39.3,1.030402527,37.12718442,38.28675
R-508B,10,70,38.14043442,39.3,1.030402527,37.12718442,38.28675
R-23,-50,20,5.216382295,40.1671933,7.700201218,4.203132295,39.1539433
R-23,-50,25,5.216382295,44.18834594,8.471071223,4.203132295,43.17509594
R-23,-50,30,5.216382295,48.4,9.278461061,4.203132295,47.38675
R-23,-50,35,5.216382295,48.4,9.278461061,4.203132295,47.38675
R-23,-50,40,5.216382295,48.4,9.278461061,4.203132295,47.38675
R-23,-50,45,5.216382295,48.4,9.278461061,4.203132295,47.38675
R-23,-50,50,5.216382295,48.4,9.278461061,4.203132295,47.38675
R-23,-50,55,5.216382295,48.4,9.278461061,4.203132295,47.38675
R-23,-50,60,5.216382295,48.4,9.278461061,4.203132295,47.38675
R-23,-50,65,5.216382295,48.4,9.278461061,4.203132295,47.38675
R-23,-50,70,5.216382295,48.4,9.278461061,4.203132295,47.38675
R-23,-45,20,6.390711719,40.1671933,6.285245692,5.377461719,39.1539433
R-23,-45,25,6.390711719,44.18834594,6.914463973,5.377461719,43.17509594
R-23,-45,30,6.390711719,48.4,7.573491362,5.377461719,47.38675
R-23,-45,35,6.390711719,48.4,7.573491362,5.377461719,47.38675
R-23,-45,40,6.390711719,48.4,7.573491362,5.377461719,47.38675
R-23,-45,45,6.390711719,48.4,7.573491362,5.377461719,47.38675
R-23,-45,50,6.390711719,48.4,7.573491362,5.377461719,47.38675
R-23,-45,55,6.390711719,48.4,7.573491362,5.377461719,47.38675
R-23,-45,60,6.390711719,48.4,7.573491362,5.377461719,47.38675
R-23,-45,65,6.390711719,48.4,7.573491362,5.377461719,47.38675
R-23,-45,70,6.390711719,48.4,7.573491362,5.377461719,47.38675
R-23,-40,20,7.746556638,40.1671933,5.185167446,6.733306638,39.1539433
R-23,-40,25,7.746556638,44.18834594,5.704256486,6.733306638,43.17509594
R-23,-40,30,7.746556638,48.4,6.247937279,6.733306638,47.38675
R-23,-40,35,7.746556638,48.4,6.247937279,6.733306638,47.38675
R-23,-40,40,7.746556638,48.4,6.247937279,6.733306638,47.38675
R-23,-40,45,7.746556638,48.4,6.247937279,6.733306638,47.38675
R-23,-40,50,7.746556638,48.4,6.247937279,6.733306638,47.38675
R-23,-40,55,7.746556638,48.4,6.247937279,6.733306638,47.38675
R-23,-40,60,7.746556638,48.4,6.247937279,6.733306638,47.38675
R-23,-40,65,7.746556638,48.4,6.247937279,6.733306638,47.38675
R-23,-40,70,7.746556638,48.4,6.247937279,6.733306638,47.38675
R-23,-35,20,9.295253193,40.1671933,4.321258654,8.282003193,39.1539433
R-23,-35,25,9.295253193,44.18834594,4.753861463,8.282003193,43.17509594
R-23,-35,30,9.295253193,48.4,5.206958756,8.282003193,47.38675
R-23,-35,35,9.295253193,48.4,5.206958756,8.282003193,47.38675
R-23,-35,40,9.295253193,48.4,5.206958756,8.282003193,47.38675
R-23,-35,45,9.295253193,48.4,5.206958756,8.282003193,47.38675
R-23,-35,50,9.295253193,48.4,5.206958756,8.282003193,47.38675
R-23,-35,55,9.295253193,48.4,5.206958756,8.282003193,47.38675
R-23,-35,60,9.295253193,48.4,5.206958756,8.282003193,47.38675
R-23,-35,65,9.295253193,48.4,5.206958756,8.282003193,47.38675
R-23,-35,70,9.295253193,48.4,5.206958756,8.282003193,47.38675
R-23,-30,20,11.04616551,40.1671933,3.63630196,10.03291551,39.1539433
R-23,-30,25,11.04616551,44.18834594,4.0003335,10.03291551,43.17509594
R-23,-30,30,11.04616551,48.4,4.381610972,10.03291551,47.38675
R-23,-30,35,11.04616551,48.4,4.381610972,10.03291551,47.38675
R-23,-30,40,11.04616551,48.4,4.381610972,10.03291551,47.38675
R-23,-30,45,11.04616551,48.4,4.381610972,10.03291551,47.38675
R-23,-30,50,11.04616551,48.4,4.381610972,10.03291551,47.38675
R-23,-30,55,11.04616551,48.4,4.381610972,10.03291551,47.38675
R-23,-30,60,11.04616551,48.4,4.381610972,10.03291551,47.38675
R-23,-30,65,11.04616551,48.4,4.381610972,10.03291551,47.38675
R-23,-30,70,11.04616551,48.4,4.381610972,10.03291551,47.38675
R-23,-25,20,13.00641467,40.1671933,3.08826024,11.99316467,39.1539433
R-23,-25,25,13.00641467,44.18834594,3.39742712,11.99316467,43.17509594
R-23,-25,30,13.00641467,48.4,3.721240728,11.99316467,47.38675
R-23,-25,35,13.00641467,48.4,3.721240728,11.99316467,47.38675
R-23,-25,40,13.00641467,48.4,3.721240728,11.99316467,47.38675
R-23,-25,45,13.00641467,48.4,3.721240728,11.99316467,47.38675
R-23,-25,50,13.00641467,48.4,3.721240728,11.99316467,47.38675
R-23,-25,55,13.00641467,48.4,3.721240728,11.99316467,47.38675
R-23,-25,60,13.00641467,48.4,3.721240728,11.99316467,47.38675
R-23,-25,65,13.00641467,48.4,3.721240728,11.99316467,47.38675
R-23,-25,70,13.00641467,48.4,3.721240728,11.99316467,47.38675
R-23,-20,20,15.18071433,40.1671933,2.645935654,14.16746433,39.1539433
R-23,-20,25,15.18071433,44.18834594,2.910821256,14.16746433,43.17509594
R-23,-20,30,15.18071433,48.4,3.188255767,14.16746433,47.38675
R-23,-20,35,15.18071433,48.4,3.188255767,14.16746433,47.38675
R-23,-20,40,15.18071433,48.4,3.188255767,14.16746433,47.38675
R-23,-20,45,15.18071433,48.4,3.188255767,14.16746433,47.38675
R-23,-20,50,15.18071433,48.4,3.188255767,14.16746433,47.38675
R-23,-20,55,15.18071433,48.4,3.188255767,14.16746433,47.38675
R-23,-20,60,15.18071433,48.4,3.188255767,14.16746433,47.38675
R-23,-20,65,15.18071433,48.4,3.188255767,14.16746433,47.38675
R-23,-20,70,15.18071433,48.4,3.188255767,14.16746433,47.38675
R-23,-15,20,17.5713356,40.1671933,2.285949925,16.5580856,39.1539433
R-23,-15,25,17.5713356,44.18834594,2.514797221,16.5580856,43.17509594
R-23,-15,30,17.5713356,48.4,2.754486119,16.5580856,47.38675
R-23,-15,35,17.5713356,48.4,2.754486119,16.5580856,47.38675
R-23,-15,40,17.5713356,48.4,2.754486119,16.5580856,47.38675
R-23,-15,45,17.5713356,48.4,2.754486119,16.5580856,47.38675
R-23,-15,50,17.5713356,48.4,2.754486119,16.5580856,47.38675
R-23,-15,55,17.5713356,48.4,2.754486119,16.5580856,47.38675
R-23,-15,60,17.5713356,48.4,2.754486119,16.5580856,47.38675
R-23,-15,65,17.5713356,48.4,2.754486119,16.5580856,47.38675
R-23,-15,70,17.5713356,48.4,2.754486119,16.5580856,47.38675
R-23,-10,20,20.17821959,40.1671933,1.990621279,19.16496959,39.1539433
R-23,-10,25,20.17821959,44.18834594,2.189903115,19.16496959,43.17509594
R-23,-10,30,20.17821959,48.4,2.398625894,19.16496959,47.38675
R-23,-10,35,20.17821959,48.4,2.398625894,19.16496959,47.38675
R-23,-10,40,20.17821959,48.4,2.398625894,19.16496959,47.38675
R-23,-10,45,20.17821959,48.4,2.398625894,19.16496959,47.38675
R-23,-10,50,20.17821959,48.4,2.398625894,19.16496959,47.38675
R-23,-10,55,20.17821959,48.4,2.398625894,19.16496959,47.38675
R-23,-10,60,20.17821959,48.4,2.398625894,19.16496959,47.38675
R-23,-10,65,20.17821959,48.4,2.398625894,19.16496959,47.38675
R-23,-10,70,20.17821959,48.4,2.398625894,19.16496959,47.38675
R-23,-5,20,22.99925006,40.1671933,1.746456653,21.98600006,39.1539433
R-23,-5,25,22.99925006,44.18834594,1.921295078,21.98600006,43.17509594
R-23,-5,30,22.99925006,48.4,2.104416443,21.98600006,47.38675
R-23,-5,35,22.99925006,48.4,2.104416443,21.98600006,47.38675
R-23,-5,40,22.99925006,48.4,2.104416443,21.98600006,47.38675
R-23,-5,45,22.99925006,48.4,2.104416443,21.98600006,47.38675
R-23,-5,50,22.99925006,48.4,2.104416443,21.98600006,47.38675
R-23,-5,55,22.99925006,48.4,2.104416443,21.98600006,47.38675
R-23,-5,60,22.99925006,48.4,2.104416443,21.98600006,47.38675
R-23,-5,65,22.99925006,48.4,2.104416443,21.98600006,47.38675
R-23,-5,70,22.99925006,48.4,2.104416443,21.98600006,47.38675
R-23,0,20,26.03069225,40.1671933,1.5430705,25.01744225,39.1539433
R-23,0,25,26.03069225,44.18834594,1.697547861,25.01744225,43.17509594
R-23,0,30,26.03069225,48.4,1.85934356,25.01744225,47.38675
R-23,0,35,26.03069225,48.4,1.85934356,25.01744225,47.38675
R-23,0,40,26.03069225,48.4,1.85934356,25.01744225,47.38675
R-23,0,45,26.03069225,48.4,1.85934356,25.01744225,47.38675
R-23,0,50,26.03069225,48.4,1.85934356,25.01744225,47.38675
R-23,0,55,26.03069225,48.4,1.85934356,25.01744225,47.38675
R-23,0,60,26.03069225,48.4,1.85934356,25.01744225,47.38675
R-23,0,65,26.03069225,48.4,1.85934356,25.01744225,47.38675
R-23,0,70,26.03069225,48.4,1.85934356,25.01744225,47.38675
R-23,5,20,29.26779603,40.1671933,1.372402393,28.25454603,39.1539433
R-23,5,25,29.26779603,44.18834594,1.509794106,28.25454603,43.17509594
R-23,5,30,29.26779603,48.4,1.653694728,28.25454603,47.38675
R-23,5,35,29.26779603,48.4,1.653694728,28.25454603,47.38675
R-23,5,40,29.26779603,48.4,1.653694728,28.25454603,47.38675
R-23,5,45,29.26779603,48.4,1.653694728,28.25454603,47.38675
R-23,5,50,29.26779603,48.4,1.653694728,28.25454603,47.38675
R-23,5,55,29.26779603,48.4,1.653694728,28.25454603,47.38675
R-23,5,60,29.26779603,48.4,1.653694728,28.25454603,47.38675
R-23,5,65,29.26779603,48.4,1.653694728,28.25454603,47.38675
R-23,5,70,29.26779603,48.4,1.653694728,28.25454603,47.38675
R-23,10,20,32.70555386,40.1671933,1.228145943,31.69230386,39.1539433
R-23,10,25,32.70555386,44.18834594,1.35109609,31.69230386,43.17509594
R-23,10,30,32.70555386,48.4,1.479870979,31.69230386,47.38675
R-23,10,35,32.70555386,48.4,1.479870979,31.69230386,47.38675
R-23,10,40,32.70555386,48.4,1.479870979,31.69230386,47.38675
R-23,10,45,32.70555386,48.4,1.479870979,31.69230386,47.38675
R-23,10,50,32.70555386,48.4,1.479870979,31.69230386,47.38675
R-23,10,55,32.70555386,48.4,1.479870979,31.69230386,47.38675
R-23,10,60,32.70555386,48.4,1.479870979,31.69230386,47.38675
R-23,10,65,32.70555386,48.4,1.479870979,31.69230386,47.38675
R-23,10,70,32.70555386,48.4,1.479870979,31.69230386,47.38675
R-503,-50,20,6.926343519,44,6.352558154,5.913093519,42.98675
R-503,-50,25,6.926343519,44,6.352558154,5.913093519,42.98675
R-503,-50,30,6.926343519,44,6.352558154,5.913093519,42.98675
R-503,-50,35,6.926343519,44,6.352558154,5.913093519,42.98675
R-503,-50,40,6.926343519,44,6.352558154,5.913093519,42.98675
R-503,-50,45,6.926343519,44,6.352558154,5.913093519,42.98675
R-503,-50,50,6.926343519,44,6.352558154,5.913093519,42.98675
R-503,-50,55,6.926343519,44,6.352558154,5.913093519,42.98675
R-503,-50,60,6.926343519,44,6.352558154,5.913093519,42.98675
R-503,-50,65,6.926343519,44,6.352558154,5.913093519,42.98675
R-503,-50,70,6.926343519,44,6.352558154,5.913093519,42.98675
R-503,-45,20,8.416669202,44,5.227721197,7.403419202,42.98675
R-503,-45,25,8.416669202,44,5.227721197,7.403419202,42.98675
R-503,-45,30,8.416669202,44,5.227721197,7.403419202,42.98675
R-503,-45,35,8.416669202,44,5.227721197,7.403419202,42.98675
R-503,-45,40,8.416669202,44,5.227721197,7.403419202,42.98675
R-503,-45,45,8.416669202,44,5.227721197,7.403419202,42.98675
R-503,-45,50,8.416669202,44,5.227721197,7.403419202,42.98675
R-503,-45,55,8.416669202,44,5.227721197,7.403419202,42.98675
R-503,-45,60,8.416669202,44,5.227721197,7.403419202,42.98675
R-503,-45,65,8.416669202,44,5.227721197,7.403419202,42.98675
R-503,-45,70,8.416669202,44,5.227721197,7.403419202,42.98675
R-503,-40,20,10.12066336,44,4.347541108,9.10741336,42.98675
R-503,-40,25,10.12066336,44,4.347541108,9.10741336,42.98675
R-503,-40,30,10.12066336,44,4.347541108,9.10741336,42.98675
R-503,-40,35,10.12066336,44,4.347541108,9.10741336,42.98675
R-503,-40,40,10.12066336,44,4.347541108,9.10741336,42.98675
R-503,-40,45,10.12066336,44,4.347541108,9.10741336,42.98675
R-503,-40,50,10.12066336,44,4.347541108,9.10741336,42.98675
R-503,-40,55,10.12066336,44,4.347541108,9.10741336,42.98675
R-503,-40,60,10.12066336,44,4.347541108,9.10741336,42.98675
R-503,-40,65,10.12066336,44,4.347541108,9.10741336,42.98675
R-503,-40,70,10.12066336,44,4.347541108,9.10741336,42.98675
R-503,-35,20,12.04831777,44,3.65196211,11.03506777,42.98675
R-503,-35,25,12.04831777,44,3.65196211,11.03506777,42.98675
R-503,-35,30,12.04831777,44,3.65196211,11.03506777,42.98675
R-503,-35,35,12.04831777,44,3.65196211,11.03506777,42.98675
R-503,-35,40,12.04831777,44,3.65196211,11.03506777,42.98675
R-503,-35,45,12.04831777,44,3.65196211,11.03506777,42.98675
R-503,-35,50,12.04831777,44,3.65196211,11.03506777,42.98675
R-503,-35,55,12.04831777,44,3.65196211,11.03506777,42.98675
R-503,-35,60,12.04831777,44,3.65196211,11.03506777,42.98675
R-503,-35,65,12.04831777,44,3.65196211,11.03506777,42.98675
R-503,-35,70,12.04831777,44,3.65196211,11.03506777,42.98675
R-503,-30,20,14.20697339,44,3.097070629,13.19372339,42.98675
R-503,-30,25,14.20697339,44,3.097070629,13.19372339,42.98675
R-503,-30,30,14.20697339,44,3.097070629,13.19372339,42.98675
R-503,-30,35,14.20697339,44,3.097070629,13.19372339,42.98675
R-503,-30,40,14.20697339,44,3.097070629,13.19372339,42.98675
R-503,-30,45,14.20697339,44,3.097070629,13.19372339,42.98675
R-503,-30,50,14.20697339,44,3.097070629,13.19372339,42.98675
R-503,-30,55,14.20697339,44,3.097070629,13.19372339,42.98675
R-503,-30,60,14.20697339,44,3.097070629,13.19372339,42.98675
R-503,-30,65,14.20697339,44,3.097070629,13.19372339,42.98675
R-503,-30,70,14.20697339,44,3.097070629,13.19372339,42.98675
R-503,-25,20,16.60114825,44,2.650419076,15.58789825,42.98675
R-503,-25,25,16.60114825,44,2.650419076,15.58789825,42.98675
R-503,-25,30,16.60114825,44,2.650419076,15.58789825,42.98675
R-503,-25,35,16.60114825,44,2.650419076,15.58789825,42.98675
R-503,-25,40,16.60114825,44,2.650419076,15.58789825,42.98675
R-503,-25,45,16.60114825,44,2.650419076,15.58789825,42.98675
R-503,-25,50,16.60114825,44,2.650419076,15.58789825,42.98675
R-503,-25,55,16.60114825,44,2.650419076,15.58789825,42.98675
R-503,-25,60,16.60114825,44,2.650419076,15.58789825,42.98675
R-503,-25,65,16.60114825,44,2.650419076,15.58789825,42.98675
R-503,-25,70,16.60114825,44,2.650419076,15.58789825,42.98675
R-503,-20,20,19.23252431,44,2.287791207,18.21927431,42.98675
R-503,-20,25,19.23252431,44,2.287791207,18.21927431,42.98675
R-503,-20,30,19.23252431,44,2.287791207,18.21927431,42.98675
R-503,-20,35,19.23252431,44,2.287791207,18.21927431,42.98675
R-503,-20,40,19.23252431,44,2.287791207,18.21927431,42.98675
R-503,-20,45,19.23252431,44,2.287791207,18.21927431,42.98675
R-503,-20,50,19.23252431,44,2.287791207,18.21927431,42.98675
R-503,-20,55,19.23252431,44,2.287791207,18.21927431,42.98675
R-503,-20,60,19.23252431,44,2.287791207,18.21927431,42.98675
R-503,-20,65,19.23252431,44,2.287791207,18.21927431,42.98675
R-503,-20,70,19.23252431,44,2.287791207,18.21927431,42.98675
R-503,-15,20,22.10011413,44,1.990939945,21.08686413,42.98675
R-503,-15,25,22.10011413,44,1.990939945,21.08686413,42.98675
R-503,-15,30,22.10011413,44,1.990939945,21.08686413,42.98675
R-503,-15,35,22.10011413,44,1.990939945,21.08686413,42.98675
R-503,-15,40,22.10011413,44,1.990939945,21.08686413,42.98675
R-503,-15,45,22.10011413,44,1.990939945,21.08686413,42.98675
R-503,-15,50,22.10011413,44,1.990939945,21.08686413,42.98675
R-503,-15,55,22.10011413,44,1.990939945,21.08686413,42.98675
R-503,-15,60,22.10011413,44,1.990939945,21.08686413,42.98675
R-503,-15,65,22.10011413,44,1.990939945,21.08686413,42.98675
R-503,-15,70,22.10011413,44,1.990939945,21.08686413,42.98675
R-503,-10,20,25.20062117,44,1.745988708,24.18737117,42.98675
R-503,-10,25,25.20062117,44,1.745988708,24.18737117,42.98675
R-503,-10,30,25.20062117,44,1.745988708,24.18737117,42.98675
R-503,-10,35,25.20062117,44,1.745988708,24.18737117,42.98675
R-503,-10,40,25.20062117,44,1.745988708,24.18737117,42.98675
R-503,-10,45,25.20062117,44,1.745988708,24.18737117,42.98675
R-503,-10,50,25.20062117,44,1.745988708,24.18737117,42.98675
R-503,-10,55,25.20062117,44,1.745988708,24.18737117,42.98675
R-503,-10,60,25.20062117,44,1.745988708,24.18737117,42.98675
R-503,-10,65,25.20062117,44,1.745988708,24.18737117,42.98675
R-503,-10,70,25.20062117,44,1.745988708,24.18737117,42.98675
R-503,-5,20,28.52899874,44,1.542290369,27.51574874,42.98675
R-503,-5,25,28.52899874,44,1.542290369,27.51574874,42.98675
R-503,-5,30,28.52899874,44,1.542290369,27.51574874,42.98675
R-503,-5,35,28.52899874,44,1.542290369,27.51574874,42.98675
R-503,-5,40,28.52899874,44,1.542290369,27.51574874,42.98675
R-503,-5,45,28.52899874,44,1.542290369,27.51574874,42.98675
R-503,-5,50,28.52899874,44,1.542290369,27.51574874,42.98675
R-503,-5,55,28.52899874,44,1.542290369,27.51574874,42.98675
R-503,-5,60,28.52899874,44,1.542290369,27.51574874,42.98675
R-503,-5,65,28.52899874,44,1.542290369,27.51574874,42.98675
R-503,-5,70,28.52899874,44,1.542290369,27.51574874,42.98675
R-503,0,20,32.0792031,44,1.371605145,31.0659531,42.98675
R-503,0,25,32.0792031,44,1.371605145,31.0659531,42.98675
R-503,0,30,32.0792031,44,1.371605145,31.0659531,42.98675
R-503,0,35,32.0792031,44,1.371605145,31.0659531,42.98675
R-503,0,40,32.0792031,44,1.371605145,31.0659531,42.98675
R-503,0,45,32.0792031,44,1.371605145,31.0659531,42.98675
R-503,0,50,32.0792031,44,1.371605145,31.0659531,42.98675
R-503,0,55,32.0792031,44,1.371605145,31.0659531,42.98675
R-503,0,60,32.0792031,44,1.371605145,31.0659531,42.98675
R-503,0,65,32.0792031,44,1.371605145,31.0659531,42.98675
R-503,0,70,32.0792031,44,1.371605145,31.0659531,42.98675
R-503,5,20,35.84512613,44,1.227503004,34.83187613,42.98675
R-503,5,25,35.84512613,44,1.227503004,34.83187613,42.98675
R-503,5,30,35.84512613,44,1.227503004,34.83187613,42.98675
R-503,5,35,35.84512613,44,1.227503004,34.83187613,42.98675
R-503,5,40,35.84512613,44,1.227503004,34.83187613,42.98675
R-503,5,45,35.84512613,44,1.227503004,34.83187613,42.98675
R-503,5,50,35.84512613,44,1.227503004,34.83187613,42.98675
R-503,5,55,35.84512613,44,1.227503004,34.83187613,42.98675
R-503,5,60,35.84512613,44,1.227503004,34.83187613,42.98675
R-503,5,65,35.84512613,44,1.227503004,34.83187613,42.98675
R-503,5,70,35.84512613,44,1.227503004,34.83187613,42.98675
R-503,10,20,39.8216829,44,1.104925678,38.8084329,42.98675
R-503,10,25,39.8216829,44,1.104925678,38.8084329,42.98675
R-503,10,30,39.8216829,44,1.104925678,38.8084329,42.98675
R-503,10,35,39.8216829,44,1.104925678,38.8084329,42.98675
R-503,10,40,39.8216829,44,1.104925678,38.8084329,42.98675
R-503,10,45,39.8216829,44,1.104925678,38.8084329,42.98675
R-503,10,50,39.8216829,44,1.104925678,38.8084329,42.98675
R-503,10,55,39.8216829,44,1.104925678,38.8084329,42.98675
R-503,10,60,39.8216829,44,1.104925678,38.8084329,42.98675
R-503,10,65,39.8216829,44,1.104925678,38.8084329,42.98675
R-503,10,70,39.8216829,44,1.104925678,38.8084329,42.98675
R-718,-50,20,0.005,0.05615980157,11.23196031,0,0
R-718,-50,25,0.005,0.07041985115,14.08397023,0,0
R-718,-50,30,0.005,0.08764416877,17.52883375,0,0
R-718,-50,35,0.005,0.1083096444,21.66192888,0,0
R-718,-50,40,0.005,0.1329459553,26.58919106,0,0
R-718,-50,45,0.005,0.1621382399,32.42764799,0,0
R-718,-50,50,0.005,0.196529599,39.30591981,0,0
R-718,-50,55,0.005,0.2368234035,47.3646807,0,0
R-718,-50,60,0.005,0.2837853892,56.75707783,0,0
R-718,-50,65,0.005,0.3382455221,67.64910443,0,0
R-718,-50,70,0.005,0.4010996214,80.21992429,0,0
R-718,-45,20,0.005,0.05615980157,11.23196031,0,0
R-718,-45,25,0.005,0.07041985115,14.08397023,0,0
R-718,-45,30,0.005,0.08764416877,17.52883375,0,0
R-718,-45,35,0.005,0.1083096444,21.66192888,0,0
R-718,-45,40,0.005,0.1329459553,26.58919106,0,0
R-718,-45,45,0.005,0.1621382399,32.42764799,0,0
R-718,-45,50,0.005,0.196529599,39.30591981,0,0
R-718,-45,55,0.005,0.2368234035,47.3646807,0,0
R-718,-45,60,0.005,0.2837853892,56.75707783,0,0
R-718,-45,65,0.005,0.3382455221,67.64910443,0,0
R-718,-45,70,0.005,0.4010996214,80.21992429,0,0
R-718,-40,20,0.005,0.05615980157,11.23196031,0,0
R-718,-40,25,0.005,0.07041985115,14.08397023,0,0
R-718,-40,30,0.005,0.08764416877,17.52883375,0,0
R-718,-40,35,0.005,0.1083096444,21.66192888,0,0
R-718,-40,40,0.005,0.1329459553,26.58919106,0,0
R-718,-40,45,0.005,0.1621382399,32.42764799,0,0
R-718,-40,50,0.005,0.196529599,39.30591981,0,0
R-718,-40,55,0.005,0.2368234035,47.3646807,0,0
R-718,-40,60,0.005,0.2837853892,56.75707783,0,0
R-718,-40,65,0.005,0.3382455221,67.64910443,0,0
R-718,-40,70,0.005,0.4010996214,80.21992429,0,0
R-718,-35,20,0.005,0.05615980157,11.23196031,0,0
R-718,-35,25,0.005,0.07041985115,14.08397023,0,0
R-718,-35,30,0.005,0.08764416877,17.52883375,0,0
R-718,-35,35,0.005,0.1083096444,21.66192888,0,0
R-718,-35,40,0.005,0.1329459553,26.58919106,0,0
R-718,-35,45,0.005,0.1621382399,32.42764799,0,0
R-718,-35,50,0.005,0.196529599,39.30591981,0,0
R-718,-35,55,0.005,0.2368234035,47.3646807,0,0
R-718,-35,60,0.005,0.2837853892,56.75707783,0,0
R-718,-35,65,0.005,0.3382455221,67.64910443,0,0
R-718,-35,70,0.005,0.4010996214,80.21992429,0,0
R-718,-30,20,0.005,0.05615980157,11.23196031,0,0
R-718,-30,25,0.005,0.07041985115,14.08397023,0,0
R-718,-30,30,0.005,0.08764416877,17.52883375,0,0
R-718,-30,35,0.005,0.1083096444,21.66192888,0,0
R-718,-30,40,0.005,0.1329459553,26.58919106,0,0
R-718,-30,45,0.005,0.1621382399,32.42764799,0,0
R-718,-30,50,0.005,0.196529599,39.30591981,0,0
R-718,-30,55,0.005,0.2368234035,47.3646807,0,0
R-718,-30,60,0.005,0.2837853892,56.75707783,0,0
R-718,-30,65,0.005,0.3382455221,67.64910443,0,0
R-718,-30,70,0.005,0.4010996214,80.21992429,0,0
R-718,-25,20,0.005,0.05615980157,11.23196031,0,0
R-718,-25,25,0.005,0.07041985115,14.08397023,0,0
R-718,-25,30,0.005,0.08764416877,17.52883375,0,0
R-718,-25,35,0.005,0.1083096444,21.66192888,0,0
R-718,-25,40,0.005,0.1329459553,26.58919106,0,0
R-718,-25,45,0.005,0.1621382399,32.42764799,0,0
R-718,-25,50,0.005,0.196529599,39.30591981,0,0
R-718,-25,55,0.005,0.2368234035,47.3646807,0,0
R-718,-25,60,0.005,0.2837853892,56.75707783,0,0
R-718,-25,65,0.005,0.3382455221,67.64910443,0,0
R-718,-25,70,0.005,0.4010996214,80.21992429,0,0
R-718,-20,20,0.006660731717,0.05615980157,8.431476294,0,0
R-718,-20,25,0.006660731717,0.07041985115,10.57238966,0,0
R-718,-20,30,0.006660731717,0.08764416877,13.15833943,0,0
R-718,-20,35,0.006660731717,0.1083096444,16.26092282,0,0
R-718,-20,40,0.006660731717,0.1329459553,19.95966224,0,0
R-718,-20,45,0.006660731717,0.1621382399,24.34240664,0,0
R-718,-20,50,0.006660731717,0.196529599,29.50570709,0,0
R-718,-20,55,0.006660731717,0.2368234035,35.55516324,0,0
R-718,-20,60,0.006660731717,0.2837853892,42.60573781,0,0
R-718,-20,65,0.006660731717,0.3382455221,50.78203665,0,0
R-718,-20,70,0.006660731717,0.4010996214,60.21855233,0,0
R-718,-15,20,0.009014707842,0.05615980157,6.229797189,0,0
R-718,-15,25,0.009014707842,0.07041985115,7.811662051,0,0
R-718,-15,30,0.009014707842,0.08764416877,9.722352661,0,0
R-718,-15,35,0.009014707842,0.1083096444,12.01477034,0,0
R-718,-15,40,0.009014707842,0.1329459553,14.7476721,0,0
R-718,-15,45,0.009014707842,0.1621382399,17.98596724,0,0
R-718,-15,50,0.009014707842,0.196529599,21.80099483,0,0
R-718,-15,55,0.009014707842,0.2368234035,26.27077967,0,0
R-718,-15,60,0.009014707842,0.2837853892,31.48026471,0,0
R-718,-15,65,0.009014707842,0.3382455221,37.52151795,0,0
R-718,-15,70,0.009014707842,0.4010996214,44.49391244,0,0
R-718,-10,20,0.01206109927,0.05615980157,4.656275543,0,0
R-718,-10,25,0.01206109927,0.07041985115,5.838593112,0,0
R-718,-10,30,0.01206109927,0.08764416877,7.26668165,0,0
R-718,-10,35,0.01206109927,0.1083096444,8.980080665,0,0
R-718,-10,40,0.01206109927,0.1329459553,11.02270633,0,0
R-718,-10,45,0.01206109927,0.1621382399,13.44307316,0,0
R-718,-10,50,0.01206109927,0.196529599,16.2945014,0,0
R-718,-10,55,0.01206109927,0.2368234035,19.63530837,0,0
R-718,-10,60,0.01206109927,0.2837853892,23.52898212,0,0
R-718,-10,65,0.01206109927,0.3382455221,28.04433613,0,0
R-718,-10,70,0.01206109927,0.4010996214,33.25564381,0,0
R-718,-5,20,0.01596272509,0.05615980157,3.518183847,0,0
R-718,-5,25,0.01596272509,0.07041985115,4.41151813,0,0
R-718,-5,30,0.01596272509,0.08764416877,5.490551787,0,0
R-718,-5,35,0.01596272509,0.1083096444,6.785160038,0,0
R-718,-5,40,0.01596272509,0.1329459553,8.32852502,0,0
R-718,-5,45,0.01596272509,0.1621382399,10.15730328,0,0
R-718,-5,50,0.01596272509,0.196529599,12.31178247,0,0
R-718,-5,55,0.01596272509,0.2368234035,14.83602594,0,0
R-718,-5,60,0.01596272509,0.2837853892,17.77800391,0,0
R-718,-5,65,0.01596272509,0.3382455221,21.18971041,0,0
R-718,-5,70,0.01596272509,0.4010996214,25.12726487,0,0
R-718,0,20,0.0209108175,0.05615980157,2.68568178,0,0
R-718,0,25,0.0209108175,0.07041985115,3.367627839,0,0
R-718,0,30,0.0209108175,0.08764416877,4.191331533,0,0
R-718,0,35,0.0209108175,0.1083096444,5.179598759,0,0
R-718,0,40,0.0209108175,0.1329459553,6.35775982,0,0
R-718,0,45,0.0209108175,0.1621382399,7.753797283,0,0
R-718,0,50,0.0209108175,0.196529599,9.398465604,0,0
R-718,0,55,0.0209108175,0.2368234035,11.32540148,0,0
R-718,0,60,0.0209108175,0.2837853892,13.57122404,0,0
R-718,0,65,0.0209108175,0.3382455221,16.17562403,0,0
R-718,0,70,0.0209108175,0.4010996214,19.18144144,0,0
R-718,5,20,0.02712808486,0.05615980157,2.070171996,0,0
R-718,5,25,0.02712808486,0.07041985115,2.595828328,0,0
R-718,5,30,0.02712808486,0.08764416877,3.230754004,0,0
R-718,5,35,0.02712808486,0.1083096444,3.992528222,0,0
R-718,5,40,0.02712808486,0.1329459553,4.900676035,0,0
R-718,5,45,0.02712808486,0.1621382399,5.976766912,0,0
R-718,5,50,0.02712808486,0.196529599,7.244506941,0,0
R-718,5,55,0.02712808486,0.2368234035,8.729823899,0,0
R-718,5,60,0.02712808486,0.2837853892,10.46094447,0,0
R-718,5,65,0.02712808486,0.3382455221,12.46846299,0,0
R-718,5,70,0.02712808486,0.4010996214,14.78540131,0,0
R-718,10,20,0.03487183022,0.05615980157,1.610463266,0,0
R-718,10,25,0.03487183022,0.07041985115,2.019390743,0,0
R-718,10,30,0.03487183022,0.08764416877,2.513322881,0,0
R-718,10,35,0.03487183022,0.1083096444,3.105935183,0,0
R-718,10,40,0.03487183022,0.1329459553,3.812416913,0,0
R-718,10,45,0.03487183022,0.1621382399,4.649547756,0,0
R-718,10,50,0.03487183022,0.196529599,5.635769554,0,0
R-718,10,55,0.03487183022,0.2368234035,6.791252482,0,0
R-718,10,60,0.03487183022,0.2837853892,8.137955117,0,0
R-718,10,65,0.03487183022,0.3382455221,9.699677935,0,0
R-718,10,70,0.03487183022,0.4010996214,11.50210984,0,0
R-729,-50,20,37.7,37.7,1,36.68675,36.68675
R-729,-50,25,37.7,37.7,1,36.68675,36.68675
R-729,-50,30,37.7,37.7,1,36.68675,36.68675
R-729,-50,35,37.7,37.7,1,36.68675,36.68675
R-729,-50,40,37.7,37.7,1,36.68675,36.68675
R-729,-50,45,37.7,37.7,1,36.68675,36.68675
R-729,-50,50,37.7,37.7,1,36.68675,36.68675
R-729,-50,55,37.7,37.7,1,36.68675,36.68675
R-729,-50,60,37.7,37.7,1,36.68675,36.68675
R-729,-50,65,37.7,37.7,1,36.68675,36.68675
R-729,-50,70,37.7,37.7,1,36.68675,36.68675
R-729,-45,20,37.7,37.7,1,36.68675,36.68675
R-729,-45,25,37.7,37.7,1,36.68675,36.68675
R-729,-45,30,37.7,37.7,1,36.68675,36.68675
R-729,-45,35,37.7,37.7,1,36.68675,36.68675
R-729,-45,40,37.7,37.7,1,36.68675,36.68675
R-729,-45,45,37.7,37.7,1,36.68675,36.68675
R-729,-45,50,37.7,37.7,1,36.68675,36.68675
R-729,-45,55,37.7,37.7,1,36.68675,36.68675
R-729,-45,60,37.7,37.7,1,36.68675,36.68675
R-729,-45,65,37.7,37.7,1,36.68675,36.68675
R-729,-45,70,37.7,37.7,1,36.68675,36.68675
R-729,-40,20,37.7,37.7,1,36.68675,36.68675
R-729,-40,25,37.7,37.7,1,36.68675,36.68675
R-729,-40,30,37.7,37.7,1,36.68675,36.68675
R-729,-40,35,37.7,37.7,1,36.68675,36.68675
R-729,-40,40,37.7,37.7,1,36.68675,36.68675
R-729,-40,45,37.7,37.7,1,36.68675,36.68675
R-729,-40,50,37.7,37.7,1,36.68675,36.68675
R-729,-40,55,37.7,37.7,1,36.68675,36.68675
R-729,-40,60,37.7,37.7,1,36.68675,36.68675
R-729,-40,65,37.7,37.7,1,36.68675,36.68675
R-729,-40,70,37.7,37.7,1,36.68675,36.68675
R-729,-35,20,37.7,37.7,1,36.68675,36.68675
R-729,-35,25,37.7,37.7,1,36.68675,36.68675
R-729,-35,30,37.7,37.7,1,36.68675,36.68675
R-729,-35,35,37.7,37.7,1,36.68675,36.68675
R-729,-35,40,37.7,37.7,1,36.68675,36.68675
R-729,-35,45,37.7,37.7,1,36.68675,36.68675
R-729,-35,50,37.7,37.7,1,36.68675,36.68675
R-729,-35,55,37.7,37.7,1,36.68675,36.68675
R-729,-35,60,37.7,37.7,1,36.68675,36.68675
R-729,-35,65,37.7,37.7,1,36.68675,36.68675
R-729,-35,70,37.7,37.7,1,36.68675,36.68675
R-729,-30,20,37.7,37.7,1,36.68675,36.68675
R-729,-30,25,37.7,37.7,1,36.68675,36.68675
R-729,-30,30,37.7,37.7,1,36.68675,36.68675
R-729,-30,35,37.7,37.7,1,36.68675,36.68675
R-729,-30,40,37.7,37.7,1,36.68675,36.68675
R-729,-30,45,37.7,37.7,1,36.68675,36.68675
R-729,-30,50,37.7,37.7,1,36.68675,36.68675
R-729,-30,55,37.7,37.7,1,36.68675,36.68675
R-729,-30,60,37.7,37.7,1,36.68675,36.68675
R-729,-30,65,37.7,37.7,1,36.68675,36.68675
R-729,-30,70,37.7,37.7,1,36.68675,36.68675
R-729,-25,20,37.7,37.7,1,36.68675,36.68675
R-729,-25,25,37.7,37.7,1,36.68675,36.68675
R-729,-25,30,37.7,37.7,1,36.68675,36.68675
R-729,-25,35,37.7,37.7,1,36.68675,36.68675
R-729,-25,40,37.7,37.7,1,36.68675,36.68675
R-729,-25,45,37.7,37.7,1,36.68675,36.68675
R-729,-25,50,37.7,37.7,1,36.68675,36.68675
R-729,-25,55,37.7,37.7,1,36.68675,36.68675
R-729,-25,60,37.7,37.7,1,36.68675,36.68675
R-729,-25,65,37.7,37.7,1,36.68675,36.68675
R-729,-25,70,37.7,37.7,1,36.68675,36.68675
R-729,-20,20,37.7,37.7,1,36.68675,36.68675
R-729,-20,25,37.7,37.7,1,36.68675,36.68675
R-729,-20,30,37.7,37.7,1,36.68675,36.68675
R-729,-20,35,37.7,37.7,1,36.68675,36.68675
R-729,-20,40,37.7,37.7,1,36.68675,36.68675
R-729,-20,45,37.7,37.7,1,36.68675,36.68675
R-729,-20,50,37.7,37.7,1,36.68675,36.68675
R-729,-20,55,37.7,37.7,1,36.68675,36.68675
R-729,-20,60,37.7,37.7,1,36.68675,36.68675
R-729,-20,65,37.7,37.7,1,36.68675,36.68675
R-729,-20,70,37.7,37.7,1,36.68675,36.68675
R-729,-15,20,37.7,37.7,1,36.68675,36.68675
R-729,-15,25,37.7,37.7,1,36.68675,36.68675
R-729,-15,30,37.7,37.7,1,36.68675,36.68675
R-729,-15,35,37.7,37.7,1,36.68675,36.68675
R-729,-15,40,37.7,37.7,1,36.68675,36.68675
R-729,-15,45,37.7,37.7,1,36.68675,36.68675
R-729,-15,50,37.7,37.7,1,36.68675,36.68675
R-729,-15,55,37.7,37.7,1,36.68675,36.68675
R-729,-15,60,37.7,37.7,1,36.68675,36.68675
R-729,-15,65,37.7,37.7,1,36.68675,36.68675
R-729,-15,70,37.7,37.7,1,36.68675,36.68675
R-729,-10,20,37.7,37.7,1,36.68675,36.68675
R-729,-10,25,37.7,37.7,1,36.68675,36.68675
R-729,-10,30,37.7,37.7,1,36.68675,36.68675
R-729,-10,35,37.7,37.7,1,36.68675,36.68675
R-729,-10,40,37.7,37.7,1,36.68675,36.68675
R-729,-10,45,37.7,37.7,1,36.68675,36.68675
R-729,-10,50,37.7,37.7,1,36.68675,36.68675
R-729,-10,55,37.7,37.7,1,36.68675,36.68675
R-729,-10,60,37.7,37.7,1,36.68675,36.68675
R-729,-10,65,37.7,37.7,1,36.68675,36.68675
R-729,-10,70,37.7,37.7,1,36.68675,36.68675
R-729,-5,20,37.7,37.7,1,36.68675,36.68675
R-729,-5,25,37.7,37.7,1,36.68675,36.68675
R-729,-5,30,37.7,37.7,1,36.68675,36.68675
R-729,-5,35,37.7,37.7,1,36.68675,36.68675
R-729,-5,40,37.7,37.7,1,36.68675,36.68675
R-729,-5,45,37.7,37.7,1,36.68675,36.68675
R-729,-5,50,37.7,37.7,1,36.68675,36.68675
R-729,-5,55,37.7,37.7,1,36.68675,36.68675
R-729,-5,60,37.7,37.7,1,36.68675,36.68675
R-729,-5,65,37.7,37.7,1,36.68675,36.68675
R-729,-5,70,37.7,37.7,1,36.68675,36.68675
R-729,0,20,37.7,37.7,1,36.68675,36.68675
R-729,0,25,37.7,37.7,1,36.68675,36.68675
R-729,0,30,37.7,37.7,1,36.68675,36.68675
R-729,0,35,37.7,37.7,1,36.68675,36.68675
R-729,0,40,37.7,37.7,1,36.68675,36.68675
R-729,0,45,37.7,37.7,1,36.68675,36.68675
R-729,0,50,37.7,37.7,1,36.68675,36.68675
R-729,0,55,37.7,37.7,1,36.68675,36.68675
R-729,0,60,37.7,37.7,1,36.68675,36.68675
R-729,0,65,37.7,37.7,1,36.68675,36.68675
R-729,0,70,37.7,37.7,1,36.68675,36.68675
R-729,5,20,37.7,37.7,1,36.68675,36.68675
R-729,5,25,37.7,37.7,1,36.68675,36.68675
R-729,5,30,37.7,37.7,1,36.68675,36.68675
R-729,5,35,37.7,37.7,1,36.68675,36.68675
R-729,5,40,37.7,37.7,1,36.68675,36.68675
R-729,5,45,37.7,37.7,1,36.68675,36.68675
R-729,5,50,37.7,37.7,1,36.68675,36.68675
R-729,5,55,37.7,37.7,1,36.68675,36.68675
R-729,5,60,37.7,37.7,1,36.68675,36.68675
R-729,5,65,37.7,37.7,1,36.68675,36.68675
R-729,5,70,37.7,37.7,1,36.68675,36.68675
R-729,10,20,37.7,37.7,1,36.68675,36.68675
R-729,10,25,37.7,37.7,1,36.68675,36.68675
R-729,10,30,37.7,37.7,1,36.68675,36.68675
R-729,10,35,37.7,37.7,1,36.68675,36.68675
R-729,10,40,37.7,37.7,1,36.68675,36.68675
R-729,10,45,37.7,37.7,1,36.68675,36.68675
R-729,10,50,37.7,37.7,1,36.68675,36.68675
R-729,10,55,37.7,37.7,1,36.68675,36.68675
R-729,10,60,37.7,37.7,1,36.68675,36.68675
R-729,10,65,37.7,37.7,1,36.68675,36.68675
R-729,10,70,37.7,37.7,1,36.68675,36.68675
R-1150,-50,20,14.93024752,50.4,3.375697552,13.91699752,49.38675
R-1150,-50,25,14.93024752,50.4,3.375697552,13.91699752,49.38675
R-1150,-50,30,14.93024752,50.4,3.375697552,13.91699752,49.38675
R-1150,-50,35,14.93024752,50.4,3.375697552,13.91699752,49.38675
R-1150,-50,40,14.93024752,50.4,3.375697552,13.91699752,49.38675
R-1150,-50,45,14.93024752,50.4,3.375697552,13.91699752,49.38675
R-1150,-50,50,14.93024752,50.4,3.375697552,13.91699752,49.38675
R-1150,-50,55,14.93024752,50.4,3.375697552,13.91699752,49.38675
R-1150,-50,60,14.93024752,50.4,3.375697552,13.91699752,49.38675
R-1150,-50,65,14.93024752,50.4,3.375697552,13.91699752,49.38675
R-1150,-50,70,14.93024752,50.4,3.375697552,13.91699752,49.38675
R-1150,-45,20,17.81259523,50.4,2.829458557,16.79934523,49.38675
R-1150,-45,25,17.81259523,50.4,2.829458557,16.79934523,49.38675
R-1150,-45,30,17.81259523,50.4,2.829458557,16.79934523,49.38675
R-1150,-45,35,17.81259523,50.4,2.829458557,16.79934523,49.38675
R-1150,-45,40,17.81259523,50.4,2.829458557,16.79934523,49.38675
R-1150,-45,45,17.81259523,50.4,2.829458557,16.79934523,49.38675
R-1150,-45,50,17.81259523,50.4,2.829458557,16.79934523,49.38675
R-1150,-45,55,17.81259523,50.4,2.829458557,16.79934523,49.38675
R-1150,-45,60,17.81259523,50.4,2.829458557,16.79934523,49.38675
R-1150,-45,65,17.81259523,50.4,2.829458557,16.79934523,49.38675
R-1150,-45,70,17.81259523,50.4,2.829458557,16.79934523,49.38675
R-1150,-40,20,21.0381798,50.4,2.395644513,20.0249298,49.38675
R-1150,-40,25,21.0381798,50.4,2.395644513,20.0249298,49.38675
R-1150,-40,30,21.0381798,50.4,2.395644513,20.0249298,49.38675
R-1150,-40,35,21.0381798,50.4,2.395644513,20.0249298,49.38675
R-1150,-40,40,21.0381798,50.4,2.395644513,20.0249298,49.38675
R-1150,-40,45,21.0381798,50.4,2.395644513,20.0249298,49.38675
R-1150,-40,50,21.0381798,50.4,2.395644513,20.0249298,49.38675
R-1150,-40,55,21.0381798,50.4,2.395644513,20.0249298,49.38675
R-1150,-40,60,21.0381798,50.4,2.395644513,20.0249298,49.38675
R-1150,-40,65,21.0381798,50.4,2.395644513,20.0249298,49.38675
R-1150,-40,70,21.0381798,50.4,2.395644513,20.0249298,49.38675
R-1150,-35,20,24.61099744,50.4,2.047864989,23.59774744,49.38675
R-1150,-35,25,24.61099744,50.4,2.047864989,23.59774744,49.38675
R-1150,-35,30,24.61099744,50.4,2.047864989,23.59774744,49.38675
R-1150,-35,35,24.61099744,50.4,2.047864989,23.59774744,49.38675
R-1150,-35,40,24.61099744,50.4,2.047864989,23.59774744,49.38675
R-1150,-35,45,24.61099744,50.4,2.047864989,23.59774744,49.38675
R-1150,-35,50,24.61099744,50.4,2.047864989,23.59774744,49.38675
R-1150,-35,55,24.61099744,50.4,2.047864989,23.59774744,49.38675
R-1150,-35,60,24.61099744,50.4,2.047864989,23.59774744,49.38675
R-1150,-35,65,24.61099744,50.4,2.047864989,23.59774744,49.38675
R-1150,-35,70,24.61099744,50.4,2.047864989,23.59774744,49.38675
R-1150,-30,20,28.53026297,50.4,1.766545232,27.51701297,49.38675
R-1150,-30,25,28.53026297,50.4,1.766545232,27.51701297,49.38675
R-1150,-30,30,28.53026297,50.4,1.766545232,27.51701297,49.38675
R-1150,-30,35,28.53026297,50.4,1.766545232,27.51701297,49.38675
R-1150,-30,40,28.53026297,50.4,1.766545232,27.51701297,49.38675
R-1150,-30,45,28.53026297,50.4,1.766545232,27.51701297,49.38675
R-1150,-30,50,28.53026297,50.4,1.766545232,27.51701297,49.38675
R-1150,-30,55,28.53026297,50.4,1.766545232,27.51701297,49.38675
R-1150,-30,60,28.53026297,50.4,1.766545232,27.51701297,49.38675
R-1150,-30,65,28.53026297,50.4,1.766545232,27.51701297,49.38675
R-1150,-30,70,28.53026297,50.4,1.766545232,27.51701297,49.38675
R-1150,-25,20,32.79075436,50.4,1.53701862,31.77750436,49.38675
R-1150,-25,25,32.79075436,50.4,1.53701862,31.77750436,49.38675
R-1150,-25,30,32.79075436,50.4,1.53701862,31.77750436,49.38675
R-1150,-25,35,32.79075436,50.4,1.53701862,31.77750436,49.38675
R-1150,-25,40,32.79075436,50.4,1.53701862,31.77750436,49.38675
R-1150,-25,45,32.79075436,50.4,1.53701862,31.77750436,49.38675
R-1150,-25,50,32.79075436,50.4,1.53701862,31.77750436,49.38675
R-1150,-25,55,32.79075436,50.4,1.53701862,31.77750436,49.38675
R-1150,-25,60,32.79075436,50.4,1.53701862,31.77750436,49.38675
R-1150,-25,65,32.79075436,50.4,1.53701862,31.77750436,49.38675
R-1150,-25,70,32.79075436,50.4,1.53701862,31.77750436,49.38675
R-1150,-20,20,37.38348843,50.4,1.348188789,36.37023843,49.38675
R-1150,-20,25,37.38348843,50.4,1.348188789,36.37023843,49.38675
R-1150,-20,30,37.38348843,50.4,1.348188789,36.37023843,49.38675
R-1150,-20,35,37.38348843,50.4,1.348188789,36.37023843,49.38675
R-1150,-20,40,37.38348843,50.4,1.348188789,36.37023843,49.38675
R-1150,-20,45,37.38348843,50.4,1.348188789,36.37023843,49.38675
R-1150,-20,50,37.38348843,50.4,1.348188789,36.37023843,49.38675
R-1150,-20,55,37.38348843,50.4,1.348188789,36.37023843,49.38675
R-1150,-20,60,37.38348843,50.4,1.348188789,36.37023843,49.38675
R-1150,-20,65,37.38348843,50.4,1.348188789,36.37023843,49.38675
R-1150,-20,70,37.38348843,50.4,1.348188789,36.37023843,49.38675
R-1150,-15,20,42.29673043,50.4,1.191581465,41.28348043,49.38675
R-1150,-15,25,42.29673043,50.4,1.191581465,41.28348043,49.38675
R-1150,-15,30,42.29673043,50.4,1.191581465,41.28348043,49.38675
R-1150,-15,35,42.29673043,50.4,1.191581465,41.28348043,49.38675
R-1150,-15,40,42.29673043,50.4,1.191581465,41.28348043,49.38675
R-1150,-15,45,42.29673043,50.4,1.191581465,41.28348043,49.38675
R-1150,-15,50,42.29673043,50.4,1.191581465,41.28348043,49.38675
R-1150,-15,55,42.29673043,50.4,1.191581465,41.28348043,49.38675
R-1150,-15,60,42.29673043,50.4,1.191581465,41.28348043,49.38675
R-1150,-15,65,42.29673043,50.4,1.191581465,41.28348043,49.38675
R-1150,-15,70,42.29673043,50.4,1.191581465,41.28348043,49.38675
R-1150,-10,20,47.51732321,50.4,1.060665808,46.50407321,49.38675
R-1150,-10,25,47.51732321,50.4,1.060665808,46.50407321,49.38675
R-1150,-10,30,47.51732321,50.4,1.060665808,46.50407321,49.38675
R-1150,-10,35,47.51732321,50.4,1.060665808,46.50407321,49.38675
R-1150,-10,40,47.51732321,50.4,1.060665808,46.50407321,49.38675
R-1150,-10,45,47.51732321,50.4,1.060665808,46.50407321,49.38675
R-1150,-10,50,47.51732321,50.4,1.060665808,46.50407321,49.38675
R-1150,-10,55,47.51732321,50.4,1.060665808,46.50407321,49.38675
R-1150,-10,60,47.51732321,50.4,1.060665808,46.50407321,49.38675
R-1150,-10,65,47.51732321,50.4,1.060665808,46.50407321,49.38675
R-1150,-10,70,47.51732321,50.4,1.060665808,46.50407321,49.38675
R-1150,-5,20,50.4,50.4,1,49.38675,49.38675
R-1150,-5,25,50.4,50.4,1,49.38675,49.38675
R-1150,-5,30,50.4,50.4,1,49.38675,49.38675
R-1150,-5,35,50.4,50.4,1,49.38675,49.38675
R-1150,-5,40,50.4,50.4,1,49.38675,49.38675
R-1150,-5,45,50.4,50.4,1,49.38675,49.38675
R-1150,-5,50,50.4,50.4,1,49.38675,49.38675
R-1150,-5,55,50.4,50.4,1,49.38675,49.38675
R-1150,-5,60,50.4,50.4,1,49.38675,49.38675
R-1150,-5,65,50.4,50.4,1,49.38675,49.38675
R-1150,-5,70,50.4,50.4,1,49.38675,49.38675
R-1150,0,20,50.4,50.4,1,49.38675,49.38675
R-1150,0,25,50.4,50.4,1,49.38675,49.38675
R-1150,0,30,50.4,50.4,1,49.38675,49.38675
R-1150,0,35,50.4,50.4,1,49.38675,49.38675
R-1150,0,40,50.4,50.4,1,49.38675,49.38675
R-1150,0,45,50.4,50.4,1,49.38675,49.38675
R-1150,0,50,50.4,50.4,1,49.38675,49.38675
R-1150,0,55,50.4,50.4,1,49.38675,49.38675
R-1150,0,60,50.4,50.4,1,49.38675,49.38675
R-1150,0,65,50.4,50.4,1,49.38675,49.38675
R-1150,0,70,50.4,50.4,1,49.38675,49.38675
R-1150,5,20,50.4,50.4,1,49.38675,49.38675
R-1150,5,25,50.4,50.4,1,49.38675,49.38675
R-1150,5,30,50.4,50.4,1,49.38675,49.38675
R-1150,5,35,50.4,50.4,1,49.38675,49.38675
R-1150,5,40,50.4,50.4,1,49.38675,49.38675
R-1150,5,45,50.4,50.4,1,49.38675,49.38675
R-1150,5,50,50.4,50.4,1,49.38675,49.38675
R-1150,5,55,50.4,50.4,1,49.38675,49.38675
R-1150,5,60,50.4,50.4,1,49.38675,49.38675
R-1150,5,65,50.4,50.4,1,49.38675,49.38675
R-1150,5,70,50.4,50.4,1,49.38675,49.38675
R-1150,10,20,50.4,50.4,1,49.38675,49.38675
R-1150,10,25,50.4,50.4,1,49.38675,49.38675
R-1150,10,30,50.4,50.4,1,49.38675,49.38675
R-1150,10,35,50.4,50.4,1,49.38675,49.38675
R-1150,10,40,50.4,50.4,1,49.38675,49.38675
R-1150,10,45,50.4,50.4,1,49.38675,49.38675
R-1150,10,50,50.4,50.4,1,49.38675,49.38675
R-1150,10,55,50.4,50.4,1,49.38675,49.38675
R-1150,10,60,50.4,50.4,1,49.38675,49.38675
R-1150,10,65,50.4,50.4,1,49.38675,49.38675
R-1150,10,70,50.4,50.4,1,49.38675,49.38675
R-1270,-50,20,0.9151944368,13.42683949,14.67102394,0,12.41358949
R-1270,-50,25,0.9151944368,15.37989281,16.80505496,0,14.36664281
R-1270,-50,30,0.9151944368,17.51148897,19.13417331,0,16.49823897
R-1270,-50,35,0.9151944368,19.8237609,21.66070957,0,18.8105109
R-1270,-50,40,0.9151944368,22.31740971,24.38542982,0,21.30415971
R-1270,-50,45,0.9151944368,24.9917692,27.30760612,0,23.9785192
R-1270,-50,50,0.9151944368,27.84493114,30.4251534,0,26.83168114
R-1270,-50,55,0.9151944368,30.87393305,33.7348347,0,29.86068305
R-1270,-50,60,0.9151944368,34.07500825,37.23253429,0,33.06175825
R-1270,-50,65,0.9151944368,37.44389597,40.91359657,0,36.43064597
R-1270,-50,70,0.9151944368,40.97620739,44.77322604,0,39.96295739
R-1270,-45,20,1.175653576,13.42683949,11.42074483,0.1624035756,12.41358949
R-1270,-45,25,1.175653576,15.37989281,13.08199382,0.1624035756,14.36664281
R-1270,-45,30,1.175653576,17.51148897,14.89510969,0.1624035756,16.49823897
R-1270,-45,35,1.175653576,19.8237609,16.8619067,0.1624035756,18.8105109
R-1270,-45,40,1.175653576,22.31740971,18.98298119,0.1624035756,21.30415971
R-1270,-45,45,1.175653576,24.9917692,21.2577665,0.1624035756,23.9785192
R-1270,-45,50,1.175653576,27.84493114,23.68463952,0.1624035756,26.83168114
R-1270,-45,55,1.175653576,30.87393305,26.26108038,0.1624035756,29.86068305
R-1270,-45,60,1.175653576,34.07500825,28.98388518,0.1624035756,33.06175825
R-1270,-45,65,1.175653576,37.44389597,31.84942975,0.1624035756,36.43064597
R-1270,-45,70,1.175653576,40.97620739,34.853981,0.1624035756,39.96295739
R-1270,-40,20,1.494278436,13.42683949,8.985500405,0.4810284359,12.41358949
R-1270,-40,25,1.494278436,15.37989281,10.29252142,0.4810284359,14.36664281
R-1270,-40,30,1.494278436,17.51148897,11.71902675,0.4810284359,16.49823897
R-1270,-40,35,1.494278436,19.8237609,13.26644381,0.4810284359,18.8105109
R-1270,-40,40,1.494278436,22.31740971,14.93524177,0.4810284359,21.30415971
R-1270,-40,45,1.494278436,24.9917692,16.72497481,0.4810284359,23.9785192
R-1270,-40,50,1.494278436,27.84493114,18.6343659,0.4810284359,26.83168114
R-1270,-40,55,1.494278436,30.87393305,20.66143251,0.4810284359,29.86068305
R-1270,-40,60,1.494278436,34.07500825,22.80365388,0.4810284359,33.06175825
R-1270,-40,65,1.494278436,37.44389597,25.05817863,0.4810284359,36.43064597
R-1270,-40,70,1.494278436,40.97620739,27.42206968,0.4810284359,39.96295739
R-1270,-35,20,1.880098476,13.42683949,7.141561818,0.8668484761,12.41358949
R-1270,-35,25,1.880098476,15.37989281,8.180365554,0.8668484761,14.36664281
R-1270,-35,30,1.880098476,17.51148897,9.314133909,0.8668484761,16.49823897
R-1270,-35,35,1.880098476,19.8237609,10.54400137,0.8668484761,18.8105109
R-1270,-35,40,1.880098476,22.31740971,11.87034083,0.8668484761,21.30415971
R-1270,-35,45,1.880098476,24.9917692,13.29279797,0.8668484761,23.9785192
R-1270,-35,50,1.880098476,27.84493114,14.8103578,0.8668484761,26.83168114
R-1270,-35,55,1.880098476,30.87393305,16.42144464,0.8668484761,29.86068305
R-1270,-35,60,1.880098476,34.07500825,18.12405503,0.8668484761,33.06175825
R-1270,-35,65,1.880098476,37.44389597,19.91592273,0.8668484761,36.43064597
R-1270,-35,70,1.880098476,40.97620739,21.79471337,0.8668484761,39.96295739
R-1270,-30,20,2.342720401,13.42683949,5.731302585,1.329470401,12.41358949
R-1270,-30,25,2.342720401,15.37989281,6.564971562,1.329470401,14.36664281
R-1270,-30,30,2.342720401,17.51148897,7.474852296,1.329470401,16.49823897
R-1270,-30,35,2.342720401,19.8237609,8.461855239,1.329470401,18.8105109
R-1270,-30,40,2.342720401,22.31740971,9.526279663,1.329470401,21.30415971
R-1270,-30,45,2.342720401,24.9917692,10.66784119,1.329470401,23.9785192
R-1270,-30,50,2.342720401,27.84493114,11.8857253,1.329470401,26.83168114
R-1270,-30,55,2.342720401,30.87393305,13.17866743,1.329470401,29.86068305
R-1270,-30,60,2.342720401,34.07500825,14.54505976,1.329470401,33.06175825
R-1270,-30,65,2.342720401,37.44389597,15.98308358,1.329470401,36.43064597
R-1270,-30,70,2.342720401,40.97620739,17.49086548,1.329470401,39.96295739
R-1270,-25,20,2.892214254,13.42683949,4.642408311,1.878964254,12.41358949
R-1270,-25,25,2.892214254,15.37989281,5.317687924,1.878964254,14.36664281
R-1270,-25,30,2.892214254,17.51148897,6.054699766,1.878964254,16.49823897
R-1270,-25,35,2.892214254,19.8237609,6.854181315,1.878964254,18.8105109
R-1270,-25,40,2.892214254,22.31740971,7.716374982,1.878964254,21.30415971
R-1270,-25,45,2.892214254,24.9917692,8.641050421,1.878964254,23.9785192
R-1270,-25,50,2.892214254,27.84493114,9.627547854,1.878964254,26.83168114
R-1270,-25,55,2.892214254,30.87393305,10.67484299,1.878964254,29.86068305
R-1270,-25,60,2.892214254,34.07500825,11.78163347,1.878964254,33.06175825
R-1270,-25,65,2.892214254,37.44389597,12.94644611,1.878964254,36.43064597
R-1270,-25,70,2.892214254,40.97620739,14.16776345,1.878964254,39.96295739
R-1270,-20,20,3.538974032,13.42683949,3.793992092,2.525724032,12.41358949
R-1270,-20,25,3.538974032,15.37989281,4.345862014,2.525724032,14.36664281
R-1270,-20,30,3.538974032,17.51148897,4.948182386,2.525724032,16.49823897
R-1270,-20,35,3.538974032,19.8237609,5.601555909,2.525724032,18.8105109
R-1270,-20,40,3.538974032,22.31740971,6.306180693,2.525724032,21.30415971
R-1270,-20,45,3.538974032,24.9917692,7.06186849,2.525724032,23.9785192
R-1270,-20,50,3.538974032,27.84493114,7.868080095,2.525724032,26.83168114
R-1270,-20,55,3.538974032,30.87393305,8.72397841,2.525724032,29.86068305
R-1270,-20,60,3.538974032,34.07500825,9.628499091,2.525724032,33.06175825
R-1270,-20,65,3.538974032,37.44389597,10.58043818,2.525724032,36.43064597
R-1270,-20,70,3.538974032,40.97620739,11.57855554,2.525724032,39.96295739
R-1270,-15,20,4.293555315,13.42683949,3.127207758,3.280305315,12.41358949
R-1270,-15,25,4.293555315,15.37989281,3.582087963,3.280305315,14.36664281
R-1270,-15,30,4.293555315,17.51148897,4.078552082,3.280305315,16.49823897
R-1270,-15,35,4.293555315,19.8237609,4.617096891,3.280305315,18.8105109
R-1270,-15,40,4.293555315,22.31740971,5.197885685,3.280305315,21.30415971
R-1270,-15,45,4.293555315,24.9917692,5.820763299,3.280305315,23.9785192
R-1270,-15,50,4.293555315,27.84493114,6.485285292,3.280305315,26.83168114
R-1270,-15,55,4.293555315,30.87393305,7.190761683,3.280305315,29.86068305
R-1270,-15,60,4.293555315,34.07500825,7.936315185,3.280305315,33.06175825
R-1270,-15,65,4.293555315,37.44389597,8.720953434,3.280305315,36.43064597
R-1270,-15,70,4.293555315,40.97620739,9.543654239,3.280305315,39.96295739
R-1270,-10,20,5.166493658,13.42683949,2.59883015,4.153243658,12.41358949
R-1270,-10,25,5.166493658,15.37989281,2.976853129,4.153243658,14.36664281
R-1270,-10,30,5.166493658,17.51148897,3.389433942,4.153243658,16.49823897
R-1270,-10,35,5.166493658,19.8237609,3.836985432,4.153243658,18.8105109
R-1270,-10,40,5.166493658,22.31740971,4.319643299,4.153243658,21.30415971
R-1270,-10,45,5.166493658,24.9917692,4.837278598,4.153243658,23.9785192
R-1270,-10,50,5.166493658,27.84493114,5.389521981,4.153243658,26.83168114
R-1270,-10,55,5.166493658,30.87393305,5.975800047,4.153243658,29.86068305
R-1270,-10,60,5.166493658,34.07500825,6.595383736,4.153243658,33.06175825
R-1270,-10,65,5.166493658,37.44389597,7.247448356,4.153243658,36.43064597
R-1270,-10,70,5.166493658,40.97620739,7.931144427,4.153243658,39.96295739
R-1270,-5,20,6.168108659,13.42683949,2.176816303,5.154858659,12.41358949
R-1270,-5,25,6.168108659,15.37989281,2.493453612,5.154858659,14.36664281
R-1270,-5,30,6.168108659,17.51148897,2.839037043,5.154858659,16.49823897
R-1270,-5,35,6.168108659,19.8237609,3.213912399,5.154858659,18.8105109
R-1270,-5,40,6.168108659,22.31740971,3.618193347,5.154858659,21.30415971
R-1270,-5,45,6.168108659,24.9917692,4.051771877,5.154858659,23.9785192
R-1270,-5,50,6.168108659,27.84493114,4.514338621,5.154858659,26.83168114
R-1270,-5,55,6.168108659,30.87393305,5.005413289,5.154858659,29.86068305
R-1270,-5,60,6.168108659,34.07500825,5.52438521,5.154858659,33.06175825
R-1270,-5,65,6.168108659,37.44389597,6.070563611,5.154858659,36.43064597
R-1270,-5,70,6.168108659,40.97620739,6.643236955,5.154858659,39.96295739
R-1270,0,20,7.308299743,13.42683949,1.83720427,6.295049743,12.41358949
R-1270,0,25,7.308299743,15.37989281,2.104441984,6.295049743,14.36664281
R-1270,0,30,7.308299743,17.51148897,2.396109846,6.295049743,16.49823897
R-1270,0,35,7.308299743,19.8237609,2.712499705,6.295049743,18.8105109
R-1270,0,40,7.308299743,22.31740971,3.053707497,6.295049743,21.30415971
R-1270,0,45,7.308299743,24.9917692,3.419642062,6.295049743,23.9785192
R-1270,0,50,7.308299743,27.84493114,3.810042297,6.295049743,26.83168114
R-1270,0,55,7.308299743,30.87393305,4.224502844,6.295049743,29.86068305
R-1270,0,60,7.308299743,34.07500825,4.662508305,6.295049743,33.06175825
R-1270,0,65,7.308299743,37.44389597,5.123475677,6.295049743,36.43064597
R-1270,0,70,7.308299743,40.97620739,5.606804432,6.295049743,39.96295739
R-1270,5,20,8.596340608,13.42683949,1.561925022,7.583090608,12.41358949
R-1270,5,25,8.596340608,15.37989281,1.78912092,7.583090608,14.36664281
R-1270,5,30,8.596340608,17.51148897,2.03708645,7.583090608,16.49823897
R-1270,5,35,8.596340608,19.8237609,2.306069734,7.583090608,18.8105109
R-1270,5,40,8.596340608,22.31740971,2.596152332,7.583090608,21.30415971
R-1270,5,45,8.596340608,24.9917692,2.907256743,7.583090608,23.9785192
R-1270,5,50,8.596340608,27.84493114,3.239160988,7.583090608,26.83168114
R-1270,5,55,8.596340608,30.87393305,3.591520445,7.583090608,29.86068305
R-1270,5,60,8.596340608,34.07500825,3.963896942,7.583090608,33.06175825
R-1270,5,65,8.596340608,37.44389597,4.355794829,7.583090608,36.43064597
R-1270,5,70,8.596340608,40.97620739,4.766703561,7.583090608,39.96295739
R-1270,10,20,10.04068001,13.42683949,1.337244038,9.027430014,12.41358949
R-1270,10,25,10.04068001,15.37989281,1.531758087,9.027430014,14.36664281
R-1270,10,30,10.04068001,17.51148897,1.744054082,9.027430014,16.49823897
R-1270,10,35,10.04068001,19.8237609,1.974344454,9.027430014,18.8105109
R-1270,10,40,10.04068001,22.31740971,2.222699029,9.027430014,21.30415971
R-1270,10,45,10.04068001,24.9917692,2.489051455,9.027430014,23.9785192
R-1270,10,50,10.04068001,27.84493114,2.773211685,9.027430014,26.83168114
R-1270,10,55,10.04068001,30.87393305,3.07488467,9.027430014,29.86068305
R-1270,10,60,10.04068001,34.07500825,3.393695268,9.027430014,33.06175825
R-1270,10,65,10.04068001,37.44389597,3.729219128,9.027430014,36.43064597
R-1270,10,70,10.04068001,40.97620739,4.081019147,9.027430014,39.96295739
R-170,-50,20,7.152890082,48.7,6.808436792,6.139640082,47.68675
R-170,-50,25,7.152890082,48.7,6.808436792,6.139640082,47.68675
R-170,-50,30,7.152890082,48.7,6.808436792,6.139640082,47.68675
R-170,-50,35,7.152890082,48.7,6.808436792,6.139640082,47.68675
R-170,-50,40,7.152890082,48.7,6.808436792,6.139640082,47.68675
R-170,-50,45,7.152890082,48.7,6.808436792,6.139640082,47.68675
R-170,-50,50,7.152890082,48.7,6.808436792,6.139640082,47.68675
R-170,-50,55,7.152890082,48.7,6.808436792,6.139640082,47.68675
R-170,-50,60,7.152890082,48.7,6.808436792,6.139640082,47.68675
R-170,-50,65,7.152890082,48.7,6.808436792,6.139640082,47.68675
R-170,-50,70,7.152890082,48.7,6.808436792,6.139640082,47.68675
R-170,-45,20,8.736262258,48.7,5.574466352,7.723012258,47.68675
R-170,-45,25,8.736262258,48.7,5.574466352,7.723012258,47.68675
R-170,-45,30,8.736262258,48.7,5.574466352,7.723012258,47.68675
R-170,-45,35,8.736262258,48.7,5.574466352,7.723012258,47.68675
R-170,-45,40,8.736262258,48.7,5.574466352,7.723012258,47.68675
R-170,-45,45,8.736262258,48.7,5.574466352,7.723012258,47.68675
R-170,-45,50,8.736262258,48.7,5.574466352,7.723012258,47.68675
R-170,-45,55,8.736262258,48.7,5.574466352,7.723012258,47.68675
R-170,-45,60,8.736262258,48.7,5.574466352,7.723012258,47.68675
R-170,-45,65,8.736262258,48.7,5.574466352,7.723012258,47.68675
R-170,-45,70,8.736262258,48.7,5.574466352,7.723012258,47.68675
R-170,-40,20,10.56098947,48.7,4.611310344,9.547739474,47.68675
R-170,-40,25,10.56098947,48.7,4.611310344,9.547739474,47.68675
R-170,-40,30,10.56098947,48.7,4.611310344,9.547739474,47.68675
R-170,-40,35,10.56098947,48.7,4.611310344,9.547739474,47.68675
R-170,-40,40,10.56098947,48.7,4.611310344,9.547739474,47.68675
R-170,-40,45,10.56098947,48.7,4.611310344,9.547739474,47.68675
R-170,-40,50,10.56098947,48.7,4.611310344,9.547739474,47.68675
R-170,-40,55,10.56098947,48.7,4.611310344,9.547739474,47.68675
R-170,-40,60,10.56098947,48.7,4.611310344,9.547739474,47.68675
R-170,-40,65,10.56098947,48.7,4.611310344,9.547739474,47.68675
R-170,-40,70,10.56098947,48.7,4.611310344,9.547739474,47.68675
R-170,-35,20,12.64205482,48.7,3.852221867,11.62880482,47.68675
R-170,-35,25,12.64205482,48.7,3.852221867,11.62880482,47.68675
R-170,-35,30,12.64205482,48.7,3.852221867,11.62880482,47.68675
R-170,-35,35,12.64205482,48.7,3.852221867,11.62880482,47.68675
R-170,-35,40,12.64205482,48.7,3.852221867,11.62880482,47.68675
R-170,-35,45,12.64205482,48.7,3.852221867,11.62880482,47.68675
R-170,-35,50,12.64205482,48.7,3.852221867,11.62880482,47.68675
R-170,-35,55,12.64205482,48.7,3.852221867,11.62880482,47.68675
R-170,-35,60,12.64205482,48.7,3.852221867,11.62880482,47.68675
R-170,-35,65,12.64205482,48.7,3.852221867,11.62880482,47.68675
R-170,-35,70,12.64205482,48.7,3.852221867,11.62880482,47.68675
R-170,-30,20,14.99185259,48.7,3.248431088,13.97860259,47.68675
R-170,-30,25,14.99185259,48.7,3.248431088,13.97860259,47.68675
R-170,-30,30,14.99185259,48.7,3.248431088,13.97860259,47.68675
R-170,-30,35,14.99185259,48.7,3.248431088,13.97860259,47.68675
R-170,-30,40,14.99185259,48.7,3.248431088,13.97860259,47.68675
R-170,-30,45,14.99185259,48.7,3.248431088,13.97860259,47.68675
R-170,-30,50,14.99185259,48.7,3.248431088,13.97860259,47.68675
R-170,-30,55,14.99185259,48.7,3.248431088,13.97860259,47.68675
R-170,-30,60,14.99185259,48.7,3.248431088,13.97860259,47.68675
R-170,-30,65,14.99185259,48.7,3.248431088,13.97860259,47.68675
R-170,-30,70,14.99185259,48.7,3.248431088,13.97860259,47.68675
R-170,-25,20,17.61979446,48.7,2.763936896,16.60654446,47.68675
R-170,-25,25,17.61979446,48.7,2.763936896,16.60654446,47.68675
R-170,-25,30,17.61979446,48.7,2.763936896,16.60654446,47.68675
R-170,-25,35,17.61979446,48.7,2.763936896,16.60654446,47.68675
R-170,-25,40,17.61979446,48.7,2.763936896,16.60654446,47.68675
R-170,-25,45,17.61979446,48.7,2.763936896,16.60654446,47.68675
R-170,-25,50,17.61979446,48.7,2.763936896,16.60654446,47.68675
R-170,-25,55,17.61979446,48.7,2.763936896,16.60654446,47.68675
R-170,-25,60,17.61979446,48.7,2.763936896,16.60654446,47.68675
R-170,-25,65,17.61979446,48.7,2.763936896,16.60654446,47.68675
R-170,-25,70,17.61979446,48.7,2.763936896,16.60654446,47.68675
R-170,-20,20,20.53203649,48.7,2.371903051,19.51878649,47.68675
R-170,-20,25,20.53203649,48.7,2.371903051,19.51878649,47.68675
R-170,-20,30,20.53203649,48.7,2.371903051,19.51878649,47.68675
R-170,-20,35,20.53203649,48.7,2.371903051,19.51878649,47.68675
R-170,-20,40,20.53203649,48.7,2.371903051,19.51878649,47.68675
R-170,-20,45,20.53203649,48.7,2.371903051,19.51878649,47.68675
R-170,-20,50,20.53203649,48.7,2.371903051,19.51878649,47.68675
R-170,-20,55,20.53203649,48.7,2.371903051,19.51878649,47.68675
R-170,-20,60,20.53203649,48.7,2.371903051,19.51878649,47.68675
R-170,-20,65,20.53203649,48.7,2.371903051,19.51878649,47.68675
R-170,-20,70,20.53203649,48.7,2.371903051,19.51878649,47.68675
R-170,-15,20,23.73135526,48.7,2.05213733,22.71810526,47.68675
R-170,-15,25,23.73135526,48.7,2.05213733,22.71810526,47.68675
R-170,-15,30,23.73135526,48.7,2.05213733,22.71810526,47.68675
R-170,-15,35,23.73135526,48.7,2.05213733,22.71810526,47.68675
R-170,-15,40,23.73135526,48.7,2.05213733,22.71810526,47.68675
R-170,-15,45,23.73135526,48.7,2.05213733,22.71810526,47.68675
R-170,-15,50,23.73135526,48.7,2.05213733,22.71810526,47.68675
R-170,-15,55,23.73135526,48.7,2.05213733,22.71810526,47.68675
R-170,-15,60,23.73135526,48.7,2.05213733,22.71810526,47.68675
R-170,-15,65,23.73135526,48.7,2.05213733,22.71810526,47.68675
R-170,-15,70,23.73135526,48.7,2.05213733,22.71810526,47.68675
R-170,-10,20,27.21719668,48.7,1.789309919,26.20394668,47.68675
R-170,-10,25,27.21719668,48.7,1.789309919,26.20394668,47.68675
R-170,-10,30,27.21719668,48.7,1.789309919,26.20394668,47.68675
R-170,-10,35,27.21719668,48.7,1.789309919,26.20394668,47.68675
R-170,-10,40,27.21719668,48.7,1.789309919,26.20394668,47.68675
R-170,-10,45,27.21719668,48.7,1.789309919,26.20394668,47.68675
R-170,-10,50,27.21719668,48.7,1.789309919,26.20394668,47.68675
R-170,-10,55,27.21719668,48.7,1.789309919,26.20394668,47.68675
R-170,-10,60,27.21719668,48.7,1.789309919,26.20394668,47.68675
R-170,-10,65,27.21719668,48.7,1.789309919,26.20394668,47.68675
R-170,-10,70,27.21719668,48.7,1.789309919,26.20394668,47.68675
R-170,-5,20,30.98591533,48.7,1.571681827,29.97266533,47.68675
R-170,-5,25,30.98591533,48.7,1.571681827,29.97266533,47.68675
R-170,-5,30,30.98591533,48.7,1.571681827,29.97266533,47.68675
R-170,-5,35,30.98591533,48.7,1.571681827,29.97266533,47.68675
R-170,-5,40,30.98591533,48.7,1.571681827,29.97266533,47.68675
R-170,-5,45,30.98591533,48.7,1.571681827,29.97266533,47.68675
R-170,-5,50,30.98591533,48.7,1.571681827,29.97266533,47.68675
R-170,-5,55,30.98591533,48.7,1.571681827,29.97266533,47.68675
R-170,-5,60,30.98591533,48.7,1.571681827,29.97266533,47.68675
R-170,-5,65,30.98591533,48.7,1.571681827,29.97266533,47.68675
R-170,-5,70,30.98591533,48.7,1.571681827,29.97266533,47.68675
R-170,0,20,35.03121413,48.7,1.390188756,34.01796413,47.68675
R-170,0,25,35.03121413,48.7,1.390188756,34.01796413,47.68675
R-170,0,30,35.03121413,48.7,1.390188756,34.01796413,47.68675
R-170,0,35,35.03121413,48.7,1.390188756,34.01796413,47.68675
R-170,0,40,35.03121413,48.7,1.390188756,34.01796413,47.68675
R-170,0,45,35.03121413,48.7,1.390188756,34.01796413,47.68675
R-170,0,50,35.03121413,48.7,1.390188756,34.01796413,47.68675
R-170,0,55,35.03121413,48.7,1.390188756,34.01796413,47.68675
R-170,0,60,35.03121413,48.7,1.390188756,34.01796413,47.68675
R-170,0,65,35.03121413,48.7,1.390188756,34.01796413,47.68675
R-170,0,70,35.03121413,48.7,1.390188756,34.01796413,47.68675
R-170,5,20,39.34478674,48.7,1.237775168,38.33153674,47.68675
R-170,5,25,39.34478674,48.7,1.237775168,38.33153674,47.68675
R-170,5,30,39.34478674,48.7,1.237775168,38.33153674,47.68675
R-170,5,35,39.34478674,48.7,1.237775168,38.33153674,47.68675
R-170,5,40,39.34478674,48.7,1.237775168,38.33153674,47.68675
R-170,5,45,39.34478674,48.7,1.237775168,38.33153674,47.68675
R-170,5,50,39.34478674,48.7,1.237775168,38.33153674,47.68675
R-170,5,55,39.34478674,48.7,1.237775168,38.33153674,47.68675
R-170,5,60,39.34478674,48.7,1.237775168,38.33153674,47.68675
R-170,5,65,39.34478674,48.7,1.237775168,38.33153674,47.68675
R-170,5,70,39.34478674,48.7,1.237775168,38.33153674,47.68675
R-170,10,20,43.91715514,48.7,1.108906072,42.90390514,47.68675
R-170,10,25,43.91715514,48.7,1.108906072,42.90390514,47.68675
R-170,10,30,43.91715514,48.7,1.108906072,42.90390514,47.68675
R-170,10,35,43.91715514,48.7,1.108906072,42.90390514,47.68675
R-170,10,40,43.91715514,48.7,1.108906072,42.90390514,47.68675
R-170,10,45,43.91715514,48.7,1.108906072,42.90390514,47.68675
R-170,10,50,43.91715514,48.7,1.108906072,42.90390514,47.68675
R-170,10,55,43.91715514,48.7,1.108906072,42.90390514,47.68675
R-170,10,60,43.91715514,48.7,1.108906072,42.90390514,47.68675
R-170,10,65,43.91715514,48.7,1.108906072,42.90390514,47.68675
R-170,10,70,43.91715514,48.7,1.108906072,42.90390514,47.68675
R-11,-50,20,0.03159729532,0.9105802468,28.81829719,0,0
R-11,-50,25,0.03159729532,1.101269291,34.85327715,0,0.08801929073
R-11,-50,30,0.03159729532,1.323562848,41.88848554,0,0.3103128479
R-11,-50,35,0.03159729532,1.58112739,50.03995987,0,0.5678773897
R-11,-50,40,0.03159729532,1.87780332,59.42924233,0,0.8645533202
R-11,-50,45,0.03159729532,2.217577368,70.182506,0,1.204327368
R-11,-50,50,0.03159729532,2.604550218,82.4295305,0,1.591300218
R-11,-50,55,0.03159729532,3.042899715,96.30253745,0,2.029649715
R-11,-50,60,0.03159729532,3.536840117,111.9349008,0,2.523590117
R-11,-50,65,0.03159729532,4.090578005,129.4597517,0,3.077328005
R-11,-50,70,0.03159729532,4.708265601,149.0085007,0,3.695015601
R-11,-45,20,0.04291333279,0.9105802468,21.21905216,0,0
R-11,-45,25,0.04291333279,1.101269291,25.66263721,0,0.08801929073
R-11,-45,30,0.04291333279,1.323562848,30.84269531,0,0.3103128479
R-11,-45,35,0.04291333279,1.58112739,36.84466544,0,0.5678773897
R-11,-45,40,0.04291333279,1.87780332,43.75803971,0,0.8645533202
R-11,-45,45,0.04291333279,2.217577368,51.67571996,0,1.204327368
R-11,-45,50,0.04291333279,2.604550218,60.69326358,0,1.591300218
R-11,-45,55,0.04291333279,3.042899715,70.90802596,0,2.029649715
R-11,-45,60,0.04291333279,3.536840117,82.41821102,0,2.523590117
R-11,-45,65,0.04291333279,4.090578005,95.3218438,0,3.077328005
R-11,-45,70,0.04291333279,4.708265601,109.7156826,0,3.695015601
R-11,-40,20,0.0575218137,0.9105802468,15.83017273,0,0
R-11,-40,25,0.0575218137,1.101269291,19.1452463,0,0.08801929073
R-11,-40,30,0.0575218137,1.323562848,23.00975513,0,0.3103128479
R-11,-40,35,0.0575218137,1.58112739,27.48743978,0,0.5678773897
R-11,-40,40,0.0575218137,1.87780332,32.64506453,0,0.8645533202
R-11,-40,45,0.0575218137,2.217577368,38.55193753,0,1.204327368
R-11,-40,50,0.0575218137,2.604550218,45.27934797,0,1.591300218
R-11,-40,55,0.0575218137,3.042899715,52.89992648,0,2.029649715
R-11,-40,60,0.0575218137,3.536840117,61.4869367,0,2.523590117
R-11,-40,65,0.0575218137,4.090578005,71.11350882,0,3.077328005
R-11,-40,70,0.0575218137,4.708265601,81.851828,0,3.695015601
R-11,-35,20,0.07616054319,0.9105802468,11.95606292,0,0
R-11,-35,25,0.07616054319,1.101269291,14.45984029,0,0.08801929073
R-11,-35,30,0.07616054319,1.323562848,17.37858992,0,0.3103128479
R-11,-35,35,0.07616054319,1.58112739,20.76045316,0,0.5678773897
R-11,-35,40,0.07616054319,1.87780332,24.65585514,0,0.8645533202
R-11,-35,45,0.07616054319,2.217577368,29.11714222,0,1.204327368
R-11,-35,50,0.07616054319,2.604550218,34.19815706,0,1.591300218
R-11,-35,55,0.07616054319,3.042899715,39.95375542,0,2.029649715
R-11,-35,60,0.07616054319,3.536840117,46.43927117,0,2.523590117
R-11,-35,65,0.07616054319,4.090578005,53.70993738,0,3.077328005
R-11,-35,70,0.07616054319,4.708265601,61.82027338,0,3.695015601
R-11,-30,20,0.09968142383,0.9105802468,9.134904096,0,0
R-11,-30,25,0.09968142383,1.101269291,11.04788885,0,0.08801929073
R-11,-30,30,0.09968142383,1.323562848,13.2779288,0,0.3103128479
R-11,-30,35,0.09968142383,1.58112739,15.86180583,0,0.5678773897
R-11,-30,40,0.09968142383,1.87780332,18.83804673,0,0.8645533202
R-11,-30,45,0.09968142383,2.217577368,22.24664619,0,1.204327368
R-11,-30,50,0.09968142383,2.604550218,26.12874213,0,1.591300218
R-11,-30,55,0.09968142383,3.042899715,30.5262465,0,2.029649715
R-11,-30,60,0.09968142383,3.536840117,35.48143658,0,2.523590117
R-11,-30,65,0.09968142383,4.090578005,41.0365126,0,3.077328005
R-11,-30,70,0.09968142383,4.708265601,47.23312951,0,3.695015601
R-11,-25,20,0.1290589742,0.9105802468,7.055536062,0,0
R-11,-25,25,0.1290589742,1.101269291,8.533070229,0,0.08801929073
R-11,-25,30,0.1290589742,1.323562848,10.25548867,0,0.3103128479
R-11,-25,35,0.1290589742,1.58112739,12.25120066,0,0.5678773897
R-11,-25,40,0.1290589742,1.87780332,14.54996316,0,0.8645533202
R-11,-25,45,0.1290589742,2.217577368,17.18266693,0,1.204327368
R-11,-25,50,0.1290589742,2.604550218,20.18108569,0,1.591300218
R-11,-25,55,0.1290589742,3.042899715,23.57759105,0,2.029649715
R-11,-25,60,0.1290589742,3.536840117,27.40483673,0,2.523590117
R-11,-25,65,0.1290589742,4.090578005,31.695417,0,3.077328005
R-11,-25,70,0.1290589742,4.708265601,36.48150491,0,3.695015601
R-11,-20,20,0.1653983064,0.9105802468,5.505378299,0,0
R-11,-20,25,0.1653983064,1.101269291,6.658286379,0,0.08801929073
R-11,-20,30,0.1653983064,1.323562848,8.002275698,0,0.3103128479
R-11,-20,35,0.1653983064,1.58112739,9.559513782,0,0.5678773897
R-11,-20,40,0.1653983064,1.87780332,11.35321976,0,0.8645533202
R-11,-20,45,0.1653983064,2.217577368,13.40749743,0,1.204327368
R-11,-20,50,0.1653983064,2.604550218,15.74713958,0,1.591300218
R-11,-20,55,0.1653983064,3.042899715,18.39740552,0,2.029649715
R-11,-20,60,0.1653983064,3.536840117,21.38377468,0,2.523590117
R-11,-20,65,0.1653983064,4.090578005,24.73168011,0,3.077328005
R-11,-20,70,0.1653983064,4.708265601,28.46622619,0,3.695015601
R-11,-15,20,0.209942447,0.9105802468,4.337285099,0,0
R-11,-15,25,0.209942447,1.101269291,5.245577093,0,0.08801929073
R-11,-15,30,0.209942447,1.323562848,6.304408027,0,0.3103128479
R-11,-15,35,0.209942447,1.58112739,7.531242074,0,0.5678773897
R-11,-15,40,0.209942447,1.87780332,8.944371885,0,0.8645533202
R-11,-15,45,0.209942447,2.217577368,10.56278709,0,1.204327368
R-11,-15,50,0.209942447,2.604550218,12.4060201,0,1.591300218
R-11,-15,55,0.209942447,3.042899715,14.49397089,0,2.029649715
R-11,-15,60,0.209942447,3.536840117,16.84671284,0,2.523590117
R-11,-15,65,0.209942447,4.090578005,19.48428279,0,3.077328005
R-11,-15,70,0.209942447,4.708265601,22.42645863,0,3.695015601
R-11,-10,20,0.2640789009,0.9105802468,3.448137067,0,0
R-11,-10,25,0.2640789009,1.101269291,4.170228243,0,0.08801929073
R-11,-10,30,0.2640789009,1.323562848,5.011997716,0,0.3103128479
R-11,-10,35,0.2640789009,1.58112739,5.987329486,0,0.5678773897
R-11,-10,40,0.2640789009,1.87780332,7.110766192,0,0.8645533202
R-11,-10,45,0.2640789009,2.217577368,8.397404566,0,1.204327368
R-11,-10,50,0.2640789009,2.604550218,9.862772866,0,1.591300218
R-11,-10,55,0.2640789009,3.042899715,11.52269153,0,2.029649715
R-11,-10,60,0.2640789009,3.536840117,13.3931189,0,2.523590117
R-11,-10,65,0.2640789009,4.090578005,15.48998421,0,3.077328005
R-11,-10,70,0.2640789009,4.708265601,17.8290109,0,3.695015601
R-11,-5,20,0.3293453729,0.9105802468,2.764818703,0,0
R-11,-5,25,0.3293453729,1.101269291,3.343812852,0,0.08801929073
R-11,-5,30,0.3293453729,1.323562848,4.018768614,0,0.3103128479
R-11,-5,35,0.3293453729,1.58112739,4.800818593,0,0.5678773897
R-11,-5,40,0.3293453729,1.87780332,5.701623507,0,0.8645533202
R-11,-5,45,0.3293453729,2.217577368,6.733288366,0,1.204327368
R-11,-5,50,0.3293453729,2.604550218,7.908264188,0,1.591300218
R-11,-5,55,0.3293453729,3.042899715,9.239236272,0,2.029649715
R-11,-5,60,0.3293453729,3.536840117,10.73900048,0,2.523590117
R-11,-5,65,0.3293453729,4.090578005,12.42032936,0,3.077328005
R-11,-5,70,0.3293453729,4.708265601,14.29583042,0,3.695015601
R-11,0,20,0.4074345777,0.9105802468,2.234911558,0,0
R-11,0,25,0.4074345777,1.101269291,2.702935271,0,0.08801929073
R-11,0,30,0.4074345777,1.323562848,3.248528526,0,0.3103128479
R-11,0,35,0.4074345777,1.58112739,3.880690242,0,0.5678773897
R-11,0,40,0.4074345777,1.87780332,4.608846237,0,0.8645533202
R-11,0,45,0.4074345777,2.217577368,5.442781466,0,1.204327368
R-11,0,50,0.4074345777,2.604550218,6.392560574,0,1.591300218
R-11,0,55,0.4074345777,3.042899715,7.46843759,0,2.029649715
R-11,0,60,0.4074345777,3.536840117,8.680755908,0,2.523590117
R-11,0,65,0.4074345777,4.090578005,10.03984009,0,3.077328005
R-11,0,70,0.4074345777,4.708265601,11.55588126,0,3.695015601
R-11,5,20,0.5001980852,0.9105802468,1.820439289,0,0
R-11,5,25,0.5001980852,1.101269291,2.201666346,0,0.08801929073
R-11,5,30,0.5001980852,1.323562848,2.646077398,0,0.3103128479
R-11,5,35,0.5001980852,1.58112739,3.161002484,0,0.5678773897
R-11,5,40,0.5001980852,1.87780332,3.754119369,0,0.8645533202
R-11,5,45,0.5001980852,2.217577368,4.433398355,0,1.204327368
R-11,5,50,0.5001980852,2.604550218,5.207037562,0,1.591300218
R-11,5,55,0.5001980852,3.042899715,6.083389372,0,2.029649715
R-11,5,60,0.5001980852,3.536840117,7.070878962,0,2.523590117
R-11,5,65,0.5001980852,4.090578005,8.177916162,0,3.077328005
R-11,5,70,0.5001980852,4.708265601,9.412802129,0,3.695015601
R-11,10,20,0.6103503885,0.9105802468,1.491897546,0,0
R-11,10,25,0.6103503885,1.101269291,1.804323077,0,0.08801929073
R-11,10,30,0.6103503885,1.323562848,2.168529541,0,0.3103128479
R-11,10,35,0.6103503885,1.58112739,2.590524098,0,0.5678773897
R-11,10,40,0.6103503885,1.87780332,3.076598878,0,0.8645533202
R-11,10,45,0.6103503885,2.217577368,3.633285748,0,1.204327368
R-11,10,50,0.6103503885,2.604550218,4.267303285,0,1.591300218
R-11,10,55,0.6103503885,3.042899715,4.985496483,0,2.029649715
R-11,10,60,0.6103503885,3.536840117,5.794769995,0,2.523590117
R-11,10,65,0.6103503885,4.090578005,6.702015895,0,3.077328005
R-11,10,70,0.6103503885,4.708265601,7.714037199,0,3.695015601
R-113,-50,20,0.01026245045,0.377767233,36.81062674,0,0
R-113,-50,25,0.01026245045,0.4635508725,45.16960882,0,0
R-113,-50,30,0.01026245045,0.5650805939,55.0629303,0,0
R-113,-50,35,0.01026245045,0.6844911577,66.6986078,0,0
R-113,-50,40,0.01026245045,0.8240765154,80.30016996,0,0
R-113,-50,45,0.01026245045,0.9862821783,96.10591378,0,0
R-113,-50,50,0.01026245045,1.173694434,114.3678539,0,0.1604444337
R-113,-50,55,0.01026245045,1.389026355,135.3503592,0,0.3757763549
R-113,-50,60,0.01026245045,1.635100625,159.3284794,0,0.6218506249
R-113,-50,65,0.01026245045,1.914829276,186.5859704,0,0.9015792762
R-113,-50,70,0.01026245045,2.231190533,217.4130383,0,1.217940533
R-113,-45,20,0.01428554678,0.377767233,26.44401637,0,0
R-113,-45,25,0.01428554678,0.4635508725,32.44894155,0,0
R-113,-45,30,0.01428554678,0.5650805939,39.55610538,0,0
R-113,-45,35,0.01428554678,0.6844911577,47.91494286,0,0
R-113,-45,40,0.01428554678,0.8240765154,57.68603247,0,0
R-113,-45,45,0.01428554678,0.9862821783,69.040562,0,0
R-113,-45,50,0.01428554678,1.173694434,82.15957371,0,0.1604444337
R-113,-45,55,0.01428554678,1.389026355,97.23298493,0,0.3757763549
R-113,-45,60,0.01428554678,1.635100625,114.4583858,0,0.6218506249
R-113,-45,65,0.01428554678,1.914829276,134.039621,0,0.9015792762
R-113,-45,70,0.01428554678,2.231190533,156.1851686,0,1.217940533
R-113,-40,20,0.01960566479,0.377767233,19.26826951,0,0
R-113,-40,25,0.01960566479,0.4635508725,23.64372121,0,0
R-113,-40,30,0.01960566479,0.5650805939,28.82231233,0,0
R-113,-40,35,0.01960566479,0.6844911577,34.91292772,0,0
R-113,-40,40,0.01960566479,0.8240765154,42.03257193,0,0
R-113,-40,45,0.01960566479,0.9862821783,50.30597987,0,0
R-113,-40,50,0.01960566479,1.173694434,59.86506687,0,0.1604444337
R-113,-40,55,0.01960566479,1.389026355,70.84821504,0,0.3757763549
R-113,-40,60,0.01960566479,1.635100625,83.39939719,0,0.6218506249
R-113,-40,65,0.01960566479,1.914829276,97.66714349,0,0.9015792762
R-113,-40,70,0.01960566479,2.231190533,113.8033602,0,1.217940533
R-113,-35,20,0.02655175599,0.377767233,14.22758002,0,0
R-113,-35,25,0.02655175599,0.4635508725,17.45838854,0,0
R-113,-35,30,0.02655175599,0.5650805939,21.2822306,0,0
R-113,-35,35,0.02655175599,0.6844911577,25.77950618,0,0
R-113,-35,40,0.02655175599,0.8240765154,31.03661075,0,0
R-113,-35,45,0.02655175599,0.9862821783,37.14564786,0,0
R-113,-35,50,0.02655175599,1.173694434,44.20402304,0,0.1604444337
R-113,-35,55,0.02655175599,1.389026355,52.31391683,0,0.3757763549
R-113,-35,60,0.02655175599,1.635100625,61.58163796,0,0.6218506249
R-113,-35,65,0.02655175599,1.914829276,72.11686024,0,0.9015792762
R-113,-35,70,0.02655175599,2.231190533,84.03175041,0,1.217940533
R-113,-30,20,0.035513055,0.377767233,10.63741863,0,0
R-113,-30,25,0.035513055,0.4635508725,13.05297087,0,0
R-113,-30,30,0.035513055,0.5650805939,15.91191166,0,0
R-113,-30,35,0.035513055,0.6844911577,19.27435299,0,0
R-113,-30,40,0.035513055,0.8240765154,23.20488945,0,0
R-113,-30,45,0.035513055,0.9862821783,27.77238338,0,0
R-113,-30,50,0.035513055,1.173694434,33.04966114,0,0.1604444337
R-113,-30,55,0.035513055,1.389026355,39.11311925,0,0.3757763549
R-113,-30,60,0.035513055,1.635100625,46.04224066,0,0.6218506249
R-113,-30,65,0.035513055,1.914829276,53.91902432,0,0.9015792762
R-113,-30,70,0.035513055,2.231190533,62.82733301,0,1.217940533
R-113,-25,20,0.04694543484,0.377767233,8.046942887,0,0
R-113,-25,25,0.04694543484,0.4635508725,9.874248135,0,0
R-113,-25,30,0.04694543484,0.5650805939,12.03696581,0,0
R-113,-25,35,0.04694543484,0.6844911577,14.58056912,0,0
R-113,-25,40,0.04694543484,0.8240765154,17.5539223,0,0
R-113,-25,45,0.04694543484,0.9862821783,21.00911796,0,0
R-113,-25,50,0.04694543484,1.173694434,25.00124746,0,0.1604444337
R-113,-25,55,0.04694543484,1.389026355,29.58810286,0,0.3757763549
R-113,-25,60,0.04694543484,1.635100625,34.82981104,0,0.6218506249
R-113,-25,65,0.04694543484,1.914829276,40.78840216,0,0.9015792762
R-113,-25,70,0.04694543484,2.231190533,47.52731634,0,1.217940533
R-113,-20,20,0.0613777286,0.377767233,6.154793304,0,0
R-113,-20,25,0.0613777286,0.4635508725,7.552427942,0,0
R-113,-20,30,0.0613777286,0.5650805939,9.206606482,0,0
R-113,-20,35,0.0613777286,0.6844911577,11.15210962,0,0
R-113,-20,40,0.0613777286,0.8240765154,13.4263117,0,0
R-113,-20,45,0.0613777286,0.9862821783,16.06905633,0,0
R-113,-20,50,0.0613777286,1.173694434,19.12248075,0,0.1604444337
R-113,-20,55,0.0613777286,1.389026355,22.63078786,0,0.3757763549
R-113,-20,60,0.0613777286,1.635100625,26.63996636,0,0.6218506249
R-113,-20,65,0.0613777286,1.914829276,31.19746071,0,0.9015792762
R-113,-20,70,0.0613777286,2.231190533,36.35179378,0,1.217940533
R-113,-15,20,0.07941793245,0.377767233,4.756699417,0,0
R-113,-15,25,0.07941793245,0.4635508725,5.836853946,0,0
R-113,-15,30,0.07941793245,0.5650805939,7.115277072,0,0
R-113,-15,35,0.07941793245,0.6844911577,8.618848874,0,0
R-113,-15,40,0.07941793245,0.8240765154,10.37645391,0,0
R-113,-15,45,0.07941793245,0.9862821783,12.4188851,0,0
R-113,-15,50,0.07941793245,1.173694434,14.778708,0,0.1604444337
R-113,-15,55,0.07941793245,1.389026355,17.49008457,0,0.3757763549
R-113,-15,60,0.07941793245,1.635100625,20.58855695,0,0.6218506249
R-113,-15,65,0.07941793245,1.914829276,24.11079232,0,0.9015792762
R-113,-15,70,0.07941793245,2.231190533,28.09429135,0,1.217940533
R-113,-10,20,0.101759208,0.377767233,3.712364124,0,0
R-113,-10,25,0.101759208,0.4635508725,4.555370287,0,0
R-113,-10,30,0.101759208,0.5650805939,5.553115096,0,0
R-113,-10,35,0.101759208,0.6844911577,6.726577097,0,0
R-113,-10,40,0.101759208,0.8240765154,8.098299229,0,0
R-113,-10,45,0.101759208,0.9862821783,9.692313826,0,0
R-113,-10,50,0.101759208,1.173694434,11.53403665,0,0.1604444337
R-113,-10,55,0.101759208,1.389026355,13.65012939,0,0.3757763549
R-113,-10,60,0.101759208,1.635100625,16.06833089,0,0.6218506249
R-113,-10,65,0.101759208,1.914829276,18.81725806,0,0.9015792762
R-113,-10,70,0.101759208,2.231190533,21.92617825,0,1.217940533
R-113,-5,20,0.1291856051,0.377767233,2.924220797,0,0
R-113,-5,25,0.1291856051,0.4635508725,3.588254838,0,0
R-113,-5,30,0.1291856051,0.5650805939,4.37417616,0,0
R-113,-5,35,0.1291856051,0.6844911577,5.298509515,0,0
R-113,-5,40,0.1291856051,0.8240765154,6.379011926,0,0
R-113,-5,45,0.1291856051,0.9862821783,7.634613607,0,0
R-113,-5,50,0.1291856051,1.173694434,9.085334492,0,0.1604444337
R-113,-5,55,0.1291856051,1.389026355,10.75217594,0,0.3757763549
R-113,-5,60,0.1291856051,1.635100625,12.65698778,0,0.6218506249
R-113,-5,65,0.1291856051,1.914829276,14.82231147,0,0.9015792762
R-113,-5,70,0.1291856051,2.231190533,17.27120085,0,1.217940533
R-113,0,20,0.1625774331,0.377767233,2.323614206,0,0
R-113,0,25,0.1625774331,0.4635508725,2.851262095,0,0
R-113,0,30,0.1625774331,0.5650805939,3.4757628,0,0
R-113,0,35,0.1625774331,0.6844911577,4.210247048,0,0
R-113,0,40,0.1625774331,0.8240765154,5.068824743,0,0
R-113,0,45,0.1625774331,0.9862821783,6.066538016,0,0
R-113,0,50,0.1625774331,1.173694434,7.219294901,0,0.1604444337
R-113,0,55,0.1625774331,1.389026355,8.543783283,0,0.3757763549
R-113,0,60,0.1625774331,1.635100625,10.05736524,0,0.6218506249
R-113,0,65,0.1625774331,1.914829276,11.77795245,0,0.9015792762
R-113,0,70,0.1625774331,2.231190533,13.7238637,0,1.217940533
R-113,5,20,0.2029162136,0.377767233,1.861690726,0,0
R-113,5,25,0.2029162136,0.4635508725,2.284444718,0,0
R-113,5,30,0.2029162136,0.5650805939,2.784797645,0,0
R-113,5,35,0.2029162136,0.6844911577,3.37326991,0,0
R-113,5,40,0.2029162136,0.8240765154,4.061166432,0,0
R-113,5,45,0.2029162136,0.9862821783,4.86053904,0,0
R-113,5,50,0.2029162136,1.173694434,5.784133326,0,0.1604444337
R-113,5,55,0.2029162136,1.389026355,6.845319701,0,0.3757763549
R-113,5,60,0.2029162136,1.635100625,8.05800875,0,0.6218506249
R-113,5,65,0.2029162136,1.914829276,9.436551382,0,0.9015792762
R-113,5,70,0.2029162136,2.231190533,10.99562471,0,1.217940533
R-113,10,20,0.2512891574,0.377767233,1.503316884,0,0
R-113,10,25,0.2512891574,0.4635508725,1.844691101,0,0
R-113,10,30,0.2512891574,0.5650805939,2.248726526,0,0
R-113,10,35,0.2512891574,0.6844911577,2.723918392,0,0
R-113,10,40,0.2512891574,0.8240765154,3.279395434,0,0
R-113,10,45,0.2512891574,0.9862821783,3.924889511,0,0
R-113,10,50,0.2512891574,1.173694434,4.670692702,0,0.1604444337
R-113,10,55,0.2512891574,1.389026355,5.527601625,0,0.3757763549
R-113,10,60,0.2512891574,1.635100625,6.506849089,0,0.6218506249
R-113,10,65,0.2512891574,1.914829276,7.620023466,0,0.9015792762
R-113,10,70,0.2512891574,2.231190533,8.878976537,0,1.217940533
