Refrigerante,Temperatura_C,Fase,Presion_bar
R-134a,-50,Bubble,0.3322039531
R-134a,-50,Dew,0.3322039531
R-134a,-49,Bubble,0.34987216
R-134a,-49,Dew,0.34987216
R-134a,-48,Bubble,0.3690060952
R-134a,-48,Dew,0.3690060952
R-134a,-47,Bubble,0.3894959746
R-134a,-47,Dew,0.3894959746
R-134a,-46,Bubble,0.4109344428
R-134a,-46,Dew,0.4109344428
R-134a,-45,Bubble,0.4333554371
R-134a,-45,Dew,0.4333554371
R-134a,-44,Bubble,0.4567936476
R-134a,-44,Dew,0.4567936476
R-134a,-43,Bubble,0.4812845147
R-134a,-43,Dew,0.4812845147
R-134a,-42,Bubble,0.5068642264
R-134a,-42,Dew,0.5068642264
R-134a,-41,Bubble,0.5335697139
R-134a,-41,Dew,0.5335697139
R-134a,-40,Bubble,0.5614386468
R-134a,-40,Dew,0.5614386468
R-134a,-39,Bubble,0.590509427
R-134a,-39,Dew,0.590509427
R-134a,-38,Bubble,0.6208211822
R-134a,-38,Dew,0.6208211822
R-134a,-37,Bubble,0.652413758
R-134a,-37,Dew,0.652413758
R-134a,-36,Bubble,0.6853277092
R-134a,-36,Dew,0.6853277092
R-134a,-35,Bubble,0.7196042904
R-134a,-35,Dew,0.7196042904
R-134a,-34,Bubble,0.7552854448
R-134a,-34,Dew,0.7552854448
R-134a,-33,Bubble,0.7924137935
R-134a,-33,Dew,0.7924137935
R-134a,-32,Bubble,0.8310326221
R-134a,-32,Dew,0.8310326221
R-134a,-31,Bubble,0.8711858674
R-134a,-31,Dew,0.8711858674
R-134a,-30,Bubble,0.9129181033
R-134a,-30,Dew,0.9129181033
R-134a,-29,Bubble,0.9562745245
R-134a,-29,Dew,0.9562745245
R-134a,-28,Bubble,1.00130093
R-134a,-28,Dew,1.00130093
R-134a,-27,Bubble,1.048043707
R-134a,-27,Dew,1.048043707
R-134a,-26,Bubble,1.09654981
R-134a,-26,Dew,1.09654981
R-134a,-25,Bubble,1.146866744
R-134a,-25,Dew,1.146866744
R-134a,-24,Bubble,1.19904254
R-134a,-24,Dew,1.19904254
R-134a,-23,Bubble,1.253125738
R-134a,-23,Dew,1.253125738
R-134a,-22,Bubble,1.309165363
R-134a,-22,Dew,1.309165363
R-134a,-21,Bubble,1.367210899
R-134a,-21,Dew,1.367210899
R-134a,-20,Bubble,1.427312271
R-134a,-20,Dew,1.427312271
R-134a,-19,Bubble,1.489519811
R-134a,-19,Dew,1.489519811
R-134a,-18,Bubble,1.553884239
R-134a,-18,Dew,1.553884239
R-134a,-17,Bubble,1.620456635
R-134a,-17,Dew,1.620456635
R-134a,-16,Bubble,1.689288407
R-134a,-16,Dew,1.689288407
R-134a,-15,Bubble,1.760431267
R-134a,-15,Dew,1.760431267
R-134a,-14,Bubble,1.833937198
R-134a,-14,Dew,1.833937198
R-134a,-13,Bubble,1.909858427
R-134a,-13,Dew,1.909858427
R-134a,-12,Bubble,1.98824739
R-134a,-12,Dew,1.98824739
R-134a,-11,Bubble,2.069156705
R-134a,-11,Dew,2.069156705
R-134a,-10,Bubble,2.152639135
R-134a,-10,Dew,2.152639135
R-134a,-9,Bubble,2.238747557
R-134a,-9,Dew,2.238747557
R-134a,-8,Bubble,2.327534929
R-134a,-8,Dew,2.327534929
R-134a,-7,Bubble,2.419054253
R-134a,-7,Dew,2.419054253
R-134a,-6,Bubble,2.513358543
R-134a,-6,Dew,2.513358543
R-134a,-5,Bubble,2.610500788
R-134a,-5,Dew,2.610500788
R-134a,-4,Bubble,2.710533915
R-134a,-4,Dew,2.710533915
R-134a,-3,Bubble,2.813510757
R-134a,-3,Dew,2.813510757
R-134a,-2,Bubble,2.91948401
R-134a,-2,Dew,2.91948401
R-134a,-1,Bubble,3.0285062
R-134a,-1,Dew,3.0285062
R-134a,0,Bubble,3.140629648
R-134a,0,Dew,3.140629648
R-134a,1,Bubble,3.255906424
R-134a,1,Dew,3.255906424
R-134a,2,Bubble,3.37438832
R-134a,2,Dew,3.37438832
R-134a,3,Bubble,3.496126802
R-134a,3,Dew,3.496126802
R-134a,4,Bubble,3.621172979
R-134a,4,Dew,3.621172979
R-134a,5,Bubble,3.749577563
R-134a,5,Dew,3.749577563
R-134a,6,Bubble,3.88139083
R-134a,6,Dew,3.88139083
R-134a,7,Bubble,4.016662582
R-134a,7,Dew,4.016662582
R-134a,8,Bubble,4.15544211
R-134a,8,Dew,4.15544211
R-134a,9,Bubble,4.297778158
R-134a,9,Dew,4.297778158
R-134a,10,Bubble,4.443718882
R-134a,10,Dew,4.443718882
R-134a,11,Bubble,4.593311817
R-134a,11,Dew,4.593311817
R-134a,12,Bubble,4.746603836
R-134a,12,Dew,4.746603836
R-134a,13,Bubble,4.903641118
R-134a,13,Dew,4.903641118
R-134a,14,Bubble,5.06446911
R-134a,14,Dew,5.06446911
R-134a,15,Bubble,5.229132491
R-134a,15,Dew,5.229132491
R-134a,16,Bubble,5.397675142
R-134a,16,Dew,5.397675142
R-134a,17,Bubble,5.570140105
R-134a,17,Dew,5.570140105
R-134a,18,Bubble,5.746569557
R-134a,18,Dew,5.746569557
R-134a,19,Bubble,5.927004772
R-134a,19,Dew,5.927004772
R-134a,20,Bubble,6.111486094
R-134a,20,Dew,6.111486094
R-134a,21,Bubble,6.300052904
R-134a,21,Dew,6.300052904
R-134a,22,Bubble,6.49274359
R-134a,22,Dew,6.49274359
R-134a,23,Bubble,6.689595522
R-134a,23,Dew,6.689595522
R-134a,24,Bubble,6.890645021
R-134a,24,Dew,6.890645021
R-134a,25,Bubble,7.095927333
R-134a,25,Dew,7.095927333
R-134a,26,Bubble,7.305476607
R-134a,26,Dew,7.305476607
R-134a,27,Bubble,7.51932587
R-134a,27,Dew,7.51932587
R-134a,28,Bubble,7.737507002
R-134a,28,Dew,7.737507002
R-134a,29,Bubble,7.960050721
R-134a,29,Dew,7.960050721
R-134a,30,Bubble,8.186986557
R-134a,30,Dew,8.186986557
R-134a,31,Bubble,8.418342839
R-134a,31,Dew,8.418342839
R-134a,32,Bubble,8.654146679
R-134a,32,Dew,8.654146679
R-134a,33,Bubble,8.894423951
R-134a,33,Dew,8.894423951
R-134a,34,Bubble,9.139199288
R-134a,34,Dew,9.139199288
R-134a,35,Bubble,9.388496061
R-134a,35,Dew,9.388496061
R-134a,36,Bubble,9.642336378
R-134a,36,Dew,9.642336378
R-134a,37,Bubble,9.900741069
R-134a,37,Dew,9.900741069
R-134a,38,Bubble,10.16372969
R-134a,38,Dew,10.16372969
R-134a,39,Bubble,10.4313205
R-134a,39,Dew,10.4313205
R-134a,40,Bubble,10.70353049
R-134a,40,Dew,10.70353049
R-134a,41,Bubble,10.98037536
R-134a,41,Dew,10.98037536
R-134a,42,Bubble,11.26186953
R-134a,42,Dew,11.26186953
R-134a,43,Bubble,11.54802612
R-134a,43,Dew,11.54802612
R-134a,44,Bubble,11.83885701
R-134a,44,Dew,11.83885701
R-134a,45,Bubble,12.1343728
R-134a,45,Dew,12.1343728
R-134a,46,Bubble,12.43458284
R-134a,46,Dew,12.43458284
R-134a,47,Bubble,12.73949525
R-134a,47,Dew,12.73949525
R-134a,48,Bubble,13.04911692
R-134a,48,Dew,13.04911692
R-134a,49,Bubble,13.36345353
R-134a,49,Dew,13.36345353
R-134a,50,Bubble,13.68250959
R-134a,50,Dew,13.68250959
R-134a,51,Bubble,14.00628843
R-134a,51,Dew,14.00628843
R-134a,52,Bubble,14.33479226
R-134a,52,Dew,14.33479226
R-134a,53,Bubble,14.66802216
R-134a,53,Dew,14.66802216
R-134a,54,Bubble,15.00597814
R-134a,54,Dew,15.00597814
R-134a,55,Bubble,15.34865918
R-134a,55,Dew,15.34865918
R-134a,56,Bubble,15.6960632
R-134a,56,Dew,15.6960632
R-134a,57,Bubble,16.04818718
R-134a,57,Dew,16.04818718
R-134a,58,Bubble,16.40502716
R-134a,58,Dew,16.40502716
R-134a,59,Bubble,16.76657824
R-134a,59,Dew,16.76657824
R-134a,60,Bubble,17.13283473
R-134a,60,Dew,17.13283473
R-134a,61,Bubble,17.50379007
R-134a,61,Dew,17.50379007
R-134a,62,Bubble,17.879437
R-134a,62,Dew,17.879437
R-134a,63,Bubble,18.25976749
R-134a,63,Dew,18.25976749
R-134a,64,Bubble,18.64477291
R-134a,64,Dew,18.64477291
R-134a,65,Bubble,19.034444
R-134a,65,Dew,19.034444
R-134a,66,Bubble,19.42877097
R-134a,66,Dew,19.42877097
R-134a,67,Bubble,19.82774354
R-134a,67,Dew,19.82774354
R-134a,68,Bubble,20.23135101
R-134a,68,Dew,20.23135101
R-134a,69,Bubble,20.63958234
R-134a,69,Dew,20.63958234
R-134a,70,Bubble,21.05242619
R-134a,70,Dew,21.05242619
R-600a,-50,Bubble,0.1671292134
R-600a,-50,Dew,0.1671292134
R-600a,-49,Bubble,0.176558243
R-600a,-49,Dew,0.176558243
R-600a,-48,Bubble,0.1864283246
R-600a,-48,Dew,0.1864283246
R-600a,-47,Bubble,0.196755496
R-600a,-47,Dew,0.196755496
R-600a,-46,Bubble,0.2075561876
R-600a,-46,Dew,0.2075561876
R-600a,-45,Bubble,0.2188472257
R-600a,-45,Dew,0.2188472257
R-600a,-44,Bubble,0.2306458354
R-600a,-44,Dew,0.2306458354
R-600a,-43,Bubble,0.2429696442
R-600a,-43,Dew,0.2429696442
R-600a,-42,Bubble,0.2558366848
R-600a,-42,Dew,0.2558366848
R-600a,-41,Bubble,0.269265398
R-600a,-41,Dew,0.269265398
R-600a,-40,Bubble,0.2832746358
R-600a,-40,Dew,0.2832746358
R-600a,-39,Bubble,0.2978836634
R-600a,-39,Dew,0.2978836634
R-600a,-38,Bubble,0.3131121622
R-600a,-38,Dew,0.3131121622
R-600a,-37,Bubble,0.3289802321
R-600a,-37,Dew,0.3289802321
R-600a,-36,Bubble,0.3455083937
R-600a,-36,Dew,0.3455083937
R-600a,-35,Bubble,0.3627175902
R-600a,-35,Dew,0.3627175902
R-600a,-34,Bubble,0.3806291897
R-600a,-34,Dew,0.3806291897
R-600a,-33,Bubble,0.3992649867
R-600a,-33,Dew,0.3992649867
R-600a,-32,Bubble,0.4186472041
R-600a,-32,Dew,0.4186472041
R-600a,-31,Bubble,0.4387984944
R-600a,-31,Dew,0.4387984944
R-600a,-30,Bubble,0.4597419415
R-600a,-30,Dew,0.4597419415
R-600a,-29,Bubble,0.4815010613
R-600a,-29,Dew,0.4815010613
R-600a,-28,Bubble,0.5047404891
R-600a,-28,Dew,0.5047404891
R-600a,-27,Bubble,0.5297566788
R-600a,-27,Dew,0.5297566788
R-600a,-26,Bubble,0.5558026302
R-600a,-26,Dew,0.5558026302
R-600a,-25,Bubble,0.582910816
R-600a,-25,Dew,0.582910816
R-600a,-24,Bubble,0.6111143227
R-600a,-24,Dew,0.6111143227
R-600a,-23,Bubble,0.640446847
R-600a,-23,Dew,0.640446847
R-600a,-22,Bubble,0.6709426912
R-600a,-22,Dew,0.6709426912
R-600a,-21,Bubble,0.7026367584
R-600a,-21,Dew,0.7026367584
R-600a,-20,Bubble,0.7355645472
R-600a,-20,Dew,0.7355645472
R-600a,-19,Bubble,0.7697621452
R-600a,-19,Dew,0.7697621452
R-600a,-18,Bubble,0.8052662223
R-600a,-18,Dew,0.8052662223
R-600a,-17,Bubble,0.8421140227
R-600a,-17,Dew,0.8421140227
R-600a,-16,Bubble,0.8803433573
R-600a,-16,Dew,0.8803433573
R-600a,-15,Bubble,0.9199925944
R-600a,-15,Dew,0.9199925944
R-600a,-14,Bubble,0.96110065
R-600a,-14,Dew,0.96110065
R-600a,-13,Bubble,1.003706978
R-600a,-13,Dew,1.003706978
R-600a,-12,Bubble,1.047851558
R-600a,-12,Dew,1.047851558
R-600a,-11,Bubble,1.093574885
R-600a,-11,Dew,1.093574885
R-600a,-10,Bubble,1.140917956
R-600a,-10,Dew,1.140917956
R-600a,-9,Bubble,1.189922259
R-600a,-9,Dew,1.189922259
R-600a,-8,Bubble,1.240629755
R-600a,-8,Dew,1.240629755
R-600a,-7,Bubble,1.293082867
R-600a,-7,Dew,1.293082867
R-600a,-6,Bubble,1.347324465
R-600a,-6,Dew,1.347324465
R-600a,-5,Bubble,1.403397847
R-600a,-5,Dew,1.403397847
R-600a,-4,Bubble,1.461346726
R-600a,-4,Dew,1.461346726
R-600a,-3,Bubble,1.521215211
R-600a,-3,Dew,1.521215211
R-600a,-2,Bubble,1.583047787
R-600a,-2,Dew,1.583047787
R-600a,-1,Bubble,1.646889303
R-600a,-1,Dew,1.646889303
R-600a,0,Bubble,1.712784945
R-600a,0,Dew,1.712784945
R-600a,1,Bubble,1.780780222
R-600a,1,Dew,1.780780222
R-600a,2,Bubble,1.850920942
R-600a,2,Dew,1.850920942
R-600a,3,Bubble,1.923253192
R-600a,3,Dew,1.923253192
R-600a,4,Bubble,1.997823318
R-600a,4,Dew,1.997823318
R-600a,5,Bubble,2.074677901
R-600a,5,Dew,2.074677901
R-600a,6,Bubble,2.153863732
R-600a,6,Dew,2.153863732
R-600a,7,Bubble,2.235427795
R-600a,7,Dew,2.235427795
R-600a,8,Bubble,2.319417237
R-600a,8,Dew,2.319417237
R-600a,9,Bubble,2.405879345
R-600a,9,Dew,2.405879345
R-600a,10,Bubble,2.494861524
R-600a,10,Dew,2.494861524
R-600a,11,Bubble,2.586411268
R-600a,11,Dew,2.586411268
R-600a,12,Bubble,2.680576135
R-600a,12,Dew,2.680576135
R-600a,13,Bubble,2.777403724
R-600a,13,Dew,2.777403724
R-600a,14,Bubble,2.876941642
R-600a,14,Dew,2.876941642
R-600a,15,Bubble,2.979237483
R-600a,15,Dew,2.979237483
R-600a,16,Bubble,3.084338797
R-600a,16,Dew,3.084338797
R-600a,17,Bubble,3.192293065
R-600a,17,Dew,3.192293065
R-600a,18,Bubble,3.303147667
R-600a,18,Dew,3.303147667
R-600a,19,Bubble,3.416949858
R-600a,19,Dew,3.416949858
R-600a,20,Bubble,3.533746735
R-600a,20,Dew,3.533746735
R-600a,21,Bubble,3.653585213
R-600a,21,Dew,3.653585213
R-600a,22,Bubble,3.776511993
R-600a,22,Dew,3.776511993
R-600a,23,Bubble,3.902573533
R-600a,23,Dew,3.902573533
R-600a,24,Bubble,4.03181602
R-600a,24,Dew,4.03181602
R-600a,25,Bubble,4.164285339
R-600a,25,Dew,4.164285339
R-600a,26,Bubble,4.300027046
R-600a,26,Dew,4.300027046
R-600a,27,Bubble,4.439086336
R-600a,27,Dew,4.439086336
R-600a,28,Bubble,4.581508015
R-600a,28,Dew,4.581508015
R-600a,29,Bubble,4.727336472
R-600a,29,Dew,4.727336472
R-600a,30,Bubble,4.876615647
R-600a,30,Dew,4.876615647
R-600a,31,Bubble,5.029389003
R-600a,31,Dew,5.029389003
R-600a,32,Bubble,5.185699499
R-600a,32,Dew,5.185699499
R-600a,33,Bubble,5.345589558
R-600a,33,Dew,5.345589558
R-600a,34,Bubble,5.509101041
R-600a,34,Dew,5.509101041
R-600a,35,Bubble,5.676275217
R-600a,35,Dew,5.676275217
R-600a,36,Bubble,5.847152738
R-600a,36,Dew,5.847152738
R-600a,37,Bubble,6.021773608
R-600a,37,Dew,6.021773608
R-600a,38,Bubble,6.200177158
R-600a,38,Dew,6.200177158
R-600a,39,Bubble,6.382402019
R-600a,39,Dew,6.382402019
R-600a,40,Bubble,6.568486093
R-600a,40,Dew,6.568486093
R-600a,41,Bubble,6.758466534
R-600a,41,Dew,6.758466534
R-600a,42,Bubble,6.952379716
R-600a,42,Dew,6.952379716
R-600a,43,Bubble,7.150261212
R-600a,43,Dew,7.150261212
R-600a,44,Bubble,7.352145767
R-600a,44,Dew,7.352145767
R-600a,45,Bubble,7.558067281
R-600a,45,Dew,7.558067281
R-600a,46,Bubble,7.76805878
R-600a,46,Dew,7.76805878
R-600a,47,Bubble,7.982152395
R-600a,47,Dew,7.982152395
R-600a,48,Bubble,8.200379346
R-600a,48,Dew,8.200379346
R-600a,49,Bubble,8.422769916
R-600a,49,Dew,8.422769916
R-600a,50,Bubble,8.649353435
R-600a,50,Dew,8.649353435
R-600a,51,Bubble,8.880158261
R-600a,51,Dew,8.880158261
R-600a,52,Bubble,9.115211762
R-600a,52,Dew,9.115211762
R-600a,53,Bubble,9.354540299
R-600a,53,Dew,9.354540299
R-600a,54,Bubble,9.598169213
R-600a,54,Dew,9.598169213
R-600a,55,Bubble,9.846122808
R-600a,55,Dew,9.846122808
R-600a,56,Bubble,10.09842434
R-600a,56,Dew,10.09842434
R-600a,57,Bubble,10.35509599
R-600a,57,Dew,10.35509599
R-600a,58,Bubble,10.6161589
R-600a,58,Dew,10.6161589
R-600a,59,Bubble,10.88163309
R-600a,59,Dew,10.88163309
R-600a,60,Bubble,11.15153751
R-600a,60,Dew,11.15153751
R-600a,61,Bubble,11.42589001
R-600a,61,Dew,11.42589001
R-600a,62,Bubble,11.70470734
R-600a,62,Dew,11.70470734
R-600a,63,Bubble,11.98800512
R-600a,63,Dew,11.98800512
R-600a,64,Bubble,12.27579787
R-600a,64,Dew,12.27579787
R-600a,65,Bubble,12.56809901
R-600a,65,Dew,12.56809901
R-600a,66,Bubble,12.86492082
R-600a,66,Dew,12.86492082
R-600a,67,Bubble,13.16627447
R-600a,67,Dew,13.16627447
R-600a,68,Bubble,13.47217003
R-600a,68,Dew,13.47217003
R-600a,69,Bubble,13.78261645
R-600a,69,Dew,13.78261645
R-600a,70,Bubble,14.09762158
R-600a,70,Dew,14.09762158
R-290,-50,Bubble,0.7014410022
R-290,-50,Dew,0.7014410022
R-290,-49,Bubble,0.7386353477
R-290,-49,Dew,0.7386353477
R-290,-48,Bubble,0.7774566681
R-290,-48,Dew,0.7774566681
R-290,-47,Bubble,0.817958695
R-290,-47,Dew,0.817958695
R-290,-46,Bubble,0.8601961639
R-290,-46,Dew,0.8601961639
R-290,-45,Bubble,0.9042248015
R-290,-45,Dew,0.9042248015
R-290,-44,Bubble,0.9501013128
R-290,-44,Dew,0.9501013128
R-290,-43,Bubble,0.9978833658
R-290,-43,Dew,0.9978833658
R-290,-42,Bubble,1.047629576
R-290,-42,Dew,1.047629576
R-290,-41,Bubble,1.099399487
R-290,-41,Dew,1.099399487
R-290,-40,Bubble,1.153253555
R-290,-40,Dew,1.153253555
R-290,-39,Bubble,1.209253124
R-290,-39,Dew,1.209253124
R-290,-38,Bubble,1.267460407
R-290,-38,Dew,1.267460407
R-290,-37,Bubble,1.327938461
R-290,-37,Dew,1.327938461
R-290,-36,Bubble,1.390751162
R-290,-36,Dew,1.390751162
R-290,-35,Bubble,1.45596318
R-290,-35,Dew,1.45596318
R-290,-34,Bubble,1.523639951
R-290,-34,Dew,1.523639951
R-290,-33,Bubble,1.593847647
R-290,-33,Dew,1.593847647
R-290,-32,Bubble,1.666653146
R-290,-32,Dew,1.666653146
R-290,-31,Bubble,1.742124
R-290,-31,Dew,1.742124
R-290,-30,Bubble,1.8203284
R-290,-30,Dew,1.8203284
R-290,-29,Bubble,1.901335146
R-290,-29,Dew,1.901335146
R-290,-28,Bubble,1.985213604
R-290,-28,Dew,1.985213604
R-290,-27,Bubble,2.072033676
R-290,-27,Dew,2.072033676
R-290,-26,Bubble,2.161865754
R-290,-26,Dew,2.161865754
R-290,-25,Bubble,2.254780687
R-290,-25,Dew,2.254780687
R-290,-24,Bubble,2.350849734
R-290,-24,Dew,2.350849734
R-290,-23,Bubble,2.450144525
R-290,-23,Dew,2.450144525
R-290,-22,Bubble,2.552737016
R-290,-22,Dew,2.552737016
R-290,-21,Bubble,2.658699445
R-290,-21,Dew,2.658699445
R-290,-20,Bubble,2.768104284
R-290,-20,Dew,2.768104284
R-290,-19,Bubble,2.881024197
R-290,-19,Dew,2.881024197
R-290,-18,Bubble,2.997531987
R-290,-18,Dew,2.997531987
R-290,-17,Bubble,3.117700548
R-290,-17,Dew,3.117700548
R-290,-16,Bubble,3.24160282
R-290,-16,Dew,3.24160282
R-290,-15,Bubble,3.369311732
R-290,-15,Dew,3.369311732
R-290,-14,Bubble,3.500900153
R-290,-14,Dew,3.500900153
R-290,-13,Bubble,3.636440843
R-290,-13,Dew,3.636440843
R-290,-12,Bubble,3.776006396
R-290,-12,Dew,3.776006396
R-290,-11,Bubble,3.919669189
R-290,-11,Dew,3.919669189
R-290,-10,Bubble,4.067501326
R-290,-10,Dew,4.067501326
R-290,-9,Bubble,4.219574586
R-290,-9,Dew,4.219574586
R-290,-8,Bubble,4.375960367
R-290,-8,Dew,4.375960367
R-290,-7,Bubble,4.536729631
R-290,-7,Dew,4.536729631
R-290,-6,Bubble,4.701952849
R-290,-6,Dew,4.701952849
R-290,-5,Bubble,4.871699945
R-290,-5,Dew,4.871699945
R-290,-4,Bubble,5.046040239
R-290,-4,Dew,5.046040239
R-290,-3,Bubble,5.225042394
R-290,-3,Dew,5.225042394
R-290,-2,Bubble,5.40877436
R-290,-2,Dew,5.40877436
R-290,-1,Bubble,5.597303315
R-290,-1,Dew,5.597303315
R-290,0,Bubble,5.790695614
R-290,0,Dew,5.790695614
R-290,1,Bubble,5.989016732
R-290,1,Dew,5.989016732
R-290,2,Bubble,6.192331209
R-290,2,Dew,6.192331209
R-290,3,Bubble,6.400702596
R-290,3,Dew,6.400702596
R-290,4,Bubble,6.614193403
R-290,4,Dew,6.614193403
R-290,5,Bubble,6.832865043
R-290,5,Dew,6.832865043
R-290,6,Bubble,7.056777784
R-290,6,Dew,7.056777784
R-290,7,Bubble,7.285990693
R-290,7,Dew,7.285990693
R-290,8,Bubble,7.520561587
R-290,8,Dew,7.520561587
R-290,9,Bubble,7.760546986
R-290,9,Dew,7.760546986
R-290,10,Bubble,8.006002062
R-290,10,Dew,8.006002062
R-290,11,Bubble,8.25698059
R-290,11,Dew,8.25698059
R-290,12,Bubble,8.513534908
R-290,12,Dew,8.513534908
R-290,13,Bubble,8.775715864
R-290,13,Dew,8.775715864
R-290,14,Bubble,9.043572782
R-290,14,Dew,9.043572782
R-290,15,Bubble,9.317153412
R-290,15,Dew,9.317153412
R-290,16,Bubble,9.596503896
R-290,16,Dew,9.596503896
R-290,17,Bubble,9.881668724
R-290,17,Dew,9.881668724
R-290,18,Bubble,10.1726907
R-290,18,Dew,10.1726907
R-290,19,Bubble,10.46961092
R-290,19,Dew,10.46961092
R-290,20,Bubble,10.7724687
R-290,20,Dew,10.7724687
R-290,21,Bubble,11.08130161
R-290,21,Dew,11.08130161
R-290,22,Bubble,11.39614536
R-290,22,Dew,11.39614536
R-290,23,Bubble,11.71703387
R-290,23,Dew,11.71703387
R-290,24,Bubble,12.04399917
R-290,24,Dew,12.04399917
R-290,25,Bubble,12.3770714
R-290,25,Dew,12.3770714
R-290,26,Bubble,12.71627881
R-290,26,Dew,12.71627881
R-290,27,Bubble,13.06164772
R-290,27,Dew,13.06164772
R-290,28,Bubble,13.41320252
R-290,28,Dew,13.41320252
R-290,29,Bubble,13.77096565
R-290,29,Dew,13.77096565
R-290,30,Bubble,14.1349576
R-290,30,Dew,14.1349576
R-290,31,Bubble,14.50519688
R-290,31,Dew,14.50519688
R-290,32,Bubble,14.88170005
R-290,32,Dew,14.88170005
R-290,33,Bubble,15.26448171
R-290,33,Dew,15.26448171
R-290,34,Bubble,15.65355446
R-290,34,Dew,15.65355446
R-290,35,Bubble,16.04892899
R-290,35,Dew,16.04892899
R-290,36,Bubble,16.450614
R-290,36,Dew,16.450614
R-290,37,Bubble,16.85861626
R-290,37,Dew,16.85861626
R-290,38,Bubble,17.27294064
R-290,38,Dew,17.27294064
R-290,39,Bubble,17.69359008
R-290,39,Dew,17.69359008
R-290,40,Bubble,18.12056563
R-290,40,Dew,18.12056563
R-290,41,Bubble,18.55386649
R-290,41,Dew,18.55386649
R-290,42,Bubble,18.99349004
R-290,42,Dew,18.99349004
R-290,43,Bubble,19.43943182
R-290,43,Dew,19.43943182
R-290,44,Bubble,19.89168563
R-290,44,Dew,19.89168563
R-290,45,Bubble,20.35024353
R-290,45,Dew,20.35024353
R-290,46,Bubble,20.81509589
R-290,46,Dew,20.81509589
R-290,47,Bubble,21.28623143
R-290,47,Dew,21.28623143
R-290,48,Bubble,21.76363728
R-290,48,Dew,21.76363728
R-290,49,Bubble,22.247299
R-290,49,Dew,22.247299
R-290,50,Bubble,22.73720067
R-290,50,Dew,22.73720067
R-290,51,Bubble,23.23332495
R-290,51,Dew,23.23332495
R-290,52,Bubble,23.73565309
R-290,52,Dew,23.73565309
R-290,53,Bubble,24.24416505
R-290,53,Dew,24.24416505
R-290,54,Bubble,24.75883953
R-290,54,Dew,24.75883953
R-290,55,Bubble,25.27965408
R-290,55,Dew,25.27965408
R-290,56,Bubble,25.80658512
R-290,56,Dew,25.80658512
R-290,57,Bubble,26.33960808
R-290,57,Dew,26.33960808
R-290,58,Bubble,26.87869741
R-290,58,Dew,26.87869741
R-290,59,Bubble,27.42382674
R-290,59,Dew,27.42382674
R-290,60,Bubble,27.9749689
R-290,60,Dew,27.9749689
R-290,61,Bubble,28.53209605
R-290,61,Dew,28.53209605
R-290,62,Bubble,29.09517976
R-290,62,Dew,29.09517976
R-290,63,Bubble,29.6641911
R-290,63,Dew,29.6641911
R-290,64,Bubble,30.23910076
R-290,64,Dew,30.23910076
R-290,65,Bubble,30.81987911
R-290,65,Dew,30.81987911
R-290,66,Bubble,31.40649636
R-290,66,Dew,31.40649636
R-290,67,Bubble,31.99892262
R-290,67,Dew,31.99892262
R-290,68,Bubble,32.59712803
R-290,68,Dew,32.59712803
R-290,69,Bubble,33.20108287
R-290,69,Dew,33.20108287
R-290,70,Bubble,33.81075766
R-290,70,Dew,33.81075766
R-12,-50,Bubble,0.3916766108
R-12,-50,Dew,0.3916766108
R-12,-49,Bubble,0.4122048938
R-12,-49,Dew,0.4122048938
R-12,-48,Bubble,0.4336122828
R-12,-48,Dew,0.4336122828
R-12,-47,Bubble,0.4559272492
R-12,-47,Dew,0.4559272492
R-12,-46,Bubble,0.4791788403
R-12,-46,Dew,0.4791788403
R-12,-45,Bubble,0.5033966808
R-12,-45,Dew,0.5033966808
R-12,-44,Bubble,0.5286109741
R-12,-44,Dew,0.5286109741
R-12,-43,Bubble,0.5548525037
R-12,-43,Dew,0.5548525037
R-12,-42,Bubble,0.5822594757
R-12,-42,Dew,0.5822594757
R-12,-41,Bubble,0.6125227407
R-12,-41,Dew,0.6125227407
R-12,-40,Bubble,0.6440889636
R-12,-40,Dew,0.6440889636
R-12,-39,Bubble,0.6770008942
R-12,-39,Dew,0.6770008942
R-12,-38,Bubble,0.7113021064
R-12,-38,Dew,0.7113021064
R-12,-37,Bubble,0.7470369921
R-12,-37,Dew,0.7470369921
R-12,-36,Bubble,0.7842507531
R-12,-36,Dew,0.7842507531
R-12,-35,Bubble,0.8229893927
R-12,-35,Dew,0.8229893927
R-12,-34,Bubble,0.8632997061
R-12,-34,Dew,0.8632997061
R-12,-33,Bubble,0.9052292697
R-12,-33,Dew,0.9052292697
R-12,-32,Bubble,0.9488264294
R-12,-32,Dew,0.9488264294
R-12,-31,Bubble,0.9941402878
R-12,-31,Dew,0.9941402878
R-12,-30,Bubble,1.041220691
R-12,-30,Dew,1.041220691
R-12,-29,Bubble,1.090118212
R-12,-29,Dew,1.090118212
R-12,-28,Bubble,1.140884137
R-12,-28,Dew,1.140884137
R-12,-27,Bubble,1.193570448
R-12,-27,Dew,1.193570448
R-12,-26,Bubble,1.248229802
R-12,-26,Dew,1.248229802
R-12,-25,Bubble,1.304915518
R-12,-25,Dew,1.304915518
R-12,-24,Bubble,1.363681549
R-12,-24,Dew,1.363681549
R-12,-23,Bubble,1.424582467
R-12,-23,Dew,1.424582467
R-12,-22,Bubble,1.487673437
R-12,-22,Dew,1.487673437
R-12,-21,Bubble,1.553010197
R-12,-21,Dew,1.553010197
R-12,-20,Bubble,1.620649031
R-12,-20,Dew,1.620649031
R-12,-19,Bubble,1.690646743
R-12,-19,Dew,1.690646743
R-12,-18,Bubble,1.763060635
R-12,-18,Dew,1.763060635
R-12,-17,Bubble,1.837948474
R-12,-17,Dew,1.837948474
R-12,-16,Bubble,1.915368467
R-12,-16,Dew,1.915368467
R-12,-15,Bubble,1.995379232
R-12,-15,Dew,1.995379232
R-12,-14,Bubble,2.078039766
R-12,-14,Dew,2.078039766
R-12,-13,Bubble,2.163409413
R-12,-13,Dew,2.163409413
R-12,-12,Bubble,2.251547836
R-12,-12,Dew,2.251547836
R-12,-11,Bubble,2.342514979
R-12,-11,Dew,2.342514979
R-12,-10,Bubble,2.436371037
R-12,-10,Dew,2.436371037
R-12,-9,Bubble,2.53317642
R-12,-9,Dew,2.53317642
R-12,-8,Bubble,2.632991717
R-12,-8,Dew,2.632991717
R-12,-7,Bubble,2.735877659
R-12,-7,Dew,2.735877659
R-12,-6,Bubble,2.841895086
R-12,-6,Dew,2.841895086
R-12,-5,Bubble,2.951104904
R-12,-5,Dew,2.951104904
R-12,-4,Bubble,3.063568052
R-12,-4,Dew,3.063568052
R-12,-3,Bubble,3.179345459
R-12,-3,Dew,3.179345459
R-12,-2,Bubble,3.298498007
R-12,-2,Dew,3.298498007
R-12,-1,Bubble,3.42108649
R-12,-1,Dew,3.42108649
R-12,0,Bubble,3.547171574
R-12,0,Dew,3.547171574
R-12,1,Bubble,3.676813756
R-12,1,Dew,3.676813756
R-12,2,Bubble,3.810073321
R-12,2,Dew,3.810073321
R-12,3,Bubble,3.947010306
R-12,3,Dew,3.947010306
R-12,4,Bubble,4.087684451
R-12,4,Dew,4.087684451
R-12,5,Bubble,4.23215516
R-12,5,Dew,4.23215516
R-12,6,Bubble,4.38048146
R-12,6,Dew,4.38048146
R-12,7,Bubble,4.532721957
R-12,7,Dew,4.532721957
R-12,8,Bubble,4.688934792
R-12,8,Dew,4.688934792
R-12,9,Bubble,4.849177603
R-12,9,Dew,4.849177603
R-12,10,Bubble,5.013507476
R-12,10,Dew,5.013507476
R-12,11,Bubble,5.181980909
R-12,11,Dew,5.181980909
R-12,12,Bubble,5.354653765
R-12,12,Dew,5.354653765
R-12,13,Bubble,5.531581231
R-12,13,Dew,5.531581231
R-12,14,Bubble,5.712817778
R-12,14,Dew,5.712817778
R-12,15,Bubble,5.898417118
R-12,15,Dew,5.898417118
R-12,16,Bubble,6.08843216
R-12,16,Dew,6.08843216
R-12,17,Bubble,6.282914977
R-12,17,Dew,6.282914977
R-12,18,Bubble,6.481916756
R-12,18,Dew,6.481916756
R-12,19,Bubble,6.685487766
R-12,19,Dew,6.685487766
R-12,20,Bubble,6.893677317
R-12,20,Dew,6.893677317
R-12,21,Bubble,7.106533719
R-12,21,Dew,7.106533719
R-12,22,Bubble,7.324104246
R-12,22,Dew,7.324104246
R-12,23,Bubble,7.546435102
R-12,23,Dew,7.546435102
R-12,24,Bubble,7.773571381
R-12,24,Dew,7.773571381
R-12,25,Bubble,8.005557034
R-12,25,Dew,8.005557034
R-12,26,Bubble,8.242434836
R-12,26,Dew,8.242434836
R-12,27,Bubble,8.484246351
R-12,27,Dew,8.484246351
R-12,28,Bubble,8.731031902
R-12,28,Dew,8.731031902
R-12,29,Bubble,8.982830541
R-12,29,Dew,8.982830541
R-12,30,Bubble,9.239680017
R-12,30,Dew,9.239680017
R-12,31,Bubble,9.501616751
R-12,31,Dew,9.501616751
R-12,32,Bubble,9.768675809
R-12,32,Dew,9.768675809
R-12,33,Bubble,10.04089087
R-12,33,Dew,10.04089087
R-12,34,Bubble,10.31829423
R-12,34,Dew,10.31829423
R-12,35,Bubble,10.60091673
R-12,35,Dew,10.60091673
R-12,36,Bubble,10.88878778
R-12,36,Dew,10.88878778
R-12,37,Bubble,11.18193533
R-12,37,Dew,11.18193533
R-12,38,Bubble,11.48038583
R-12,38,Dew,11.48038583
R-12,39,Bubble,11.78416425
R-12,39,Dew,11.78416425
R-12,40,Bubble,12.09329405
R-12,40,Dew,12.09329405
R-12,41,Bubble,12.40779714
R-12,41,Dew,12.40779714
R-12,42,Bubble,12.72769394
R-12,42,Dew,12.72769394
R-12,43,Bubble,13.0530033
R-12,43,Dew,13.0530033
R-12,44,Bubble,13.38374254
R-12,44,Dew,13.38374254
R-12,45,Bubble,13.71992742
R-12,45,Dew,13.71992742
R-12,46,Bubble,14.06157216
R-12,46,Dew,14.06157216
R-12,47,Bubble,14.40868942
R-12,47,Dew,14.40868942
R-12,48,Bubble,14.76129034
R-12,48,Dew,14.76129034
R-12,49,Bubble,15.11938449
R-12,49,Dew,15.11938449
R-12,50,Bubble,15.48297993
R-12,50,Dew,15.48297993
R-12,51,Bubble,15.85208316
R-12,51,Dew,15.85208316
R-12,52,Bubble,16.22669922
R-12,52,Dew,16.22669922
R-12,53,Bubble,16.60683162
R-12,53,Dew,16.60683162
R-12,54,Bubble,16.99248239
R-12,54,Dew,16.99248239
R-12,55,Bubble,17.38365212
R-12,55,Dew,17.38365212
R-12,56,Bubble,17.78033993
R-12,56,Dew,17.78033993
R-12,57,Bubble,18.18254356
R-12,57,Dew,18.18254356
R-12,58,Bubble,18.59025933
R-12,58,Dew,18.59025933
R-12,59,Bubble,19.00348222
R-12,59,Dew,19.00348222
R-12,60,Bubble,19.42220588
R-12,60,Dew,19.42220588
R-12,61,Bubble,19.84642266
R-12,61,Dew,19.84642266
R-12,62,Bubble,20.27612365
R-12,62,Dew,20.27612365
R-12,63,Bubble,20.71129874
R-12,63,Dew,20.71129874
R-12,64,Bubble,21.15193661
R-12,64,Dew,21.15193661
R-12,65,Bubble,21.59802484
R-12,65,Dew,21.59802484
R-12,66,Bubble,22.04954991
R-12,66,Dew,22.04954991
R-12,67,Bubble,22.50649725
R-12,67,Dew,22.50649725
R-12,68,Bubble,22.96885132
R-12,68,Dew,22.96885132
R-12,69,Bubble,23.43659565
R-12,69,Dew,23.43659565
R-12,70,Bubble,23.90971287
R-12,70,Dew,23.90971287
R-401A,-50,Bubble,0.4468336916
R-401A,-50,Dew,0.4033577905
R-401A,-49,Bubble,0.4699765073
R-401A,-49,Dew,0.4246373959
R-401A,-48,Bubble,0.4940962769
R-401A,-48,Dew,0.4468336916
R-401A,-47,Bubble,0.5192240401
R-401A,-47,Dew,0.4699765073
R-401A,-46,Bubble,0.5453914434
R-401A,-46,Dew,0.4940962769
R-401A,-45,Bubble,0.5726307419
R-401A,-45,Dew,0.5192240401
R-401A,-44,Bubble,0.6018292615
R-401A,-44,Dew,0.5453914434
R-401A,-43,Bubble,0.633301735
R-401A,-43,Dew,0.5726307419
R-401A,-42,Bubble,0.6661363861
R-401A,-42,Dew,0.6018292615
R-401A,-41,Bubble,0.7003780567
R-401A,-41,Dew,0.633301735
R-401A,-40,Bubble,0.7360724496
R-401A,-40,Dew,0.6661363861
R-401A,-39,Bubble,0.7732661207
R-401A,-39,Dew,0.7003780567
R-401A,-38,Bubble,0.8120064706
R-401A,-38,Dew,0.7360724496
R-401A,-37,Bubble,0.8523417344
R-401A,-37,Dew,0.7732661207
R-401A,-36,Bubble,0.8943209712
R-401A,-36,Dew,0.8120064706
R-401A,-35,Bubble,0.9379940524
R-401A,-35,Dew,0.8523417344
R-401A,-34,Bubble,0.9834116477
R-401A,-34,Dew,0.8943209712
R-401A,-33,Bubble,1.030625212
R-401A,-33,Dew,0.9379940524
R-401A,-32,Bubble,1.079686969
R-401A,-32,Dew,0.9834116477
R-401A,-31,Bubble,1.130649897
R-401A,-31,Dew,1.030625212
R-401A,-30,Bubble,1.183567707
R-401A,-30,Dew,1.079686969
R-401A,-29,Bubble,1.238494828
R-401A,-29,Dew,1.130649897
R-401A,-28,Bubble,1.295486386
R-401A,-28,Dew,1.183567707
R-401A,-27,Bubble,1.354598182
R-401A,-27,Dew,1.238494828
R-401A,-26,Bubble,1.415886672
R-401A,-26,Dew,1.295486386
R-401A,-25,Bubble,1.47940894
R-401A,-25,Dew,1.354598182
R-401A,-24,Bubble,1.545222677
R-401A,-24,Dew,1.415886672
R-401A,-23,Bubble,1.613386154
R-401A,-23,Dew,1.47940894
R-401A,-22,Bubble,1.683958197
R-401A,-22,Dew,1.545222677
R-401A,-21,Bubble,1.756998156
R-401A,-21,Dew,1.613386154
R-401A,-20,Bubble,1.832565879
R-401A,-20,Dew,1.683958197
R-401A,-19,Bubble,1.910721683
R-401A,-19,Dew,1.756998156
R-401A,-18,Bubble,1.991526319
R-401A,-18,Dew,1.832565879
R-401A,-17,Bubble,2.075040944
R-401A,-17,Dew,1.910721683
R-401A,-16,Bubble,2.161327086
R-401A,-16,Dew,1.991526319
R-401A,-15,Bubble,2.250446611
R-401A,-15,Dew,2.075040944
R-401A,-14,Bubble,2.342461688
R-401A,-14,Dew,2.161327086
R-401A,-13,Bubble,2.437434755
R-401A,-13,Dew,2.250446611
R-401A,-12,Bubble,2.535428479
R-401A,-12,Dew,2.342461688
R-401A,-11,Bubble,2.636505719
R-401A,-11,Dew,2.437434755
R-401A,-10,Bubble,2.740729493
R-401A,-10,Dew,2.535428479
R-401A,-9,Bubble,2.848162931
R-401A,-9,Dew,2.636505719
R-401A,-8,Bubble,2.958869241
R-401A,-8,Dew,2.740729493
R-401A,-7,Bubble,3.072911667
R-401A,-7,Dew,2.848162931
R-401A,-6,Bubble,3.190353447
R-401A,-6,Dew,2.958869241
R-401A,-5,Bubble,3.311257773
R-401A,-5,Dew,3.072911667
R-401A,-4,Bubble,3.435687745
R-401A,-4,Dew,3.190353447
R-401A,-3,Bubble,3.563706333
R-401A,-3,Dew,3.311257773
R-401A,-2,Bubble,3.69537633
R-401A,-2,Dew,3.435687745
R-401A,-1,Bubble,3.830760311
R-401A,-1,Dew,3.563706333
R-401A,0,Bubble,3.969920585
R-401A,0,Dew,3.69537633
R-401A,1,Bubble,4.112919156
R-401A,1,Dew,3.830760311
R-401A,2,Bubble,4.259817674
R-401A,2,Dew,3.969920585
R-401A,3,Bubble,4.41067739
R-401A,3,Dew,4.112919156
R-401A,4,Bubble,4.565559115
R-401A,4,Dew,4.259817674
R-401A,5,Bubble,4.72452317
R-401A,5,Dew,4.41067739
R-401A,6,Bubble,4.887629344
R-401A,6,Dew,4.565559115
R-401A,7,Bubble,5.054936849
R-401A,7,Dew,4.72452317
R-401A,8,Bubble,5.226504271
R-401A,8,Dew,4.887629344
R-401A,9,Bubble,5.402389531
R-401A,9,Dew,5.054936849
R-401A,10,Bubble,5.582649835
R-401A,10,Dew,5.226504271
R-401A,11,Bubble,5.767341633
R-401A,11,Dew,5.402389531
R-401A,12,Bubble,5.956520574
R-401A,12,Dew,5.582649835
R-401A,13,Bubble,6.150241461
R-401A,13,Dew,5.767341633
R-401A,14,Bubble,6.348558209
R-401A,14,Dew,5.956520574
R-401A,15,Bubble,6.551523805
R-401A,15,Dew,6.150241461
R-401A,16,Bubble,6.759190261
R-401A,16,Dew,6.348558209
R-401A,17,Bubble,6.971608575
R-401A,17,Dew,6.551523805
R-401A,18,Bubble,7.188828692
R-401A,18,Dew,6.759190261
R-401A,19,Bubble,7.410899462
R-401A,19,Dew,6.971608575
R-401A,20,Bubble,7.637868602
R-401A,20,Dew,7.188828692
R-401A,21,Bubble,7.86978266
R-401A,21,Dew,7.410899462
R-401A,22,Bubble,8.106686973
R-401A,22,Dew,7.637868602
R-401A,23,Bubble,8.348625638
R-401A,23,Dew,7.86978266
R-401A,24,Bubble,8.595641473
R-401A,24,Dew,8.106686973
R-401A,25,Bubble,8.847775983
R-401A,25,Dew,8.348625638
R-401A,26,Bubble,9.105069333
R-401A,26,Dew,8.595641473
R-401A,27,Bubble,9.367560311
R-401A,27,Dew,8.847775983
R-401A,28,Bubble,9.635286304
R-401A,28,Dew,9.105069333
R-401A,29,Bubble,9.908283266
R-401A,29,Dew,9.367560311
R-401A,30,Bubble,10.1865857
R-401A,30,Dew,9.635286304
R-401A,31,Bubble,10.47022661
R-401A,31,Dew,9.908283266
R-401A,32,Bubble,10.75923752
R-401A,32,Dew,10.1865857
R-401A,33,Bubble,11.05364841
R-401A,33,Dew,10.47022661
R-401A,34,Bubble,11.35348773
R-401A,34,Dew,10.75923752
R-401A,35,Bubble,11.65878234
R-401A,35,Dew,11.05364841
R-401A,36,Bubble,11.96955757
R-401A,36,Dew,11.35348773
R-401A,37,Bubble,12.2858371
R-401A,37,Dew,11.65878234
R-401A,38,Bubble,12.60764306
R-401A,38,Dew,11.96955757
R-401A,39,Bubble,12.93499593
R-401A,39,Dew,12.2858371
R-401A,40,Bubble,13.26791459
R-401A,40,Dew,12.60764306
R-401A,41,Bubble,13.60641629
R-401A,41,Dew,12.93499593
R-401A,42,Bubble,13.95051665
R-401A,42,Dew,13.26791459
R-401A,43,Bubble,14.30022967
R-401A,43,Dew,13.60641629
R-401A,44,Bubble,14.65556771
R-401A,44,Dew,13.95051665
R-401A,45,Bubble,15.01654153
R-401A,45,Dew,14.30022967
R-401A,46,Bubble,15.38316025
R-401A,46,Dew,14.65556771
R-401A,47,Bubble,15.7554314
R-401A,47,Dew,15.01654153
R-401A,48,Bubble,16.1333609
R-401A,48,Dew,15.38316025
R-401A,49,Bubble,16.5169531
R-401A,49,Dew,15.7554314
R-401A,50,Bubble,16.90621078
R-401A,50,Dew,16.1333609
R-401A,51,Bubble,17.30113518
R-401A,51,Dew,16.5169531
R-401A,52,Bubble,17.70172602
R-401A,52,Dew,16.90621078
R-401A,53,Bubble,18.10798149
R-401A,53,Dew,17.30113518
R-401A,54,Bubble,18.51989834
R-401A,54,Dew,17.70172602
R-401A,55,Bubble,18.93747186
R-401A,55,Dew,18.10798149
R-401A,56,Bubble,19.36069594
R-401A,56,Dew,18.51989834
R-401A,57,Bubble,19.78956308
R-401A,57,Dew,18.93747186
R-401A,58,Bubble,20.22406444
R-401A,58,Dew,19.36069594
R-401A,59,Bubble,20.6641899
R-401A,59,Dew,19.78956308
R-401A,60,Bubble,21.10992805
R-401A,60,Dew,20.22406444
R-401A,61,Bubble,21.56126629
R-401A,61,Dew,20.6641899
R-401A,62,Bubble,22.01819086
R-401A,62,Dew,21.10992805
R-401A,63,Bubble,22.48068689
R-401A,63,Dew,21.56126629
R-401A,64,Bubble,22.94873842
R-401A,64,Dew,22.01819086
R-401A,65,Bubble,23.42232852
R-401A,65,Dew,22.48068689
R-401A,66,Bubble,23.90143931
R-401A,66,Dew,22.94873842
R-401A,67,Bubble,24.386052
R-401A,67,Dew,23.42232852
R-401A,68,Bubble,24.87614701
R-401A,68,Dew,23.90143931
R-401A,69,Bubble,25.37170401
R-401A,69,Dew,24.386052
R-401A,70,Bubble,25.87270194
R-401A,70,Dew,24.87614701
R-401B,-50,Bubble,0.488621528
R-401B,-50,Dew,0.4414365301
R-401B,-49,Bubble,0.5137237188
R-401B,-49,Dew,0.464536347
R-401B,-48,Bubble,0.5398751913
R-401B,-48,Dew,0.488621528
R-401B,-47,Bubble,0.5671088454
R-401B,-47,Dew,0.5137237188
R-401B,-46,Bubble,0.5959405339
R-401B,-46,Dew,0.5398751913
R-401B,-45,Bubble,0.6274103887
R-401B,-45,Dew,0.5671088454
R-401B,-44,Bubble,0.660255907
R-401B,-44,Dew,0.5959405339
R-401B,-43,Bubble,0.6945228511
R-401B,-43,Dew,0.6274103887
R-401B,-42,Bubble,0.7302578733
R-401B,-42,Dew,0.660255907
R-401B,-41,Bubble,0.7675085077
R-401B,-41,Dew,0.6945228511
R-401B,-40,Bubble,0.8063231622
R-401B,-40,Dew,0.7302578733
R-401B,-39,Bubble,0.8467511077
R-401B,-39,Dew,0.7675085077
R-401B,-38,Bubble,0.8888424672
R-401B,-38,Dew,0.8063231622
R-401B,-37,Bubble,0.9326482041
R-401B,-37,Dew,0.8467511077
R-401B,-36,Bubble,0.9782201078
R-401B,-36,Dew,0.8888424672
R-401B,-35,Bubble,1.02561078
R-401B,-35,Dew,0.9326482041
R-401B,-34,Bubble,1.074873618
R-401B,-34,Dew,0.9782201078
R-401B,-33,Bubble,1.126062799
R-401B,-33,Dew,1.02561078
R-401B,-32,Bubble,1.17923326
R-401B,-32,Dew,1.074873618
R-401B,-31,Bubble,1.234440681
R-401B,-31,Dew,1.126062799
R-401B,-30,Bubble,1.291741461
R-401B,-30,Dew,1.17923326
R-401B,-29,Bubble,1.351192699
R-401B,-29,Dew,1.234440681
R-401B,-28,Bubble,1.412852172
R-401B,-28,Dew,1.291741461
R-401B,-27,Bubble,1.476778306
R-401B,-27,Dew,1.351192699
R-401B,-26,Bubble,1.543030157
R-401B,-26,Dew,1.412852172
R-401B,-25,Bubble,1.611667377
R-401B,-25,Dew,1.476778306
R-401B,-24,Bubble,1.682750195
R-401B,-24,Dew,1.543030157
R-401B,-23,Bubble,1.75633938
R-401B,-23,Dew,1.611667377
R-401B,-22,Bubble,1.832496218
R-401B,-22,Dew,1.682750195
R-401B,-21,Bubble,1.911282476
R-401B,-21,Dew,1.75633938
R-401B,-20,Bubble,1.992760373
R-401B,-20,Dew,1.832496218
R-401B,-19,Bubble,2.076992543
R-401B,-19,Dew,1.911282476
R-401B,-18,Bubble,2.164042007
R-401B,-18,Dew,1.992760373
R-401B,-17,Bubble,2.25397213
R-401B,-17,Dew,2.076992543
R-401B,-16,Bubble,2.346846593
R-401B,-16,Dew,2.164042007
R-401B,-15,Bubble,2.442729348
R-401B,-15,Dew,2.25397213
R-401B,-14,Bubble,2.541684586
R-401B,-14,Dew,2.346846593
R-401B,-13,Bubble,2.643776693
R-401B,-13,Dew,2.442729348
R-401B,-12,Bubble,2.749070216
R-401B,-12,Dew,2.541684586
R-401B,-11,Bubble,2.857629817
R-401B,-11,Dew,2.643776693
R-401B,-10,Bubble,2.969520234
R-401B,-10,Dew,2.749070216
R-401B,-9,Bubble,3.084806237
R-401B,-9,Dew,2.857629817
R-401B,-8,Bubble,3.203552588
R-401B,-8,Dew,2.969520234
R-401B,-7,Bubble,3.325823996
R-401B,-7,Dew,3.084806237
R-401B,-6,Bubble,3.451685073
R-401B,-6,Dew,3.203552588
R-401B,-5,Bubble,3.581200289
R-401B,-5,Dew,3.325823996
R-401B,-4,Bubble,3.714433926
R-401B,-4,Dew,3.451685073
R-401B,-3,Bubble,3.851450036
R-401B,-3,Dew,3.581200289
R-401B,-2,Bubble,3.99231239
R-401B,-2,Dew,3.714433926
R-401B,-1,Bubble,4.137084436
R-401B,-1,Dew,3.851450036
R-401B,0,Bubble,4.28582925
R-401B,0,Dew,3.99231239
R-401B,1,Bubble,4.438609492
R-401B,1,Dew,4.137084436
R-401B,2,Bubble,4.595487353
R-401B,2,Dew,4.28582925
R-401B,3,Bubble,4.756524517
R-401B,3,Dew,4.438609492
R-401B,4,Bubble,4.921782106
R-401B,4,Dew,4.595487353
R-401B,5,Bubble,5.091320637
R-401B,5,Dew,4.756524517
R-401B,6,Bubble,5.265199974
R-401B,6,Dew,4.921782106
R-401B,7,Bubble,5.443479283
R-401B,7,Dew,5.091320637
R-401B,8,Bubble,5.626216983
R-401B,8,Dew,5.265199974
R-401B,9,Bubble,5.813470701
R-401B,9,Dew,5.443479283
R-401B,10,Bubble,6.005297228
R-401B,10,Dew,5.626216983
R-401B,11,Bubble,6.201752469
R-401B,11,Dew,5.813470701
R-401B,12,Bubble,6.402891405
R-401B,12,Dew,6.005297228
R-401B,13,Bubble,6.608768042
R-401B,13,Dew,6.201752469
R-401B,14,Bubble,6.819435373
R-401B,14,Dew,6.402891405
R-401B,15,Bubble,7.034945332
R-401B,15,Dew,6.608768042
R-401B,16,Bubble,7.255348752
R-401B,16,Dew,6.819435373
R-401B,17,Bubble,7.480695326
R-401B,17,Dew,7.034945332
R-401B,18,Bubble,7.711033567
R-401B,18,Dew,7.255348752
R-401B,19,Bubble,7.946410765
R-401B,19,Dew,7.480695326
R-401B,20,Bubble,8.186872953
R-401B,20,Dew,7.711033567
R-401B,21,Bubble,8.43246487
R-401B,21,Dew,7.946410765
R-401B,22,Bubble,8.683229923
R-401B,22,Dew,8.186872953
R-401B,23,Bubble,8.939210153
R-401B,23,Dew,8.43246487
R-401B,24,Bubble,9.200446207
R-401B,24,Dew,8.683229923
R-401B,25,Bubble,9.466977299
R-401B,25,Dew,8.939210153
R-401B,26,Bubble,9.738841186
R-401B,26,Dew,9.200446207
R-401B,27,Bubble,10.01607414
R-401B,27,Dew,9.466977299
R-401B,28,Bubble,10.29871091
R-401B,28,Dew,9.738841186
R-401B,29,Bubble,10.58678472
R-401B,29,Dew,10.01607414
R-401B,30,Bubble,10.88032722
R-401B,30,Dew,10.29871091
R-401B,31,Bubble,11.17936848
R-401B,31,Dew,10.58678472
R-401B,32,Bubble,11.48393698
R-401B,32,Dew,10.88032722
R-401B,33,Bubble,11.79405956
R-401B,33,Dew,11.17936848
R-401B,34,Bubble,12.10976143
R-401B,34,Dew,11.48393698
R-401B,35,Bubble,12.43106617
R-401B,35,Dew,11.79405956
R-401B,36,Bubble,12.75799568
R-401B,36,Dew,12.10976143
R-401B,37,Bubble,13.0905702
R-401B,37,Dew,12.43106617
R-401B,38,Bubble,13.42880829
R-401B,38,Dew,12.75799568
R-401B,39,Bubble,13.77272684
R-401B,39,Dew,13.0905702
R-401B,40,Bubble,14.12234106
R-401B,40,Dew,13.42880829
R-401B,41,Bubble,14.47766446
R-401B,41,Dew,13.77272684
R-401B,42,Bubble,14.83870891
R-401B,42,Dew,14.12234106
R-401B,43,Bubble,15.20548457
R-401B,43,Dew,14.47766446
R-401B,44,Bubble,15.57799996
R-401B,44,Dew,14.83870891
R-401B,45,Bubble,15.95626193
R-401B,45,Dew,15.20548457
R-401B,46,Bubble,16.34027571
R-401B,46,Dew,15.57799996
R-401B,47,Bubble,16.7300449
R-401B,47,Dew,15.95626193
R-401B,48,Bubble,17.12557148
R-401B,48,Dew,16.34027571
R-401B,49,Bubble,17.52685585
R-401B,49,Dew,16.7300449
R-401B,50,Bubble,17.93389688
R-401B,50,Dew,17.12557148
R-401B,51,Bubble,18.34669186
R-401B,51,Dew,17.52685585
R-401B,52,Bubble,18.7652366
R-401B,52,Dew,17.93389688
R-401B,53,Bubble,19.18952546
R-401B,53,Dew,18.34669186
R-401B,54,Bubble,19.61955131
R-401B,54,Dew,18.7652366
R-401B,55,Bubble,20.05530567
R-401B,55,Dew,19.18952546
R-401B,56,Bubble,20.49677867
R-401B,56,Dew,19.61955131
R-401B,57,Bubble,20.94395914
R-401B,57,Dew,20.05530567
R-401B,58,Bubble,21.39683464
R-401B,58,Dew,20.49677867
R-401B,59,Bubble,21.85539151
R-401B,59,Dew,20.94395914
R-401B,60,Bubble,22.3196149
R-401B,60,Dew,21.39683464
R-401B,61,Bubble,22.78948889
R-401B,61,Dew,21.85539151
R-401B,62,Bubble,23.26499646
R-401B,62,Dew,22.3196149
R-401B,63,Bubble,23.74611963
R-401B,63,Dew,22.78948889
R-401B,64,Bubble,24.23283944
R-401B,64,Dew,23.26499646
R-401B,65,Bubble,24.72513611
R-401B,65,Dew,23.74611963
R-401B,66,Bubble,25.22298903
R-401B,66,Dew,24.23283944
R-401B,67,Bubble,25.72637688
R-401B,67,Dew,24.72513611
R-401B,68,Bubble,26.23527766
R-401B,68,Dew,25.22298903
R-401B,69,Bubble,26.7496688
R-401B,69,Dew,25.72637688
R-401B,70,Bubble,27.26952724
R-401B,70,Dew,26.23527766
R-409A,-50,Bubble,0.4840448212
R-409A,-50,Dew,0.4372645689
R-409A,-49,Bubble,0.5089332571
R-409A,-49,Dew,0.4601657418
R-409A,-48,Bubble,0.5348631236
R-409A,-48,Dew,0.4840448212
R-409A,-47,Bubble,0.5618671198
R-409A,-47,Dew,0.5089332571
R-409A,-46,Bubble,0.5899785712
R-409A,-46,Dew,0.5348631236
R-409A,-45,Bubble,0.6192314305
R-409A,-45,Dew,0.5618671198
R-409A,-44,Bubble,0.6496602779
R-409A,-44,Dew,0.5899785712
R-409A,-43,Bubble,0.6826011247
R-409A,-43,Dew,0.6192314305
R-409A,-42,Bubble,0.717749777
R-409A,-42,Dew,0.6496602779
R-409A,-41,Bubble,0.7543932069
R-409A,-41,Dew,0.6826011247
R-409A,-40,Bubble,0.7925795337
R-409A,-40,Dew,0.717749777
R-409A,-39,Bubble,0.8323577623
R-409A,-39,Dew,0.7543932069
R-409A,-38,Bubble,0.8737777736
R-409A,-38,Dew,0.7925795337
R-409A,-37,Bubble,0.9168903137
R-409A,-37,Dew,0.8323577623
R-409A,-36,Bubble,0.9617469827
R-409A,-36,Dew,0.8737777736
R-409A,-35,Bubble,1.008400222
R-409A,-35,Dew,0.9168903137
R-409A,-34,Bubble,1.056903299
R-409A,-34,Dew,0.9617469827
R-409A,-33,Bubble,1.107310294
R-409A,-33,Dew,1.008400222
R-409A,-32,Bubble,1.159676082
R-409A,-32,Dew,1.056903299
R-409A,-31,Bubble,1.214056317
R-409A,-31,Dew,1.107310294
R-409A,-30,Bubble,1.270507411
R-409A,-30,Dew,1.159676082
R-409A,-29,Bubble,1.329086517
R-409A,-29,Dew,1.214056317
R-409A,-28,Bubble,1.389851504
R-409A,-28,Dew,1.270507411
R-409A,-27,Bubble,1.452860939
R-409A,-27,Dew,1.329086517
R-409A,-26,Bubble,1.518174062
R-409A,-26,Dew,1.389851504
R-409A,-25,Bubble,1.58585076
R-409A,-25,Dew,1.452860939
R-409A,-24,Bubble,1.655951543
R-409A,-24,Dew,1.518174062
R-409A,-23,Bubble,1.728537517
R-409A,-23,Dew,1.58585076
R-409A,-22,Bubble,1.803670353
R-409A,-22,Dew,1.655951543
R-409A,-21,Bubble,1.881412263
R-409A,-21,Dew,1.728537517
R-409A,-20,Bubble,1.961825967
R-409A,-20,Dew,1.803670353
R-409A,-19,Bubble,2.04497466
R-409A,-19,Dew,1.881412263
R-409A,-18,Bubble,2.130921981
R-409A,-18,Dew,1.961825967
R-409A,-17,Bubble,2.219731983
R-409A,-17,Dew,2.04497466
R-409A,-16,Bubble,2.31146909
R-409A,-16,Dew,2.130921981
R-409A,-15,Bubble,2.406198072
R-409A,-15,Dew,2.219731983
R-409A,-14,Bubble,2.503984
R-409A,-14,Dew,2.31146909
R-409A,-13,Bubble,2.604892212
R-409A,-13,Dew,2.406198072
R-409A,-12,Bubble,2.708988275
R-409A,-12,Dew,2.503984
R-409A,-11,Bubble,2.816337945
R-409A,-11,Dew,2.604892212
R-409A,-10,Bubble,2.927007128
R-409A,-10,Dew,2.708988275
R-409A,-9,Bubble,3.041061836
R-409A,-9,Dew,2.816337945
R-409A,-8,Bubble,3.158568149
R-409A,-8,Dew,2.927007128
R-409A,-7,Bubble,3.279592172
R-409A,-7,Dew,3.041061836
R-409A,-6,Bubble,3.404199989
R-409A,-6,Dew,3.158568149
R-409A,-5,Bubble,3.532457623
R-409A,-5,Dew,3.279592172
R-409A,-4,Bubble,3.664430991
R-409A,-4,Dew,3.404199989
R-409A,-3,Bubble,3.800185856
R-409A,-3,Dew,3.532457623
R-409A,-2,Bubble,3.939787786
R-409A,-2,Dew,3.664430991
R-409A,-1,Bubble,4.083302106
R-409A,-1,Dew,3.800185856
R-409A,0,Bubble,4.230793852
R-409A,0,Dew,3.939787786
R-409A,1,Bubble,4.382327724
R-409A,1,Dew,4.083302106
R-409A,2,Bubble,4.537968042
R-409A,2,Dew,4.230793852
R-409A,3,Bubble,4.697778697
R-409A,3,Dew,4.382327724
R-409A,4,Bubble,4.861823101
R-409A,4,Dew,4.537968042
R-409A,5,Bubble,5.030164147
R-409A,5,Dew,4.697778697
R-409A,6,Bubble,5.202864156
R-409A,6,Dew,4.861823101
R-409A,7,Bubble,5.379984831
R-409A,7,Dew,5.030164147
R-409A,8,Bubble,5.561587211
R-409A,8,Dew,5.202864156
R-409A,9,Bubble,5.747731624
R-409A,9,Dew,5.379984831
R-409A,10,Bubble,5.938477638
R-409A,10,Dew,5.561587211
R-409A,11,Bubble,6.133884019
R-409A,11,Dew,5.747731624
R-409A,12,Bubble,6.334008681
R-409A,12,Dew,5.938477638
R-409A,13,Bubble,6.538908642
R-409A,13,Dew,6.133884019
R-409A,14,Bubble,6.748639978
R-409A,14,Dew,6.334008681
R-409A,15,Bubble,6.963257779
R-409A,15,Dew,6.538908642
R-409A,16,Bubble,7.182816108
R-409A,16,Dew,6.748639978
R-409A,17,Bubble,7.40736795
R-409A,17,Dew,6.963257779
R-409A,18,Bubble,7.636965179
R-409A,18,Dew,7.182816108
R-409A,19,Bubble,7.871658509
R-409A,19,Dew,7.40736795
R-409A,20,Bubble,8.111497458
R-409A,20,Dew,7.636965179
R-409A,21,Bubble,8.356530305
R-409A,21,Dew,7.871658509
R-409A,22,Bubble,8.606804055
R-409A,22,Dew,8.111497458
R-409A,23,Bubble,8.862364396
R-409A,23,Dew,8.356530305
R-409A,24,Bubble,9.12325567
R-409A,24,Dew,8.606804055
R-409A,25,Bubble,9.389520832
R-409A,25,Dew,8.862364396
R-409A,26,Bubble,9.661201417
R-409A,26,Dew,9.12325567
R-409A,27,Bubble,9.938337511
R-409A,27,Dew,9.389520832
R-409A,28,Bubble,10.22096772
R-409A,28,Dew,9.661201417
R-409A,29,Bubble,10.50912913
R-409A,29,Dew,9.938337511
R-409A,30,Bubble,10.8028573
R-409A,30,Dew,10.22096772
R-409A,31,Bubble,11.10218622
R-409A,31,Dew,10.50912913
R-409A,32,Bubble,11.40714829
R-409A,32,Dew,10.8028573
R-409A,33,Bubble,11.7177743
R-409A,33,Dew,11.10218622
R-409A,34,Bubble,12.0340934
R-409A,34,Dew,11.40714829
R-409A,35,Bubble,12.35613309
R-409A,35,Dew,11.7177743
R-409A,36,Bubble,12.68391922
R-409A,36,Dew,12.0340934
R-409A,37,Bubble,13.01747594
R-409A,37,Dew,12.35613309
R-409A,38,Bubble,13.35682572
R-409A,38,Dew,12.68391922
R-409A,39,Bubble,13.70198929
R-409A,39,Dew,13.01747594
R-409A,40,Bubble,14.05298572
R-409A,40,Dew,13.35682572
R-409A,41,Bubble,14.40983231
R-409A,41,Dew,13.70198929
R-409A,42,Bubble,14.77254467
R-409A,42,Dew,14.05298572
R-409A,43,Bubble,15.14113667
R-409A,43,Dew,14.40983231
R-409A,44,Bubble,15.51562046
R-409A,44,Dew,14.77254467
R-409A,45,Bubble,15.89600647
R-409A,45,Dew,15.14113667
R-409A,46,Bubble,16.28230341
R-409A,46,Dew,15.51562046
R-409A,47,Bubble,16.6745183
R-409A,47,Dew,15.89600647
R-409A,48,Bubble,17.07265644
R-409A,48,Dew,16.28230341
R-409A,49,Bubble,17.47672148
R-409A,49,Dew,16.6745183
R-409A,50,Bubble,17.88671536
R-409A,50,Dew,17.07265644
R-409A,51,Bubble,18.30263843
R-409A,51,Dew,17.47672148
R-409A,52,Bubble,18.72448936
R-409A,52,Dew,17.88671536
R-409A,53,Bubble,19.15226526
R-409A,53,Dew,18.30263843
R-409A,54,Bubble,19.58596165
R-409A,54,Dew,18.72448936
R-409A,55,Bubble,20.02557249
R-409A,55,Dew,19.15226526
R-409A,56,Bubble,20.47109026
R-409A,56,Dew,19.58596165
R-409A,57,Bubble,20.92250593
R-409A,57,Dew,20.02557249
R-409A,58,Bubble,21.37980905
R-409A,58,Dew,20.47109026
R-409A,59,Bubble,21.84298777
R-409A,59,Dew,20.92250593
R-409A,60,Bubble,22.31202887
R-409A,60,Dew,21.37980905
R-409A,61,Bubble,22.78691783
R-409A,61,Dew,21.84298777
R-409A,62,Bubble,23.26763887
R-409A,62,Dew,22.31202887
R-409A,63,Bubble,23.754175
R-409A,63,Dew,22.78691783
R-409A,64,Bubble,24.24650806
R-409A,64,Dew,23.26763887
R-409A,65,Bubble,24.7446188
R-409A,65,Dew,23.754175
R-409A,66,Bubble,25.24848694
R-409A,66,Dew,24.24650806
R-409A,67,Bubble,25.75809122
R-409A,67,Dew,24.7446188
R-409A,68,Bubble,26.27340944
R-409A,68,Dew,25.24848694
R-409A,69,Bubble,26.79441859
R-409A,69,Dew,25.75809122
R-409A,70,Bubble,27.32109487
R-409A,70,Dew,26.27340944
R-413A,-50,Bubble,0.4955678535
R-413A,-50,Dew,0.4477692246
R-413A,-49,Bubble,0.5209940901
R-413A,-49,Dew,0.4711702122
R-413A,-48,Bubble,0.5484118664
R-413A,-48,Dew,0.4955678535
R-413A,-47,Bubble,0.5778497973
R-413A,-47,Dew,0.5209940901
R-413A,-46,Bubble,0.6085972179
R-413A,-46,Dew,0.5484118664
R-413A,-45,Bubble,0.6406985597
R-413A,-45,Dew,0.5778497973
R-413A,-44,Bubble,0.6741991441
R-413A,-44,Dew,0.6085972179
R-413A,-43,Bubble,0.7091451751
R-413A,-43,Dew,0.6406985597
R-413A,-42,Bubble,0.7455837311
R-413A,-42,Dew,0.6741991441
R-413A,-41,Bubble,0.7835627559
R-413A,-41,Dew,0.7091451751
R-413A,-40,Bubble,0.8231310482
R-413A,-40,Dew,0.7455837311
R-413A,-39,Bubble,0.86433825
R-413A,-39,Dew,0.7835627559
R-413A,-38,Bubble,0.9072348337
R-413A,-38,Dew,0.8231310482
R-413A,-37,Bubble,0.9518720886
R-413A,-37,Dew,0.86433825
R-413A,-36,Bubble,0.9983021055
R-413A,-36,Dew,0.9072348337
R-413A,-35,Bubble,1.04657776
R-413A,-35,Dew,0.9518720886
R-413A,-34,Bubble,1.096752696
R-413A,-34,Dew,0.9983021055
R-413A,-33,Bubble,1.148881306
R-413A,-33,Dew,1.04657776
R-413A,-32,Bubble,1.203018711
R-413A,-32,Dew,1.096752696
R-413A,-31,Bubble,1.25922074
R-413A,-31,Dew,1.148881306
R-413A,-30,Bubble,1.317543909
R-413A,-30,Dew,1.203018711
R-413A,-29,Bubble,1.378045393
R-413A,-29,Dew,1.25922074
R-413A,-28,Bubble,1.440783006
R-413A,-28,Dew,1.317543909
R-413A,-27,Bubble,1.505815173
R-413A,-27,Dew,1.378045393
R-413A,-26,Bubble,1.573200902
R-413A,-26,Dew,1.440783006
R-413A,-25,Bubble,1.642999758
R-413A,-25,Dew,1.505815173
R-413A,-24,Bubble,1.715271832
R-413A,-24,Dew,1.573200902
R-413A,-23,Bubble,1.790077709
R-413A,-23,Dew,1.642999758
R-413A,-22,Bubble,1.86747844
R-413A,-22,Dew,1.715271832
R-413A,-21,Bubble,1.947535506
R-413A,-21,Dew,1.790077709
R-413A,-20,Bubble,2.030310786
R-413A,-20,Dew,1.86747844
R-413A,-19,Bubble,2.115866522
R-413A,-19,Dew,1.947535506
R-413A,-18,Bubble,2.204265282
R-413A,-18,Dew,2.030310786
R-413A,-17,Bubble,2.295569923
R-413A,-17,Dew,2.115866522
R-413A,-16,Bubble,2.389843556
R-413A,-16,Dew,2.204265282
R-413A,-15,Bubble,2.487149503
R-413A,-15,Dew,2.295569923
R-413A,-14,Bubble,2.587551263
R-413A,-14,Dew,2.389843556
R-413A,-13,Bubble,2.691112464
R-413A,-13,Dew,2.487149503
R-413A,-12,Bubble,2.79789683
R-413A,-12,Dew,2.587551263
R-413A,-11,Bubble,2.907968132
R-413A,-11,Dew,2.691112464
R-413A,-10,Bubble,3.02139015
R-413A,-10,Dew,2.79789683
R-413A,-9,Bubble,3.138226629
R-413A,-9,Dew,2.907968132
R-413A,-8,Bubble,3.258541233
R-413A,-8,Dew,3.02139015
R-413A,-7,Bubble,3.382397501
R-413A,-7,Dew,3.138226629
R-413A,-6,Bubble,3.509858804
R-413A,-6,Dew,3.258541233
R-413A,-5,Bubble,3.640988298
R-413A,-5,Dew,3.382397501
R-413A,-4,Bubble,3.775848879
R-413A,-4,Dew,3.509858804
R-413A,-3,Bubble,3.914503134
R-413A,-3,Dew,3.640988298
R-413A,-2,Bubble,4.057013299
R-413A,-2,Dew,3.775848879
R-413A,-1,Bubble,4.203441209
R-413A,-1,Dew,3.914503134
R-413A,0,Bubble,4.353848253
R-413A,0,Dew,4.057013299
R-413A,1,Bubble,4.508295326
R-413A,1,Dew,4.203441209
R-413A,2,Bubble,4.666842781
R-413A,2,Dew,4.353848253
R-413A,3,Bubble,4.829550386
R-413A,3,Dew,4.508295326
R-413A,4,Bubble,4.996477274
R-413A,4,Dew,4.666842781
R-413A,5,Bubble,5.167681895
R-413A,5,Dew,4.829550386
R-413A,6,Bubble,5.343221974
R-413A,6,Dew,4.996477274
R-413A,7,Bubble,5.523154461
R-413A,7,Dew,5.167681895
R-413A,8,Bubble,5.707535489
R-413A,8,Dew,5.343221974
R-413A,9,Bubble,5.896420326
R-413A,9,Dew,5.523154461
R-413A,10,Bubble,6.089863329
R-413A,10,Dew,5.707535489
R-413A,11,Bubble,6.287917904
R-413A,11,Dew,5.896420326
R-413A,12,Bubble,6.490636462
R-413A,12,Dew,6.089863329
R-413A,13,Bubble,6.698070372
R-413A,13,Dew,6.287917904
R-413A,14,Bubble,6.910269924
R-413A,14,Dew,6.490636462
R-413A,15,Bubble,7.127284286
R-413A,15,Dew,6.698070372
R-413A,16,Bubble,7.349161464
R-413A,16,Dew,6.910269924
R-413A,17,Bubble,7.575948265
R-413A,17,Dew,7.127284286
R-413A,18,Bubble,7.807690255
R-413A,18,Dew,7.349161464
R-413A,19,Bubble,8.044431729
R-413A,19,Dew,7.575948265
R-413A,20,Bubble,8.286215669
R-413A,20,Dew,7.807690255
R-413A,21,Bubble,8.533083714
R-413A,21,Dew,8.044431729
R-413A,22,Bubble,8.785076127
R-413A,22,Dew,8.286215669
R-413A,23,Bubble,9.042231764
R-413A,23,Dew,8.533083714
R-413A,24,Bubble,9.304588042
R-413A,24,Dew,8.785076127
R-413A,25,Bubble,9.572180917
R-413A,25,Dew,9.042231764
R-413A,26,Bubble,9.84504485
R-413A,26,Dew,9.304588042
R-413A,27,Bubble,10.12321279
R-413A,27,Dew,9.572180917
R-413A,28,Bubble,10.40671615
R-413A,28,Dew,9.84504485
R-413A,29,Bubble,10.69558478
R-413A,29,Dew,10.12321279
R-413A,30,Bubble,10.98984696
R-413A,30,Dew,10.40671615
R-413A,31,Bubble,11.28952936
R-413A,31,Dew,10.69558478
R-413A,32,Bubble,11.59465707
R-413A,32,Dew,10.98984696
R-413A,33,Bubble,11.90525354
R-413A,33,Dew,11.28952936
R-413A,34,Bubble,12.22134059
R-413A,34,Dew,11.59465707
R-413A,35,Bubble,12.54293841
R-413A,35,Dew,11.90525354
R-413A,36,Bubble,12.87006554
R-413A,36,Dew,12.22134059
R-413A,37,Bubble,13.20273888
R-413A,37,Dew,12.54293841
R-413A,38,Bubble,13.54097367
R-413A,38,Dew,12.87006554
R-413A,39,Bubble,13.88478353
R-413A,39,Dew,13.20273888
R-413A,40,Bubble,14.2341804
R-413A,40,Dew,13.54097367
R-413A,41,Bubble,14.58917462
R-413A,41,Dew,13.88478353
R-413A,42,Bubble,14.94977488
R-413A,42,Dew,14.2341804
R-413A,43,Bubble,15.31598828
R-413A,43,Dew,14.58917462
R-413A,44,Bubble,15.6878203
R-413A,44,Dew,14.94977488
R-413A,45,Bubble,16.06527484
R-413A,45,Dew,15.31598828
R-413A,46,Bubble,16.44835427
R-413A,46,Dew,15.6878203
R-413A,47,Bubble,16.83705937
R-413A,47,Dew,16.06527484
R-413A,48,Bubble,17.23138944
R-413A,48,Dew,16.44835427
R-413A,49,Bubble,17.63134231
R-413A,49,Dew,16.83705937
R-413A,50,Bubble,18.03691431
R-413A,50,Dew,17.23138944
R-413A,51,Bubble,18.4481004
R-413A,51,Dew,17.63134231
R-413A,52,Bubble,18.86489412
R-413A,52,Dew,18.03691431
R-413A,53,Bubble,19.28728768
R-413A,53,Dew,18.4481004
R-413A,54,Bubble,19.71527201
R-413A,54,Dew,18.86489412
R-413A,55,Bubble,20.14883676
R-413A,55,Dew,19.28728768
R-413A,56,Bubble,20.58797038
R-413A,56,Dew,19.71527201
R-413A,57,Bubble,21.03266016
R-413A,57,Dew,20.14883676
R-413A,58,Bubble,21.48289232
R-413A,58,Dew,20.58797038
R-413A,59,Bubble,21.93865198
R-413A,59,Dew,21.03266016
R-413A,60,Bubble,22.39992333
R-413A,60,Dew,21.48289232
R-413A,61,Bubble,22.8666896
R-413A,61,Dew,21.93865198
R-413A,62,Bubble,23.33893319
R-413A,62,Dew,22.39992333
R-413A,63,Bubble,23.81663568
R-413A,63,Dew,22.8666896
R-413A,64,Bubble,24.29977796
R-413A,64,Dew,23.33893319
R-413A,65,Bubble,24.78834025
R-413A,65,Dew,23.81663568
R-413A,66,Bubble,25.28230222
R-413A,66,Dew,24.29977796
R-413A,67,Bubble,25.78164304
R-413A,67,Dew,24.78834025
R-413A,68,Bubble,26.28634146
R-413A,68,Dew,25.28230222
R-413A,69,Bubble,26.79637591
R-413A,69,Dew,25.78164304
R-413A,70,Bubble,27.31172458
R-413A,70,Dew,26.28634146
R-426A,-50,Bubble,0.3701736667
R-426A,-50,Dew,0.3335883138
R-426A,-49,Bubble,0.3896731002
R-426A,-49,Dew,0.3514875088
R-426A,-48,Bubble,0.4109424267
R-426A,-48,Dew,0.3701736667
R-426A,-47,Bubble,0.4335553604
R-426A,-47,Dew,0.3896731002
R-426A,-46,Bubble,0.4572039934
R-426A,-46,Dew,0.4109424267
R-426A,-45,Bubble,0.4819248519
R-426A,-45,Dew,0.4335553604
R-426A,-44,Bubble,0.5077552498
R-426A,-44,Dew,0.4572039934
R-426A,-43,Bubble,0.534733286
R-426A,-43,Dew,0.4819248519
R-426A,-42,Bubble,0.5628978399
R-426A,-42,Dew,0.5077552498
R-426A,-41,Bubble,0.5922885654
R-426A,-41,Dew,0.534733286
R-426A,-40,Bubble,0.6229458856
R-426A,-40,Dew,0.5628978399
R-426A,-39,Bubble,0.6549109849
R-426A,-39,Dew,0.5922885654
R-426A,-38,Bubble,0.6882258008
R-426A,-38,Dew,0.6229458856
R-426A,-37,Bubble,0.7229330148
R-426A,-37,Dew,0.6549109849
R-426A,-36,Bubble,0.759076042
R-426A,-36,Dew,0.6882258008
R-426A,-35,Bubble,0.7966990198
R-426A,-35,Dew,0.7229330148
R-426A,-34,Bubble,0.8358467958
R-426A,-34,Dew,0.759076042
R-426A,-33,Bubble,0.8765649141
R-426A,-33,Dew,0.7966990198
R-426A,-32,Bubble,0.9188996008
R-426A,-32,Dew,0.8358467958
R-426A,-31,Bubble,0.9628977491
R-426A,-31,Dew,0.8765649141
R-426A,-30,Bubble,1.008606902
R-426A,-30,Dew,0.9188996008
R-426A,-29,Bubble,1.056075236
R-426A,-29,Dew,0.9628977491
R-426A,-28,Bubble,1.105351541
R-426A,-28,Dew,1.008606902
R-426A,-27,Bubble,1.156485201
R-426A,-27,Dew,1.056075236
R-426A,-26,Bubble,1.209526174
R-426A,-26,Dew,1.105351541
R-426A,-25,Bubble,1.264524971
R-426A,-25,Dew,1.156485201
R-426A,-24,Bubble,1.321532631
R-426A,-24,Dew,1.209526174
R-426A,-23,Bubble,1.380600698
R-426A,-23,Dew,1.264524971
R-426A,-22,Bubble,1.441781198
R-426A,-22,Dew,1.321532631
R-426A,-21,Bubble,1.505126611
R-426A,-21,Dew,1.380600698
R-426A,-20,Bubble,1.570689848
R-426A,-20,Dew,1.441781198
R-426A,-19,Bubble,1.638524215
R-426A,-19,Dew,1.505126611
R-426A,-18,Bubble,1.708683396
R-426A,-18,Dew,1.570689848
R-426A,-17,Bubble,1.781221414
R-426A,-17,Dew,1.638524215
R-426A,-16,Bubble,1.856192605
R-426A,-16,Dew,1.708683396
R-426A,-15,Bubble,1.933651586
R-426A,-15,Dew,1.781221414
R-426A,-14,Bubble,2.013653222
R-426A,-14,Dew,1.856192605
R-426A,-13,Bubble,2.096252595
R-426A,-13,Dew,1.933651586
R-426A,-12,Bubble,2.181504969
R-426A,-12,Dew,2.013653222
R-426A,-11,Bubble,2.269465756
R-426A,-11,Dew,2.096252595
R-426A,-10,Bubble,2.36019048
R-426A,-10,Dew,2.181504969
R-426A,-9,Bubble,2.453734743
R-426A,-9,Dew,2.269465756
R-426A,-8,Bubble,2.550154188
R-426A,-8,Dew,2.36019048
R-426A,-7,Bubble,2.649504461
R-426A,-7,Dew,2.453734743
R-426A,-6,Bubble,2.751841173
R-426A,-6,Dew,2.550154188
R-426A,-5,Bubble,2.857219867
R-426A,-5,Dew,2.649504461
R-426A,-4,Bubble,2.965695973
R-426A,-4,Dew,2.751841173
R-426A,-3,Bubble,3.077324771
R-426A,-3,Dew,2.857219867
R-426A,-2,Bubble,3.192161357
R-426A,-2,Dew,2.965695973
R-426A,-1,Bubble,3.310260595
R-426A,-1,Dew,3.077324771
R-426A,0,Bubble,3.431677084
R-426A,0,Dew,3.192161357
R-426A,1,Bubble,3.556465114
R-426A,1,Dew,3.310260595
R-426A,2,Bubble,3.68467863
R-426A,2,Dew,3.431677084
R-426A,3,Bubble,3.816371187
R-426A,3,Dew,3.556465114
R-426A,4,Bubble,3.951595912
R-426A,4,Dew,3.68467863
R-426A,5,Bubble,4.090405466
R-426A,5,Dew,3.816371187
R-426A,6,Bubble,4.232851998
R-426A,6,Dew,3.951595912
R-426A,7,Bubble,4.378987113
R-426A,7,Dew,4.090405466
R-426A,8,Bubble,4.528861825
R-426A,8,Dew,4.232851998
R-426A,9,Bubble,4.682526522
R-426A,9,Dew,4.378987113
R-426A,10,Bubble,4.840030924
R-426A,10,Dew,4.528861825
R-426A,11,Bubble,5.001424045
R-426A,11,Dew,4.682526522
R-426A,12,Bubble,5.166754158
R-426A,12,Dew,4.840030924
R-426A,13,Bubble,5.336068751
R-426A,13,Dew,5.001424045
R-426A,14,Bubble,5.509414494
R-426A,14,Dew,5.166754158
R-426A,15,Bubble,5.686837204
R-426A,15,Dew,5.336068751
R-426A,16,Bubble,5.868381802
R-426A,16,Dew,5.509414494
R-426A,17,Bubble,6.054092286
R-426A,17,Dew,5.686837204
R-426A,18,Bubble,6.244011691
R-426A,18,Dew,5.868381802
R-426A,19,Bubble,6.438182061
R-426A,19,Dew,6.054092286
R-426A,20,Bubble,6.636644409
R-426A,20,Dew,6.244011691
R-426A,21,Bubble,6.839438694
R-426A,21,Dew,6.438182061
R-426A,22,Bubble,7.046603786
R-426A,22,Dew,6.636644409
R-426A,23,Bubble,7.258177436
R-426A,23,Dew,6.839438694
R-426A,24,Bubble,7.474196253
R-426A,24,Dew,7.046603786
R-426A,25,Bubble,7.694695672
R-426A,25,Dew,7.258177436
R-426A,26,Bubble,7.919709934
R-426A,26,Dew,7.474196253
R-426A,27,Bubble,8.149272058
R-426A,27,Dew,7.694695672
R-426A,28,Bubble,8.38341382
R-426A,28,Dew,7.919709934
R-426A,29,Bubble,8.622165736
R-426A,29,Dew,8.149272058
R-426A,30,Bubble,8.865557035
R-426A,30,Dew,8.38341382
R-426A,31,Bubble,9.113615651
R-426A,31,Dew,8.622165736
R-426A,32,Bubble,9.3663682
R-426A,32,Dew,8.865557035
R-426A,33,Bubble,9.623839969
R-426A,33,Dew,9.113615651
R-426A,34,Bubble,9.886054904
R-426A,34,Dew,9.3663682
R-426A,35,Bubble,10.1530356
R-426A,35,Dew,9.623839969
R-426A,36,Bubble,10.42480329
R-426A,36,Dew,9.886054904
R-426A,37,Bubble,10.70137785
R-426A,37,Dew,10.1530356
R-426A,38,Bubble,10.98277776
R-426A,38,Dew,10.42480329
R-426A,39,Bubble,11.26902017
R-426A,39,Dew,10.70137785
R-426A,40,Bubble,11.56012081
R-426A,40,Dew,10.98277776
R-426A,41,Bubble,11.85609408
R-426A,41,Dew,11.26902017
R-426A,42,Bubble,12.15695299
R-426A,42,Dew,11.56012081
R-426A,43,Bubble,12.4627092
R-426A,43,Dew,11.85609408
R-426A,44,Bubble,12.77337301
R-426A,44,Dew,12.15695299
R-426A,45,Bubble,13.08895339
R-426A,45,Dew,12.4627092
R-426A,46,Bubble,13.40945798
R-426A,46,Dew,12.77337301
R-426A,47,Bubble,13.73489312
R-426A,47,Dew,13.08895339
R-426A,48,Bubble,14.06526384
R-426A,48,Dew,13.40945798
R-426A,49,Bubble,14.4005739
R-426A,49,Dew,13.73489312
R-426A,50,Bubble,14.74082583
R-426A,50,Dew,14.06526384
R-426A,51,Bubble,15.08602093
R-426A,51,Dew,14.4005739
R-426A,52,Bubble,15.4361593
R-426A,52,Dew,14.74082583
R-426A,53,Bubble,15.79123988
R-426A,53,Dew,15.08602093
R-426A,54,Bubble,16.15126047
R-426A,54,Dew,15.4361593
R-426A,55,Bubble,16.51621779
R-426A,55,Dew,15.79123988
R-426A,56,Bubble,16.8861075
R-426A,56,Dew,16.15126047
R-426A,57,Bubble,17.26092423
R-426A,57,Dew,16.51621779
R-426A,58,Bubble,17.64066165
R-426A,58,Dew,16.8861075
R-426A,59,Bubble,18.0253125
R-426A,59,Dew,17.26092423
R-426A,60,Bubble,18.41486863
R-426A,60,Dew,17.64066165
R-426A,61,Bubble,18.80932108
R-426A,61,Dew,18.0253125
R-426A,62,Bubble,19.20866009
R-426A,62,Dew,18.41486863
R-426A,63,Bubble,19.61287521
R-426A,63,Dew,18.80932108
R-426A,64,Bubble,20.02195528
R-426A,64,Dew,19.20866009
R-426A,65,Bubble,20.43588859
R-426A,65,Dew,19.61287521
R-426A,66,Bubble,20.85466286
R-426A,66,Dew,20.02195528
R-426A,67,Bubble,21.27826533
R-426A,67,Dew,20.43588859
R-426A,68,Bubble,21.70668285
R-426A,68,Dew,20.85466286
R-426A,69,Bubble,22.13990192
R-426A,69,Dew,21.27826533
R-426A,70,Bubble,22.57790878
R-426A,70,Dew,21.70668285
R-437A,-50,Bubble,0.4406263007
R-437A,-50,Dew,0.3976531964
R-437A,-49,Bubble,0.4649448855
R-437A,-49,Dew,0.4186586919
R-437A,-48,Bubble,0.4903797416
R-437A,-48,Dew,0.4406263007
R-437A,-47,Bubble,0.5169702679
R-437A,-47,Dew,0.4649448855
R-437A,-46,Bubble,0.5447567097
R-437A,-46,Dew,0.4903797416
R-437A,-45,Bubble,0.5737801555
R-437A,-45,Dew,0.5169702679
R-437A,-44,Bubble,0.6040825308
R-437A,-44,Dew,0.5447567097
R-437A,-43,Bubble,0.6357065928
R-437A,-43,Dew,0.5737801555
R-437A,-42,Bubble,0.6686959223
R-437A,-42,Dew,0.6040825308
R-437A,-41,Bubble,0.7030949163
R-437A,-41,Dew,0.6357065928
R-437A,-40,Bubble,0.7389487778
R-437A,-40,Dew,0.6686959223
R-437A,-39,Bubble,0.7763035057
R-437A,-39,Dew,0.7030949163
R-437A,-38,Bubble,0.8152058832
R-437A,-38,Dew,0.7389487778
R-437A,-37,Bubble,0.8557034647
R-437A,-37,Dew,0.7763035057
R-437A,-36,Bubble,0.8978445626
R-437A,-36,Dew,0.8152058832
R-437A,-35,Bubble,0.9416782314
R-437A,-35,Dew,0.8557034647
R-437A,-34,Bubble,0.9872542523
R-437A,-34,Dew,0.8978445626
R-437A,-33,Bubble,1.034623116
R-437A,-33,Dew,0.9416782314
R-437A,-32,Bubble,1.083836003
R-437A,-32,Dew,0.9872542523
R-437A,-31,Bubble,1.134944765
R-437A,-31,Dew,1.034623116
R-437A,-30,Bubble,1.188001906
R-437A,-30,Dew,1.083836003
R-437A,-29,Bubble,1.243060556
R-437A,-29,Dew,1.134944765
R-437A,-28,Bubble,1.300174452
R-437A,-28,Dew,1.188001906
R-437A,-27,Bubble,1.359397912
R-437A,-27,Dew,1.243060556
R-437A,-26,Bubble,1.42078581
R-437A,-26,Dew,1.300174452
R-437A,-25,Bubble,1.48439355
R-437A,-25,Dew,1.359397912
R-437A,-24,Bubble,1.550277038
R-437A,-24,Dew,1.42078581
R-437A,-23,Bubble,1.618492656
R-437A,-23,Dew,1.48439355
R-437A,-22,Bubble,1.689097227
R-437A,-22,Dew,1.550277038
R-437A,-21,Bubble,1.762147991
R-437A,-21,Dew,1.618492656
R-437A,-20,Bubble,1.837702569
R-437A,-20,Dew,1.689097227
R-437A,-19,Bubble,1.91581893
R-437A,-19,Dew,1.762147991
R-437A,-18,Bubble,1.996555362
R-437A,-18,Dew,1.837702569
R-437A,-17,Bubble,2.079970434
R-437A,-17,Dew,1.91581893
R-437A,-16,Bubble,2.166122961
R-437A,-16,Dew,1.996555362
R-437A,-15,Bubble,2.255071967
R-437A,-15,Dew,2.079970434
R-437A,-14,Bubble,2.346876652
R-437A,-14,Dew,2.166122961
R-437A,-13,Bubble,2.44159635
R-437A,-13,Dew,2.255071967
R-437A,-12,Bubble,2.53929049
R-437A,-12,Dew,2.346876652
R-437A,-11,Bubble,2.640018563
R-437A,-11,Dew,2.44159635
R-437A,-10,Bubble,2.743840074
R-437A,-10,Dew,2.53929049
R-437A,-9,Bubble,2.850814506
R-437A,-9,Dew,2.640018563
R-437A,-8,Bubble,2.96100128
R-437A,-8,Dew,2.743840074
R-437A,-7,Bubble,3.074459709
R-437A,-7,Dew,2.850814506
R-437A,-6,Bubble,3.191248959
R-437A,-6,Dew,2.96100128
R-437A,-5,Bubble,3.311428008
R-437A,-5,Dew,3.074459709
R-437A,-4,Bubble,3.435055597
R-437A,-4,Dew,3.191248959
R-437A,-3,Bubble,3.562190195
R-437A,-3,Dew,3.311428008
R-437A,-2,Bubble,3.692889949
R-437A,-2,Dew,3.435055597
R-437A,-1,Bubble,3.827212642
R-437A,-1,Dew,3.562190195
R-437A,0,Bubble,3.965215653
R-437A,0,Dew,3.692889949
R-437A,1,Bubble,4.106955907
R-437A,1,Dew,3.827212642
R-437A,2,Bubble,4.252489836
R-437A,2,Dew,3.965215653
R-437A,3,Bubble,4.401873333
R-437A,3,Dew,4.106955907
R-437A,4,Bubble,4.555161709
R-437A,4,Dew,4.252489836
R-437A,5,Bubble,4.712409649
R-437A,5,Dew,4.401873333
R-437A,6,Bubble,4.87367117
R-437A,6,Dew,4.555161709
R-437A,7,Bubble,5.038999577
R-437A,7,Dew,4.712409649
R-437A,8,Bubble,5.20844742
R-437A,8,Dew,4.87367117
R-437A,9,Bubble,5.382066454
R-437A,9,Dew,5.038999577
R-437A,10,Bubble,5.559907595
R-437A,10,Dew,5.20844742
R-437A,11,Bubble,5.74202088
R-437A,11,Dew,5.382066454
R-437A,12,Bubble,5.928455428
R-437A,12,Dew,5.559907595
R-437A,13,Bubble,6.1192594
R-437A,13,Dew,5.74202088
R-437A,14,Bubble,6.314479959
R-437A,14,Dew,5.928455428
R-437A,15,Bubble,6.514163233
R-437A,15,Dew,6.1192594
R-437A,16,Bubble,6.718354278
R-437A,16,Dew,6.314479959
R-437A,17,Bubble,6.927097043
R-437A,17,Dew,6.514163233
R-437A,18,Bubble,7.140434335
R-437A,18,Dew,6.718354278
R-437A,19,Bubble,7.358407784
R-437A,19,Dew,6.927097043
R-437A,20,Bubble,7.581057813
R-437A,20,Dew,7.140434335
R-437A,21,Bubble,7.808423604
R-437A,21,Dew,7.358407784
R-437A,22,Bubble,8.040543074
R-437A,22,Dew,7.581057813
R-437A,23,Bubble,8.277452838
R-437A,23,Dew,7.808423604
R-437A,24,Bubble,8.519188193
R-437A,24,Dew,8.040543074
R-437A,25,Bubble,8.765783084
R-437A,25,Dew,8.277452838
R-437A,26,Bubble,9.017270084
R-437A,26,Dew,8.519188193
R-437A,27,Bubble,9.273680375
R-437A,27,Dew,8.765783084
R-437A,28,Bubble,9.535043723
R-437A,28,Dew,9.017270084
R-437A,29,Bubble,9.801388464
R-437A,29,Dew,9.273680375
R-437A,30,Bubble,10.07274149
R-437A,30,Dew,9.535043723
R-437A,31,Bubble,10.34912822
R-437A,31,Dew,9.801388464
R-437A,32,Bubble,10.63057261
R-437A,32,Dew,10.07274149
R-437A,33,Bubble,10.91709713
R-437A,33,Dew,10.34912822
R-437A,34,Bubble,11.20872275
R-437A,34,Dew,10.63057261
R-437A,35,Bubble,11.50546896
R-437A,35,Dew,10.91709713
R-437A,36,Bubble,11.80735374
R-437A,36,Dew,11.20872275
R-437A,37,Bubble,12.11439355
R-437A,37,Dew,11.50546896
R-437A,38,Bubble,12.42660338
R-437A,38,Dew,11.80735374
R-437A,39,Bubble,12.74399671
R-437A,39,Dew,12.11439355
R-437A,40,Bubble,13.06658552
R-437A,40,Dew,12.42660338
R-437A,41,Bubble,13.39438031
R-437A,41,Dew,12.74399671
R-437A,42,Bubble,13.72739012
R-437A,42,Dew,13.06658552
R-437A,43,Bubble,14.06562252
R-437A,43,Dew,13.39438031
R-437A,44,Bubble,14.40908364
R-437A,44,Dew,13.72739012
R-437A,45,Bubble,14.75777819
R-437A,45,Dew,14.06562252
R-437A,46,Bubble,15.11170947
R-437A,46,Dew,14.40908364
R-437A,47,Bubble,15.4708794
R-437A,47,Dew,14.75777819
R-437A,48,Bubble,15.83528856
R-437A,48,Dew,15.11170947
R-437A,49,Bubble,16.2049362
R-437A,49,Dew,15.4708794
R-437A,50,Bubble,16.57982027
R-437A,50,Dew,15.83528856
R-437A,51,Bubble,16.95993748
R-437A,51,Dew,16.2049362
R-437A,52,Bubble,17.34528332
R-437A,52,Dew,16.57982027
R-437A,53,Bubble,17.73585207
R-437A,53,Dew,16.95993748
R-437A,54,Bubble,18.13163692
R-437A,54,Dew,17.34528332
R-437A,55,Bubble,18.53262993
R-437A,55,Dew,17.73585207
R-437A,56,Bubble,18.93882214
R-437A,56,Dew,18.13163692
R-437A,57,Bubble,19.3502036
R-437A,57,Dew,18.53262993
R-437A,58,Bubble,19.76676341
R-437A,58,Dew,18.93882214
R-437A,59,Bubble,20.18848978
R-437A,59,Dew,19.3502036
R-437A,60,Bubble,20.61537013
R-437A,60,Dew,19.76676341
R-437A,61,Bubble,21.04739109
R-437A,61,Dew,20.18848978
R-437A,62,Bubble,21.48453859
R-437A,62,Dew,20.61537013
R-437A,63,Bubble,21.92679796
R-437A,63,Dew,21.04739109
R-437A,64,Bubble,22.37415395
R-437A,64,Dew,21.48453859
R-437A,65,Bubble,22.82659081
R-437A,65,Dew,21.92679796
R-437A,66,Bubble,23.2840924
R-437A,66,Dew,22.37415395
R-437A,67,Bubble,23.74664222
R-437A,67,Dew,22.82659081
R-437A,68,Bubble,24.21422353
R-437A,68,Dew,23.2840924
R-437A,69,Bubble,24.6868194
R-437A,69,Dew,23.74664222
R-437A,70,Bubble,25.16441281
R-437A,70,Dew,24.21422353
R-600,-50,Bubble,0.09866867006
R-600,-50,Dew,0.09866867006
R-600,-49,Bubble,0.1044806762
R-600,-49,Dew,0.1044806762
R-600,-48,Bubble,0.1105788003
R-600,-48,Dew,0.1105788003
R-600,-47,Bubble,0.1169741508
R-600,-47,Dew,0.1169741508
R-600,-46,Bubble,0.1236781366
R-600,-46,Dew,0.1236781366
R-600,-45,Bubble,0.1307024709
R-600,-45,Dew,0.1307024709
R-600,-44,Bubble,0.1380591745
R-600,-44,Dew,0.1380591745
R-600,-43,Bubble,0.1457605794
R-600,-43,Dew,0.1457605794
R-600,-42,Bubble,0.1538193321
R-600,-42,Dew,0.1538193321
R-600,-41,Bubble,0.1622483968
R-600,-41,Dew,0.1622483968
R-600,-40,Bubble,0.1710610585
R-600,-40,Dew,0.1710610585
R-600,-39,Bubble,0.1802709265
R-600,-39,Dew,0.1802709265
R-600,-38,Bubble,0.1898919368
R-600,-38,Dew,0.1898919368
R-600,-37,Bubble,0.1999383557
R-600,-37,Dew,0.1999383557
R-600,-36,Bubble,0.210424782
R-600,-36,Dew,0.210424782
R-600,-35,Bubble,0.2213661501
R-600,-35,Dew,0.2213661501
R-600,-34,Bubble,0.2327777326
R-600,-34,Dew,0.2327777326
R-600,-33,Bubble,0.2446751426
R-600,-33,Dew,0.2446751426
R-600,-32,Bubble,0.2570743365
R-600,-32,Dew,0.2570743365
R-600,-31,Bubble,0.2699916159
R-600,-31,Dew,0.2699916159
R-600,-30,Bubble,0.2834436303
R-600,-30,Dew,0.2834436303
R-600,-29,Bubble,0.2974473789
R-600,-29,Dew,0.2974473789
R-600,-28,Bubble,0.3120202126
R-600,-28,Dew,0.3120202126
R-600,-27,Bubble,0.3271798363
R-600,-27,Dew,0.3271798363
R-600,-26,Bubble,0.3429443103
R-600,-26,Dew,0.3429443103
R-600,-25,Bubble,0.3593320522
R-600,-25,Dew,0.3593320522
R-600,-24,Bubble,0.3763618384
R-600,-24,Dew,0.3763618384
R-600,-23,Bubble,0.3940528059
R-600,-23,Dew,0.3940528059
R-600,-22,Bubble,0.4124244533
R-600,-22,Dew,0.4124244533
R-600,-21,Bubble,0.4314966423
R-600,-21,Dew,0.4314966423
R-600,-20,Bubble,0.4512895986
R-600,-20,Dew,0.4512895986
R-600,-19,Bubble,0.4718239136
R-600,-19,Dew,0.4718239136
R-600,-18,Bubble,0.4932025312
R-600,-18,Dew,0.4932025312
R-600,-17,Bubble,0.5167140065
R-600,-17,Dew,0.5167140065
R-600,-16,Bubble,0.5411572331
R-600,-16,Dew,0.5411572331
R-600,-15,Bubble,0.5665605509
R-600,-15,Dew,0.5665605509
R-600,-14,Bubble,0.5929528195
R-600,-14,Dew,0.5929528195
R-600,-13,Bubble,0.6203634161
R-600,-13,Dew,0.6203634161
R-600,-12,Bubble,0.6488222317
R-600,-12,Dew,0.6488222317
R-600,-11,Bubble,0.6783596681
R-600,-11,Dew,0.6783596681
R-600,-10,Bubble,0.7090066334
R-600,-10,Dew,0.7090066334
R-600,-9,Bubble,0.7407945372
R-600,-9,Dew,0.7407945372
R-600,-8,Bubble,0.773755286
R-600,-8,Dew,0.773755286
R-600,-7,Bubble,0.8079212765
R-600,-7,Dew,0.8079212765
R-600,-6,Bubble,0.8433253904
R-600,-6,Dew,0.8433253904
R-600,-5,Bubble,0.8800009871
R-600,-5,Dew,0.8800009871
R-600,-4,Bubble,0.9179818963
R-600,-4,Dew,0.9179818963
R-600,-3,Bubble,0.9573024105
R-600,-3,Dew,0.9573024105
R-600,-2,Bubble,0.9979972765
R-600,-2,Dew,0.9979972765
R-600,-1,Bubble,1.040101686
R-600,-1,Dew,1.040101686
R-600,0,Bubble,1.083651268
R-600,0,Dew,1.083651268
R-600,1,Bubble,1.128682076
R-600,1,Dew,1.128682076
R-600,2,Bubble,1.17523058
R-600,2,Dew,1.17523058
R-600,3,Bubble,1.223333652
R-600,3,Dew,1.223333652
R-600,4,Bubble,1.27302856
R-600,4,Dew,1.27302856
R-600,5,Bubble,1.324352951
R-600,5,Dew,1.324352951
R-600,6,Bubble,1.377344838
R-600,6,Dew,1.377344838
R-600,7,Bubble,1.432042593
R-600,7,Dew,1.432042593
R-600,8,Bubble,1.488484924
R-600,8,Dew,1.488484924
R-600,9,Bubble,1.546710868
R-600,9,Dew,1.546710868
R-600,10,Bubble,1.606759775
R-600,10,Dew,1.606759775
R-600,11,Bubble,1.66867129
R-600,11,Dew,1.66867129
R-600,12,Bubble,1.732485339
R-600,12,Dew,1.732485339
R-600,13,Bubble,1.798242111
R-600,13,Dew,1.798242111
R-600,14,Bubble,1.865982046
R-600,14,Dew,1.865982046
R-600,15,Bubble,1.935745811
R-600,15,Dew,1.935745811
R-600,16,Bubble,2.007574289
R-600,16,Dew,2.007574289
R-600,17,Bubble,2.081508554
R-600,17,Dew,2.081508554
R-600,18,Bubble,2.15758986
R-600,18,Dew,2.15758986
R-600,19,Bubble,2.235859614
R-600,19,Dew,2.235859614
R-600,20,Bubble,2.316359363
R-600,20,Dew,2.316359363
R-600,21,Bubble,2.399130772
R-600,21,Dew,2.399130772
R-600,22,Bubble,2.484215601
R-600,22,Dew,2.484215601
R-600,23,Bubble,2.57165569
R-600,23,Dew,2.57165569
R-600,24,Bubble,2.661492932
R-600,24,Dew,2.661492932
R-600,25,Bubble,2.753769257
R-600,25,Dew,2.753769257
R-600,26,Bubble,2.848526607
R-600,26,Dew,2.848526607
R-600,27,Bubble,2.945806915
R-600,27,Dew,2.945806915
R-600,28,Bubble,3.045652083
R-600,28,Dew,3.045652083
R-600,29,Bubble,3.148103961
R-600,29,Dew,3.148103961
R-600,30,Bubble,3.25320432
R-600,30,Dew,3.25320432
R-600,31,Bubble,3.360994835
R-600,31,Dew,3.360994835
R-600,32,Bubble,3.471517057
R-600,32,Dew,3.471517057
R-600,33,Bubble,3.584812393
R-600,33,Dew,3.584812393
R-600,34,Bubble,3.70092208
R-600,34,Dew,3.70092208
R-600,35,Bubble,3.819887164
R-600,35,Dew,3.819887164
R-600,36,Bubble,3.941748473
R-600,36,Dew,3.941748473
R-600,37,Bubble,4.066546597
R-600,37,Dew,4.066546597
R-600,38,Bubble,4.194321862
R-600,38,Dew,4.194321862
R-600,39,Bubble,4.325114307
R-600,39,Dew,4.325114307
R-600,40,Bubble,4.45896366
R-600,40,Dew,4.45896366
R-600,41,Bubble,4.595909314
R-600,41,Dew,4.595909314
R-600,42,Bubble,4.735990302
R-600,42,Dew,4.735990302
R-600,43,Bubble,4.879245278
R-600,43,Dew,4.879245278
R-600,44,Bubble,5.025712486
R-600,44,Dew,5.025712486
R-600,45,Bubble,5.175429744
R-600,45,Dew,5.175429744
R-600,46,Bubble,5.328434417
R-600,46,Dew,5.328434417
R-600,47,Bubble,5.484763393
R-600,47,Dew,5.484763393
R-600,48,Bubble,5.644453062
R-600,48,Dew,5.644453062
R-600,49,Bubble,5.807539294
R-600,49,Dew,5.807539294
R-600,50,Bubble,5.974057415
R-600,50,Dew,5.974057415
R-600,51,Bubble,6.144042184
R-600,51,Dew,6.144042184
R-600,52,Bubble,6.317527776
R-600,52,Dew,6.317527776
R-600,53,Bubble,6.494547755
R-600,53,Dew,6.494547755
R-600,54,Bubble,6.675135057
R-600,54,Dew,6.675135057
R-600,55,Bubble,6.859321967
R-600,55,Dew,6.859321967
R-600,56,Bubble,7.0471401
R-600,56,Dew,7.0471401
R-600,57,Bubble,7.238620384
R-600,57,Dew,7.238620384
R-600,58,Bubble,7.433793035
R-600,58,Dew,7.433793035
R-600,59,Bubble,7.632687543
R-600,59,Dew,7.632687543
R-600,60,Bubble,7.835332653
R-600,60,Dew,7.835332653
R-600,61,Bubble,8.041756348
R-600,61,Dew,8.041756348
R-600,62,Bubble,8.251985832
R-600,62,Dew,8.251985832
R-600,63,Bubble,8.466047512
R-600,63,Dew,8.466047512
R-600,64,Bubble,8.683966986
R-600,64,Dew,8.683966986
R-600,65,Bubble,8.905769025
R-600,65,Dew,8.905769025
R-600,66,Bubble,9.131477562
R-600,66,Dew,9.131477562
R-600,67,Bubble,9.361115677
R-600,67,Dew,9.361115677
R-600,68,Bubble,9.594705585
R-600,68,Dew,9.594705585
R-600,69,Bubble,9.832268626
R-600,69,Dew,9.832268626
R-600,70,Bubble,10.07382525
R-600,70,Dew,10.07382525
R-1234yf,-50,Bubble,0.3873759647
R-1234yf,-50,Dew,0.3873759647
R-1234yf,-49,Bubble,0.4090061471
R-1234yf,-49,Dew,0.4090061471
R-1234yf,-48,Bubble,0.4316414206
R-1234yf,-48,Dew,0.4316414206
R-1234yf,-47,Bubble,0.4553177172
R-1234yf,-47,Dew,0.4553177172
R-1234yf,-46,Bubble,0.4800717522
R-1234yf,-46,Dew,0.4800717522
R-1234yf,-45,Bubble,0.5059410203
R-1234yf,-45,Dew,0.5059410203
R-1234yf,-44,Bubble,0.532963791
R-1234yf,-44,Dew,0.532963791
R-1234yf,-43,Bubble,0.5611791026
R-1234yf,-43,Dew,0.5611791026
R-1234yf,-42,Bubble,0.5906267562
R-1234yf,-42,Dew,0.5906267562
R-1234yf,-41,Bubble,0.6213473071
R-1234yf,-41,Dew,0.6213473071
R-1234yf,-40,Bubble,0.6533820569
R-1234yf,-40,Dew,0.6533820569
R-1234yf,-39,Bubble,0.6867730433
R-1234yf,-39,Dew,0.6867730433
R-1234yf,-38,Bubble,0.7215630295
R-1234yf,-38,Dew,0.7215630295
R-1234yf,-37,Bubble,0.7577954922
R-1234yf,-37,Dew,0.7577954922
R-1234yf,-36,Bubble,0.7955146089
R-1234yf,-36,Dew,0.7955146089
R-1234yf,-35,Bubble,0.8347652439
R-1234yf,-35,Dew,0.8347652439
R-1234yf,-34,Bubble,0.8755929331
R-1234yf,-34,Dew,0.8755929331
R-1234yf,-33,Bubble,0.9180438679
R-1234yf,-33,Dew,0.9180438679
R-1234yf,-32,Bubble,0.9621648784
R-1234yf,-32,Dew,0.9621648784
R-1234yf,-31,Bubble,1.008003415
R-1234yf,-31,Dew,1.008003415
R-1234yf,-30,Bubble,1.055607527
R-1234yf,-30,Dew,1.055607527
R-1234yf,-29,Bubble,1.105025848
R-1234yf,-29,Dew,1.105025848
R-1234yf,-28,Bubble,1.156307567
R-1234yf,-28,Dew,1.156307567
R-1234yf,-27,Bubble,1.209502411
R-1234yf,-27,Dew,1.209502411
R-1234yf,-26,Bubble,1.264660619
R-1234yf,-26,Dew,1.264660619
R-1234yf,-25,Bubble,1.321832921
R-1234yf,-25,Dew,1.321832921
R-1234yf,-24,Bubble,1.381070506
R-1234yf,-24,Dew,1.381070506
R-1234yf,-23,Bubble,1.442425002
R-1234yf,-23,Dew,1.442425002
R-1234yf,-22,Bubble,1.505948445
R-1234yf,-22,Dew,1.505948445
R-1234yf,-21,Bubble,1.57169325
R-1234yf,-21,Dew,1.57169325
R-1234yf,-20,Bubble,1.639712185
R-1234yf,-20,Dew,1.639712185
R-1234yf,-19,Bubble,1.710058336
R-1234yf,-19,Dew,1.710058336
R-1234yf,-18,Bubble,1.782785081
R-1234yf,-18,Dew,1.782785081
R-1234yf,-17,Bubble,1.857946051
R-1234yf,-17,Dew,1.857946051
R-1234yf,-16,Bubble,1.935595106
R-1234yf,-16,Dew,1.935595106
R-1234yf,-15,Bubble,2.015786292
R-1234yf,-15,Dew,2.015786292
R-1234yf,-14,Bubble,2.098573815
R-1234yf,-14,Dew,2.098573815
R-1234yf,-13,Bubble,2.184012
R-1234yf,-13,Dew,2.184012
R-1234yf,-12,Bubble,2.272155257
R-1234yf,-12,Dew,2.272155257
R-1234yf,-11,Bubble,2.363058045
R-1234yf,-11,Dew,2.363058045
R-1234yf,-10,Bubble,2.456774835
R-1234yf,-10,Dew,2.456774835
R-1234yf,-9,Bubble,2.553360071
R-1234yf,-9,Dew,2.553360071
R-1234yf,-8,Bubble,2.652868134
R-1234yf,-8,Dew,2.652868134
R-1234yf,-7,Bubble,2.755353303
R-1234yf,-7,Dew,2.755353303
R-1234yf,-6,Bubble,2.860869712
R-1234yf,-6,Dew,2.860869712
R-1234yf,-5,Bubble,2.969471318
R-1234yf,-5,Dew,2.969471318
R-1234yf,-4,Bubble,3.081211856
R-1234yf,-4,Dew,3.081211856
R-1234yf,-3,Bubble,3.1961448
R-1234yf,-3,Dew,3.1961448
R-1234yf,-2,Bubble,3.314323323
R-1234yf,-2,Dew,3.314323323
R-1234yf,-1,Bubble,3.435800259
R-1234yf,-1,Dew,3.435800259
R-1234yf,0,Bubble,3.56062806
R-1234yf,0,Dew,3.56062806
R-1234yf,1,Bubble,3.688858757
R-1234yf,1,Dew,3.688858757
R-1234yf,2,Bubble,3.820543919
R-1234yf,2,Dew,3.820543919
R-1234yf,3,Bubble,3.955734615
R-1234yf,3,Dew,3.955734615
R-1234yf,4,Bubble,4.09448137
R-1234yf,4,Dew,4.09448137
R-1234yf,5,Bubble,4.23683413
R-1234yf,5,Dew,4.23683413
R-1234yf,6,Bubble,4.382842219
R-1234yf,6,Dew,4.382842219
R-1234yf,7,Bubble,4.532554301
R-1234yf,7,Dew,4.532554301
R-1234yf,8,Bubble,4.686018342
R-1234yf,8,Dew,4.686018342
R-1234yf,9,Bubble,4.843281572
R-1234yf,9,Dew,4.843281572
R-1234yf,10,Bubble,5.004390446
R-1234yf,10,Dew,5.004390446
R-1234yf,11,Bubble,5.169390608
R-1234yf,11,Dew,5.169390608
R-1234yf,12,Bubble,5.338326856
R-1234yf,12,Dew,5.338326856
R-1234yf,13,Bubble,5.511243104
R-1234yf,13,Dew,5.511243104
R-1234yf,14,Bubble,5.688182348
R-1234yf,14,Dew,5.688182348
R-1234yf,15,Bubble,5.869186636
R-1234yf,15,Dew,5.869186636
R-1234yf,16,Bubble,6.054297028
R-1234yf,16,Dew,6.054297028
R-1234yf,17,Bubble,6.243553573
R-1234yf,17,Dew,6.243553573
R-1234yf,18,Bubble,6.436995271
R-1234yf,18,Dew,6.436995271
R-1234yf,19,Bubble,6.634660047
R-1234yf,19,Dew,6.634660047
R-1234yf,20,Bubble,6.836584724
R-1234yf,20,Dew,6.836584724
R-1234yf,21,Bubble,7.042804994
R-1234yf,21,Dew,7.042804994
R-1234yf,22,Bubble,7.253355393
R-1234yf,22,Dew,7.253355393
R-1234yf,23,Bubble,7.468269277
R-1234yf,23,Dew,7.468269277
R-1234yf,24,Bubble,7.687578802
R-1234yf,24,Dew,7.687578802
R-1234yf,25,Bubble,7.911314899
R-1234yf,25,Dew,7.911314899
R-1234yf,26,Bubble,8.139507258
R-1234yf,26,Dew,8.139507258
R-1234yf,27,Bubble,8.372184308
R-1234yf,27,Dew,8.372184308
R-1234yf,28,Bubble,8.609373204
R-1234yf,28,Dew,8.609373204
R-1234yf,29,Bubble,8.851099811
R-1234yf,29,Dew,8.851099811
R-1234yf,30,Bubble,9.097388693
R-1234yf,30,Dew,9.097388693
R-1234yf,31,Bubble,9.348263103
R-1234yf,31,Dew,9.348263103
R-1234yf,32,Bubble,9.603744972
R-1234yf,32,Dew,9.603744972
R-1234yf,33,Bubble,9.863854908
R-1234yf,33,Dew,9.863854908
R-1234yf,34,Bubble,10.12861219
R-1234yf,34,Dew,10.12861219
R-1234yf,35,Bubble,10.39803476
R-1234yf,35,Dew,10.39803476
R-1234yf,36,Bubble,10.67213923
R-1234yf,36,Dew,10.67213923
R-1234yf,37,Bubble,10.9509409
R-1234yf,37,Dew,10.9509409
R-1234yf,38,Bubble,11.23445371
R-1234yf,38,Dew,11.23445371
R-1234yf,39,Bubble,11.52269033
R-1234yf,39,Dew,11.52269033
R-1234yf,40,Bubble,11.81566208
R-1234yf,40,Dew,11.81566208
R-1234yf,41,Bubble,12.11337902
R-1234yf,41,Dew,12.11337902
R-1234yf,42,Bubble,12.41584989
R-1234yf,42,Dew,12.41584989
R-1234yf,43,Bubble,12.72308221
R-1234yf,43,Dew,12.72308221
R-1234yf,44,Bubble,13.03508222
R-1234yf,44,Dew,13.03508222
R-1234yf,45,Bubble,13.35185496
R-1234yf,45,Dew,13.35185496
R-1234yf,46,Bubble,13.67340426
R-1234yf,46,Dew,13.67340426
R-1234yf,47,Bubble,13.99973278
R-1234yf,47,Dew,13.99973278
R-1234yf,48,Bubble,14.33084204
R-1234yf,48,Dew,14.33084204
R-1234yf,49,Bubble,14.66673245
R-1234yf,49,Dew,14.66673245
R-1234yf,50,Bubble,15.00740333
R-1234yf,50,Dew,15.00740333
R-1234yf,51,Bubble,15.35285298
R-1234yf,51,Dew,15.35285298
R-1234yf,52,Bubble,15.70307869
R-1234yf,52,Dew,15.70307869
R-1234yf,53,Bubble,16.0580768
R-1234yf,53,Dew,16.0580768
R-1234yf,54,Bubble,16.41784274
R-1234yf,54,Dew,16.41784274
R-1234yf,55,Bubble,16.78237107
R-1234yf,55,Dew,16.78237107
R-1234yf,56,Bubble,17.15165552
R-1234yf,56,Dew,17.15165552
R-1234yf,57,Bubble,17.52568909
R-1234yf,57,Dew,17.52568909
R-1234yf,58,Bubble,17.90446405
R-1234yf,58,Dew,17.90446405
R-1234yf,59,Bubble,18.28797203
R-1234yf,59,Dew,18.28797203
R-1234yf,60,Bubble,18.67620407
R-1234yf,60,Dew,18.67620407
R-1234yf,61,Bubble,19.06915068
R-1234yf,61,Dew,19.06915068
R-1234yf,62,Bubble,19.46680191
R-1234yf,62,Dew,19.46680191
R-1234yf,63,Bubble,19.86914742
R-1234yf,63,Dew,19.86914742
R-1234yf,64,Bubble,20.27617655
R-1234yf,64,Dew,20.27617655
R-1234yf,65,Bubble,20.68787838
R-1234yf,65,Dew,20.68787838
R-1234yf,66,Bubble,21.1042418
R-1234yf,66,Dew,21.1042418
R-1234yf,67,Bubble,21.52525563
R-1234yf,67,Dew,21.52525563
R-1234yf,68,Bubble,21.95090865
R-1234yf,68,Dew,21.95090865
R-1234yf,69,Bubble,22.38118969
R-1234yf,69,Dew,22.38118969
R-1234yf,70,Bubble,22.81608773
R-1234yf,70,Dew,22.81608773
R-415B,-50,Bubble,0.3953799641
R-415B,-50,Dew,0.3565157293
R-415B,-49,Bubble,0.4160848755
R-415B,-49,Dew,0.3755327481
R-415B,-48,Bubble,0.4377580213
R-415B,-48,Dew,0.3953799641
R-415B,-47,Bubble,0.4617123528
R-415B,-47,Dew,0.4160848755
R-415B,-46,Bubble,0.4867570597
R-415B,-46,Dew,0.4377580213
R-415B,-45,Bubble,0.512930318
R-415B,-45,Dew,0.4617123528
R-415B,-44,Bubble,0.5402711181
R-415B,-44,Dew,0.4867570597
R-415B,-43,Bubble,0.5688192614
R-415B,-43,Dew,0.512930318
R-415B,-42,Bubble,0.5986153555
R-415B,-42,Dew,0.5402711181
R-415B,-41,Bubble,0.629700808
R-415B,-41,Dew,0.5688192614
R-415B,-40,Bubble,0.6621178201
R-415B,-40,Dew,0.5986153555
R-415B,-39,Bubble,0.6959093785
R-415B,-39,Dew,0.629700808
R-415B,-38,Bubble,0.7311192468
R-415B,-38,Dew,0.6621178201
R-415B,-37,Bubble,0.7677919553
R-415B,-37,Dew,0.6959093785
R-415B,-36,Bubble,0.8059727905
R-415B,-36,Dew,0.7311192468
R-415B,-35,Bubble,0.8457077826
R-415B,-35,Dew,0.7677919553
R-415B,-34,Bubble,0.8870436931
R-415B,-34,Dew,0.8059727905
R-415B,-33,Bubble,0.930028
R-415B,-33,Dew,0.8457077826
R-415B,-32,Bubble,0.9747088829
R-415B,-32,Dew,0.8870436931
R-415B,-31,Bubble,1.021135207
R-415B,-31,Dew,0.930028
R-415B,-30,Bubble,1.069356505
R-415B,-30,Dew,0.9747088829
R-415B,-29,Bubble,1.11942296
R-415B,-29,Dew,1.021135207
R-415B,-28,Bubble,1.171385383
R-415B,-28,Dew,1.069356505
R-415B,-27,Bubble,1.225295197
R-415B,-27,Dew,1.11942296
R-415B,-26,Bubble,1.281204411
R-415B,-26,Dew,1.171385383
R-415B,-25,Bubble,1.3391656
R-415B,-25,Dew,1.225295197
R-415B,-24,Bubble,1.399231879
R-415B,-24,Dew,1.281204411
R-415B,-23,Bubble,1.46145688
R-415B,-23,Dew,1.3391656
R-415B,-22,Bubble,1.525894725
R-415B,-22,Dew,1.399231879
R-415B,-21,Bubble,1.5926
R-415B,-21,Dew,1.46145688
R-415B,-20,Bubble,1.661627727
R-415B,-20,Dew,1.525894725
R-415B,-19,Bubble,1.733033334
R-415B,-19,Dew,1.5926
R-415B,-18,Bubble,1.806872627
R-415B,-18,Dew,1.661627727
R-415B,-17,Bubble,1.883201757
R-415B,-17,Dew,1.733033334
R-415B,-16,Bubble,1.96207719
R-415B,-16,Dew,1.806872627
R-415B,-15,Bubble,2.043555675
R-415B,-15,Dew,1.883201757
R-415B,-14,Bubble,2.127694209
R-415B,-14,Dew,1.96207719
R-415B,-13,Bubble,2.214550003
R-415B,-13,Dew,2.043555675
R-415B,-12,Bubble,2.304180449
R-415B,-12,Dew,2.127694209
R-415B,-11,Bubble,2.39664308
R-415B,-11,Dew,2.214550003
R-415B,-10,Bubble,2.491995539
R-415B,-10,Dew,2.304180449
R-415B,-9,Bubble,2.590295539
R-415B,-9,Dew,2.39664308
R-415B,-8,Bubble,2.691600822
R-415B,-8,Dew,2.491995539
R-415B,-7,Bubble,2.795969126
R-415B,-7,Dew,2.590295539
R-415B,-6,Bubble,2.903458146
R-415B,-6,Dew,2.691600822
R-415B,-5,Bubble,3.014125489
R-415B,-5,Dew,2.795969126
R-415B,-4,Bubble,3.128028638
R-415B,-4,Dew,2.903458146
R-415B,-3,Bubble,3.245224913
R-415B,-3,Dew,3.014125489
R-415B,-2,Bubble,3.365771427
R-415B,-2,Dew,3.128028638
R-415B,-1,Bubble,3.489725046
R-415B,-1,Dew,3.245224913
R-415B,0,Bubble,3.617142349
R-415B,0,Dew,3.365771427
R-415B,1,Bubble,3.748079586
R-415B,1,Dew,3.489725046
R-415B,2,Bubble,3.882592634
R-415B,2,Dew,3.617142349
R-415B,3,Bubble,4.020736959
R-415B,3,Dew,3.748079586
R-415B,4,Bubble,4.162567571
R-415B,4,Dew,3.882592634
R-415B,5,Bubble,4.308138986
R-415B,5,Dew,4.020736959
R-415B,6,Bubble,4.457505178
R-415B,6,Dew,4.162567571
R-415B,7,Bubble,4.610719546
R-415B,7,Dew,4.308138986
R-415B,8,Bubble,4.767834864
R-415B,8,Dew,4.457505178
R-415B,9,Bubble,4.928903247
R-415B,9,Dew,4.610719546
R-415B,10,Bubble,5.093976105
R-415B,10,Dew,4.767834864
R-415B,11,Bubble,5.263104108
R-415B,11,Dew,4.928903247
R-415B,12,Bubble,5.436337141
R-415B,12,Dew,5.093976105
R-415B,13,Bubble,5.613724266
R-415B,13,Dew,5.263104108
R-415B,14,Bubble,5.795313688
R-415B,14,Dew,5.436337141
R-415B,15,Bubble,5.981152708
R-415B,15,Dew,5.613724266
R-415B,16,Bubble,6.171287695
R-415B,16,Dew,5.795313688
R-415B,17,Bubble,6.365764043
R-415B,17,Dew,5.981152708
R-415B,18,Bubble,6.564626139
R-415B,18,Dew,6.171287695
R-415B,19,Bubble,6.767917325
R-415B,19,Dew,6.365764043
R-415B,20,Bubble,6.975679868
R-415B,20,Dew,6.564626139
R-415B,21,Bubble,7.187954924
R-415B,21,Dew,6.767917325
R-415B,22,Bubble,7.40478251
R-415B,22,Dew,6.975679868
R-415B,23,Bubble,7.626201469
R-415B,23,Dew,7.187954924
R-415B,24,Bubble,7.852249445
R-415B,24,Dew,7.40478251
R-415B,25,Bubble,8.082962854
R-415B,25,Dew,7.626201469
R-415B,26,Bubble,8.318376858
R-415B,26,Dew,7.852249445
R-415B,27,Bubble,8.558525338
R-415B,27,Dew,8.082962854
R-415B,28,Bubble,8.803440872
R-415B,28,Dew,8.318376858
R-415B,29,Bubble,9.053154717
R-415B,29,Dew,8.558525338
R-415B,30,Bubble,9.30769678
R-415B,30,Dew,8.803440872
R-415B,31,Bubble,9.56709561
R-415B,31,Dew,9.053154717
R-415B,32,Bubble,9.831378374
R-415B,32,Dew,9.30769678
R-415B,33,Bubble,10.10057084
R-415B,33,Dew,9.56709561
R-415B,34,Bubble,10.37469738
R-415B,34,Dew,9.831378374
R-415B,35,Bubble,10.65378094
R-415B,35,Dew,10.10057084
R-415B,36,Bubble,10.93784303
R-415B,36,Dew,10.37469738
R-415B,37,Bubble,11.22690375
R-415B,37,Dew,10.65378094
R-415B,38,Bubble,11.52098173
R-415B,38,Dew,10.93784303
R-415B,39,Bubble,11.82009417
R-415B,39,Dew,11.22690375
R-415B,40,Bubble,12.12425684
R-415B,40,Dew,11.52098173
R-415B,41,Bubble,12.43348405
R-415B,41,Dew,11.82009417
R-415B,42,Bubble,12.74778869
R-415B,42,Dew,12.12425684
R-415B,43,Bubble,13.06718219
R-415B,43,Dew,12.43348405
R-415B,44,Bubble,13.3916746
R-415B,44,Dew,12.74778869
R-415B,45,Bubble,13.72127451
R-415B,45,Dew,13.06718219
R-415B,46,Bubble,14.05598914
R-415B,46,Dew,13.3916746
R-415B,47,Bubble,14.39582433
R-415B,47,Dew,13.72127451
R-415B,48,Bubble,14.74078454
R-415B,48,Dew,14.05598914
R-415B,49,Bubble,15.09087288
R-415B,49,Dew,14.39582433
R-415B,50,Bubble,15.44609117
R-415B,50,Dew,14.74078454
R-415B,51,Bubble,15.8064399
R-415B,51,Dew,15.09087288
R-415B,52,Bubble,16.17191831
R-415B,52,Dew,15.44609117
R-415B,53,Bubble,16.54252439
R-415B,53,Dew,15.8064399
R-415B,54,Bubble,16.91825495
R-415B,54,Dew,16.17191831
R-415B,55,Bubble,17.2991056
R-415B,55,Dew,16.54252439
R-415B,56,Bubble,17.68507085
R-415B,56,Dew,16.91825495
R-415B,57,Bubble,18.07614411
R-415B,57,Dew,17.2991056
R-415B,58,Bubble,18.47231774
R-415B,58,Dew,17.68507085
R-415B,59,Bubble,18.8735831
R-415B,59,Dew,18.07614411
R-415B,60,Bubble,19.27993062
R-415B,60,Dew,18.47231774
R-415B,61,Bubble,19.6913498
R-415B,61,Dew,18.8735831
R-415B,62,Bubble,20.10782931
R-415B,62,Dew,19.27993062
R-415B,63,Bubble,20.52935705
R-415B,63,Dew,19.6913498
R-415B,64,Bubble,20.95592016
R-415B,64,Dew,20.10782931
R-415B,65,Bubble,21.38750512
R-415B,65,Dew,20.52935705
R-415B,66,Bubble,21.82409782
R-415B,66,Dew,20.95592016
R-415B,67,Bubble,22.26568358
R-415B,67,Dew,21.38750512
R-415B,68,Bubble,22.71224729
R-415B,68,Dew,21.82409782
R-415B,69,Bubble,23.1637734
R-415B,69,Dew,22.26568358
R-415B,70,Bubble,23.62024606
R-415B,70,Dew,22.71224729
R-424A,-50,Bubble,0.6069440853
R-424A,-50,Dew,0.5458267854
R-424A,-49,Bubble,0.6395780912
R-424A,-49,Dew,0.575709125
R-424A,-48,Bubble,0.673658484
R-424A,-48,Dew,0.6069440853
R-424A,-47,Bubble,0.7092335127
R-424A,-47,Dew,0.6395780912
R-424A,-46,Bubble,0.7463523221
R-424A,-46,Dew,0.673658484
R-424A,-45,Bubble,0.7850649414
R-424A,-45,Dew,0.7092335127
R-424A,-44,Bubble,0.82542227
R-424A,-44,Dew,0.7463523221
R-424A,-43,Bubble,0.8674760631
R-424A,-43,Dew,0.7850649414
R-424A,-42,Bubble,0.9112789153
R-424A,-42,Dew,0.82542227
R-424A,-41,Bubble,0.9568842431
R-424A,-41,Dew,0.8674760631
R-424A,-40,Bubble,1.004346266
R-424A,-40,Dew,0.9112789153
R-424A,-39,Bubble,1.053719987
R-424A,-39,Dew,0.9568842431
R-424A,-38,Bubble,1.105061168
R-424A,-38,Dew,1.004346266
R-424A,-37,Bubble,1.158426313
R-424A,-37,Dew,1.053719987
R-424A,-36,Bubble,1.213872637
R-424A,-36,Dew,1.105061168
R-424A,-35,Bubble,1.271458045
R-424A,-35,Dew,1.158426313
R-424A,-34,Bubble,1.331241103
R-424A,-34,Dew,1.213872637
R-424A,-33,Bubble,1.39328101
R-424A,-33,Dew,1.271458045
R-424A,-32,Bubble,1.45763757
R-424A,-32,Dew,1.331241103
R-424A,-31,Bubble,1.52437116
R-424A,-31,Dew,1.39328101
R-424A,-30,Bubble,1.593542696
R-424A,-30,Dew,1.45763757
R-424A,-29,Bubble,1.665213605
R-424A,-29,Dew,1.52437116
R-424A,-28,Bubble,1.739445783
R-424A,-28,Dew,1.593542696
R-424A,-27,Bubble,1.816301567
R-424A,-27,Dew,1.665213605
R-424A,-26,Bubble,1.895843693
R-424A,-26,Dew,1.739445783
R-424A,-25,Bubble,1.978135258
R-424A,-25,Dew,1.816301567
R-424A,-24,Bubble,2.063239685
R-424A,-24,Dew,1.895843693
R-424A,-23,Bubble,2.151220678
R-424A,-23,Dew,1.978135258
R-424A,-22,Bubble,2.242142185
R-424A,-22,Dew,2.063239685
R-424A,-21,Bubble,2.336068352
R-424A,-21,Dew,2.151220678
R-424A,-20,Bubble,2.433063482
R-424A,-20,Dew,2.242142185
R-424A,-19,Bubble,2.533191991
R-424A,-19,Dew,2.336068352
R-424A,-18,Bubble,2.636518362
R-424A,-18,Dew,2.433063482
R-424A,-17,Bubble,2.743107102
R-424A,-17,Dew,2.533191991
R-424A,-16,Bubble,2.853022692
R-424A,-16,Dew,2.636518362
R-424A,-15,Bubble,2.966329542
R-424A,-15,Dew,2.743107102
R-424A,-14,Bubble,3.083091945
R-424A,-14,Dew,2.853022692
R-424A,-13,Bubble,3.203374024
R-424A,-13,Dew,2.966329542
R-424A,-12,Bubble,3.32723969
R-424A,-12,Dew,3.083091945
R-424A,-11,Bubble,3.454752586
R-424A,-11,Dew,3.203374024
R-424A,-10,Bubble,3.585976042
R-424A,-10,Dew,3.32723969
R-424A,-9,Bubble,3.720973026
R-424A,-9,Dew,3.454752586
R-424A,-8,Bubble,3.859806088
R-424A,-8,Dew,3.585976042
R-424A,-7,Bubble,4.002537318
R-424A,-7,Dew,3.720973026
R-424A,-6,Bubble,4.14922829
R-424A,-6,Dew,3.859806088
R-424A,-5,Bubble,4.299940014
R-424A,-5,Dew,4.002537318
R-424A,-4,Bubble,4.454732885
R-424A,-4,Dew,4.14922829
R-424A,-3,Bubble,4.613666635
R-424A,-3,Dew,4.299940014
R-424A,-2,Bubble,4.776800282
R-424A,-2,Dew,4.454732885
R-424A,-1,Bubble,4.944192081
R-424A,-1,Dew,4.613666635
R-424A,0,Bubble,5.115899473
R-424A,0,Dew,4.776800282
R-424A,1,Bubble,5.291979041
R-424A,1,Dew,4.944192081
R-424A,2,Bubble,5.472486458
R-424A,2,Dew,5.115899473
R-424A,3,Bubble,5.657476442
R-424A,3,Dew,5.291979041
R-424A,4,Bubble,5.847002709
R-424A,4,Dew,5.472486458
R-424A,5,Bubble,6.041117928
R-424A,5,Dew,5.657476442
R-424A,6,Bubble,6.239873675
R-424A,6,Dew,5.847002709
R-424A,7,Bubble,6.443320391
R-424A,7,Dew,6.041117928
R-424A,8,Bubble,6.651507337
R-424A,8,Dew,6.239873675
R-424A,9,Bubble,6.864482556
R-424A,9,Dew,6.443320391
R-424A,10,Bubble,7.082292829
R-424A,10,Dew,6.651507337
R-424A,11,Bubble,7.304983641
R-424A,11,Dew,6.864482556
R-424A,12,Bubble,7.532599137
R-424A,12,Dew,7.082292829
R-424A,13,Bubble,7.765182094
R-424A,13,Dew,7.304983641
R-424A,14,Bubble,8.002773881
R-424A,14,Dew,7.532599137
R-424A,15,Bubble,8.245414427
R-424A,15,Dew,7.765182094
R-424A,16,Bubble,8.493142195
R-424A,16,Dew,8.002773881
R-424A,17,Bubble,8.745994146
R-424A,17,Dew,8.245414427
R-424A,18,Bubble,9.004005719
R-424A,18,Dew,8.493142195
R-424A,19,Bubble,9.267210801
R-424A,19,Dew,8.745994146
R-424A,20,Bubble,9.535641706
R-424A,20,Dew,9.004005719
R-424A,21,Bubble,9.809329154
R-424A,21,Dew,9.267210801
R-424A,22,Bubble,10.08830226
R-424A,22,Dew,9.535641706
R-424A,23,Bubble,10.37258849
R-424A,23,Dew,9.809329154
R-424A,24,Bubble,10.66221369
R-424A,24,Dew,10.08830226
R-424A,25,Bubble,10.95720205
R-424A,25,Dew,10.37258849
R-424A,26,Bubble,11.25757609
R-424A,26,Dew,10.66221369
R-424A,27,Bubble,11.56335666
R-424A,27,Dew,10.95720205
R-424A,28,Bubble,11.87456294
R-424A,28,Dew,11.25757609
R-424A,29,Bubble,12.19121246
R-424A,29,Dew,11.56335666
R-424A,30,Bubble,12.51332103
R-424A,30,Dew,11.87456294
R-424A,31,Bubble,12.84090285
R-424A,31,Dew,12.19121246
R-424A,32,Bubble,13.17397042
R-424A,32,Dew,12.51332103
R-424A,33,Bubble,13.51253461
R-424A,33,Dew,12.84090285
R-424A,34,Bubble,13.85660466
R-424A,34,Dew,13.17397042
R-424A,35,Bubble,14.20618817
R-424A,35,Dew,13.51253461
R-424A,36,Bubble,14.56129118
R-424A,36,Dew,13.85660466
R-424A,37,Bubble,14.9219181
R-424A,37,Dew,14.20618817
R-424A,38,Bubble,15.28807185
R-424A,38,Dew,14.56129118
R-424A,39,Bubble,15.65975378
R-424A,39,Dew,14.9219181
R-424A,40,Bubble,16.03696377
R-424A,40,Dew,15.28807185
R-424A,41,Bubble,16.41970025
R-424A,41,Dew,15.65975378
R-424A,42,Bubble,16.80796022
R-424A,42,Dew,16.03696377
R-424A,43,Bubble,17.20173933
R-424A,43,Dew,16.41970025
R-424A,44,Bubble,17.60103186
R-424A,44,Dew,16.80796022
R-424A,45,Bubble,18.00583084
R-424A,45,Dew,17.20173933
R-424A,46,Bubble,18.41612806
R-424A,46,Dew,17.60103186
R-424A,47,Bubble,18.83191413
R-424A,47,Dew,18.00583084
R-424A,48,Bubble,19.25317853
R-424A,48,Dew,18.41612806
R-424A,49,Bubble,19.67990971
R-424A,49,Dew,18.83191413
R-424A,50,Bubble,20.11209509
R-424A,50,Dew,19.25317853
R-424A,51,Bubble,20.54972118
R-424A,51,Dew,19.67990971
R-424A,52,Bubble,20.99277363
R-424A,52,Dew,20.11209509
R-424A,53,Bubble,21.4412373
R-424A,53,Dew,20.54972118
R-424A,54,Bubble,21.89509634
R-424A,54,Dew,20.99277363
R-424A,55,Bubble,22.35433427
R-424A,55,Dew,21.4412373
R-424A,56,Bubble,22.81893407
R-424A,56,Dew,21.89509634
R-424A,57,Bubble,23.28887824
R-424A,57,Dew,22.35433427
R-424A,58,Bubble,23.76414892
R-424A,58,Dew,22.81893407
R-424A,59,Bubble,24.24472795
R-424A,59,Dew,23.28887824
R-424A,60,Bubble,24.73059699
R-424A,60,Dew,23.76414892
R-424A,61,Bubble,25.2217376
R-424A,61,Dew,24.24472795
R-424A,62,Bubble,25.71813133
R-424A,62,Dew,24.73059699
R-424A,63,Bubble,26.21975986
R-424A,63,Dew,25.2217376
R-424A,64,Bubble,26.72660506
R-424A,64,Dew,25.71813133
R-424A,65,Bubble,27.2386491
R-424A,65,Dew,26.21975986
R-424A,66,Bubble,27.75587461
R-424A,66,Dew,26.72660506
R-424A,67,Bubble,28.27826472
R-424A,67,Dew,27.2386491
R-424A,68,Bubble,28.80580322
R-424A,68,Dew,27.75587461
R-424A,69,Bubble,29.33847464
R-424A,69,Dew,28.27826472
R-424A,70,Bubble,29.87626442
R-424A,70,Dew,28.80580322
R-513A,-50,Bubble,0.3824235761
R-513A,-50,Dew,0.3824235761
R-513A,-49,Bubble,0.4037938816
R-513A,-49,Dew,0.4037938816
R-513A,-48,Bubble,0.4261587929
R-513A,-48,Dew,0.4261587929
R-513A,-47,Bubble,0.4495539973
R-513A,-47,Dew,0.4495539973
R-513A,-46,Bubble,0.474015969
R-513A,-46,Dew,0.474015969
R-513A,-45,Bubble,0.4995819661
R-513A,-45,Dew,0.4995819661
R-513A,-44,Bubble,0.5262900264
R-513A,-44,Dew,0.5262900264
R-513A,-43,Bubble,0.5541789622
R-513A,-43,Dew,0.5541789622
R-513A,-42,Bubble,0.5832883549
R-513A,-42,Dew,0.5832883549
R-513A,-41,Bubble,0.6136585474
R-513A,-41,Dew,0.6136585474
R-513A,-40,Bubble,0.6453306363
R-513A,-40,Dew,0.6453306363
R-513A,-39,Bubble,0.6783464628
R-513A,-39,Dew,0.6783464628
R-513A,-38,Bubble,0.7127486029
R-513A,-38,Dew,0.7127486029
R-513A,-37,Bubble,0.7485803559
R-513A,-37,Dew,0.7485803559
R-513A,-36,Bubble,0.7858857327
R-513A,-36,Dew,0.7858857327
R-513A,-35,Bubble,0.8247094422
R-513A,-35,Dew,0.8247094422
R-513A,-34,Bubble,0.8650968773
R-513A,-34,Dew,0.8650968773
R-513A,-33,Bubble,0.9070940994
R-513A,-33,Dew,0.9070940994
R-513A,-32,Bubble,0.9507478221
R-513A,-32,Dew,0.9507478221
R-513A,-31,Bubble,0.9961053938
R-513A,-31,Dew,0.9961053938
R-513A,-30,Bubble,1.043214779
R-513A,-30,Dew,1.043214779
R-513A,-29,Bubble,1.092124539
R-513A,-29,Dew,1.092124539
R-513A,-28,Bubble,1.14288381
R-513A,-28,Dew,1.14288381
R-513A,-27,Bubble,1.195542285
R-513A,-27,Dew,1.195542285
R-513A,-26,Bubble,1.250150185
R-513A,-26,Dew,1.250150185
R-513A,-25,Bubble,1.306758241
R-513A,-25,Dew,1.306758241
R-513A,-24,Bubble,1.365417667
R-513A,-24,Dew,1.365417667
R-513A,-23,Bubble,1.426180133
R-513A,-23,Dew,1.426180133
R-513A,-22,Bubble,1.489097741
R-513A,-22,Dew,1.489097741
R-513A,-21,Bubble,1.554222994
R-513A,-21,Dew,1.554222994
R-513A,-20,Bubble,1.621608769
R-513A,-20,Dew,1.621608769
R-513A,-19,Bubble,1.691308288
R-513A,-19,Dew,1.691308288
R-513A,-18,Bubble,1.763375087
R-513A,-18,Dew,1.763375087
R-513A,-17,Bubble,1.837862985
R-513A,-17,Dew,1.837862985
R-513A,-16,Bubble,1.914826049
R-513A,-16,Dew,1.914826049
R-513A,-15,Bubble,1.994318564
R-513A,-15,Dew,1.994318564
R-513A,-14,Bubble,2.076395001
R-513A,-14,Dew,2.076395001
R-513A,-13,Bubble,2.161109977
R-513A,-13,Dew,2.161109977
R-513A,-12,Bubble,2.248518222
R-513A,-12,Dew,2.248518222
R-513A,-11,Bubble,2.338674547
R-513A,-11,Dew,2.338674547
R-513A,-10,Bubble,2.4316338
R-513A,-10,Dew,2.4316338
R-513A,-9,Bubble,2.527450837
R-513A,-9,Dew,2.527450837
R-513A,-8,Bubble,2.626180476
R-513A,-8,Dew,2.626180476
R-513A,-7,Bubble,2.727877468
R-513A,-7,Dew,2.727877468
R-513A,-6,Bubble,2.832596448
R-513A,-6,Dew,2.832596448
R-513A,-5,Bubble,2.940391907
R-513A,-5,Dew,2.940391907
R-513A,-4,Bubble,3.051318142
R-513A,-4,Dew,3.051318142
R-513A,-3,Bubble,3.165429225
R-513A,-3,Dew,3.165429225
R-513A,-2,Bubble,3.282778958
R-513A,-2,Dew,3.282778958
R-513A,-1,Bubble,3.403420835
R-513A,-1,Dew,3.403420835
R-513A,0,Bubble,3.527408001
R-513A,0,Dew,3.527408001
R-513A,1,Bubble,3.654793211
R-513A,1,Dew,3.654793211
R-513A,2,Bubble,3.785628792
R-513A,2,Dew,3.785628792
R-513A,3,Bubble,3.9199666
R-513A,3,Dew,3.9199666
R-513A,4,Bubble,4.057857982
R-513A,4,Dew,4.057857982
R-513A,5,Bubble,4.199353735
R-513A,5,Dew,4.199353735
R-513A,6,Bubble,4.344504068
R-513A,6,Dew,4.344504068
R-513A,7,Bubble,4.493358557
R-513A,7,Dew,4.493358557
R-513A,8,Bubble,4.645966114
R-513A,8,Dew,4.645966114
R-513A,9,Bubble,4.802374941
R-513A,9,Dew,4.802374941
R-513A,10,Bubble,4.962632499
R-513A,10,Dew,4.962632499
R-513A,11,Bubble,5.126785463
R-513A,11,Dew,5.126785463
R-513A,12,Bubble,5.29487969
R-513A,12,Dew,5.29487969
R-513A,13,Bubble,5.46696018
R-513A,13,Dew,5.46696018
R-513A,14,Bubble,5.643071045
R-513A,14,Dew,5.643071045
R-513A,15,Bubble,5.823255467
R-513A,15,Dew,5.823255467
R-513A,16,Bubble,6.007555671
R-513A,16,Dew,6.007555671
R-513A,17,Bubble,6.196012888
R-513A,17,Dew,6.196012888
R-513A,18,Bubble,6.388667327
R-513A,18,Dew,6.388667327
R-513A,19,Bubble,6.585558139
R-513A,19,Dew,6.585558139
R-513A,20,Bubble,6.786723394
R-513A,20,Dew,6.786723394
R-513A,21,Bubble,6.992200046
R-513A,21,Dew,6.992200046
R-513A,22,Bubble,7.202023912
R-513A,22,Dew,7.202023912
R-513A,23,Bubble,7.416229643
R-513A,23,Dew,7.416229643
R-513A,24,Bubble,7.6348507
R-513A,24,Dew,7.6348507
R-513A,25,Bubble,7.857919333
R-513A,25,Dew,7.857919333
R-513A,26,Bubble,8.08546656
R-513A,26,Dew,8.08546656
R-513A,27,Bubble,8.317522143
R-513A,27,Dew,8.317522143
R-513A,28,Bubble,8.554114579
R-513A,28,Dew,8.554114579
R-513A,29,Bubble,8.795271073
R-513A,29,Dew,8.795271073
R-513A,30,Bubble,9.041017534
R-513A,30,Dew,9.041017534
R-513A,31,Bubble,9.291378557
R-513A,31,Dew,9.291378557
R-513A,32,Bubble,9.546377413
R-513A,32,Dew,9.546377413
R-513A,33,Bubble,9.806036041
R-513A,33,Dew,9.806036041
R-513A,34,Bubble,10.07037504
R-513A,34,Dew,10.07037504
R-513A,35,Bubble,10.33941368
R-513A,35,Dew,10.33941368
R-513A,36,Bubble,10.61316986
R-513A,36,Dew,10.61316986
R-513A,37,Bubble,10.89166016
R-513A,37,Dew,10.89166016
R-513A,38,Bubble,11.1748998
R-513A,38,Dew,11.1748998
R-513A,39,Bubble,11.46290267
R-513A,39,Dew,11.46290267
R-513A,40,Bubble,11.75568132
R-513A,40,Dew,11.75568132
R-513A,41,Bubble,12.053247
R-513A,41,Dew,12.053247
R-513A,42,Bubble,12.35560961
R-513A,42,Dew,12.35560961
R-513A,43,Bubble,12.66277779
R-513A,43,Dew,12.66277779
R-513A,44,Bubble,12.97475888
R-513A,44,Dew,12.97475888
R-513A,45,Bubble,13.29155895
R-513A,45,Dew,13.29155895
R-513A,46,Bubble,13.61318284
R-513A,46,Dew,13.61318284
R-513A,47,Bubble,13.93963417
R-513A,47,Dew,13.93963417
R-513A,48,Bubble,14.27091538
R-513A,48,Dew,14.27091538
R-513A,49,Bubble,14.60702771
R-513A,49,Dew,14.60702771
R-513A,50,Bubble,14.9479713
R-513A,50,Dew,14.9479713
R-513A,51,Bubble,15.29374518
R-513A,51,Dew,15.29374518
R-513A,52,Bubble,15.64434733
R-513A,52,Dew,15.64434733
R-513A,53,Bubble,15.99977468
R-513A,53,Dew,15.99977468
R-513A,54,Bubble,16.3600232
R-513A,54,Dew,16.3600232
R-513A,55,Bubble,16.72508792
R-513A,55,Dew,16.72508792
R-513A,56,Bubble,17.09496296
R-513A,56,Dew,17.09496296
R-513A,57,Bubble,17.46964163
R-513A,57,Dew,17.46964163
R-513A,58,Bubble,17.84911641
R-513A,58,Dew,17.84911641
R-513A,59,Bubble,18.23337908
R-513A,59,Dew,18.23337908
R-513A,60,Bubble,18.62242071
R-513A,60,Dew,18.62242071
R-513A,61,Bubble,19.01623178
R-513A,61,Dew,19.01623178
R-513A,62,Bubble,19.41480217
R-513A,62,Dew,19.41480217
R-513A,63,Bubble,19.8181213
R-513A,63,Dew,19.8181213
R-513A,64,Bubble,20.22617815
R-513A,64,Dew,20.22617815
R-513A,65,Bubble,20.63896134
R-513A,65,Dew,20.63896134
R-513A,66,Bubble,21.05645919
R-513A,66,Dew,21.05645919
R-513A,67,Bubble,21.47865982
R-513A,67,Dew,21.47865982
R-513A,68,Bubble,21.90555121
R-513A,68,Dew,21.90555121
R-513A,69,Bubble,22.33712126
R-513A,69,Dew,22.33712126
R-513A,70,Bubble,22.77335791
R-513A,70,Dew,22.77335791
R-22,-50,Bubble,0.6605788188
R-22,-50,Dew,0.6605788188
R-22,-49,Bubble,0.6957966257
R-22,-49,Dew,0.6957966257
R-22,-48,Bubble,0.7325645142
R-22,-48,Dew,0.7325645142
R-22,-47,Bubble,0.7709340782
R-22,-47,Dew,0.7709340782
R-22,-46,Bubble,0.8109578894
R-22,-46,Dew,0.8109578894
R-22,-45,Bubble,0.852689486
R-22,-45,Dew,0.852689486
R-22,-44,Bubble,0.8961833606
R-22,-44,Dew,0.8961833606
R-22,-43,Bubble,0.9414949461
R-22,-43,Dew,0.9414949461
R-22,-42,Bubble,0.9886806008
R-22,-42,Dew,0.9886806008
R-22,-41,Bubble,1.037797592
R-22,-41,Dew,1.037797592
R-22,-40,Bubble,1.088904076
R-22,-40,Dew,1.088904076
R-22,-39,Bubble,1.142059084
R-22,-39,Dew,1.142059084
R-22,-38,Bubble,1.197322494
R-22,-38,Dew,1.197322494
R-22,-37,Bubble,1.254755016
R-22,-37,Dew,1.254755016
R-22,-36,Bubble,1.314418163
R-22,-36,Dew,1.314418163
R-22,-35,Bubble,1.376374228
R-22,-35,Dew,1.376374228
R-22,-34,Bubble,1.440686261
R-22,-34,Dew,1.440686261
R-22,-33,Bubble,1.507418033
R-22,-33,Dew,1.507418033
R-22,-32,Bubble,1.576634016
R-22,-32,Dew,1.576634016
R-22,-31,Bubble,1.648399347
R-22,-31,Dew,1.648399347
R-22,-30,Bubble,1.722779799
R-22,-30,Dew,1.722779799
R-22,-29,Bubble,1.799841744
R-22,-29,Dew,1.799841744
R-22,-28,Bubble,1.879652124
R-22,-28,Dew,1.879652124
R-22,-27,Bubble,1.962278411
R-22,-27,Dew,1.962278411
R-22,-26,Bubble,2.04778857
R-22,-26,Dew,2.04778857
R-22,-25,Bubble,2.136251026
R-22,-25,Dew,2.136251026
R-22,-24,Bubble,2.227734616
R-22,-24,Dew,2.227734616
R-22,-23,Bubble,2.322308555
R-22,-23,Dew,2.322308555
R-22,-22,Bubble,2.420042393
R-22,-22,Dew,2.420042393
R-22,-21,Bubble,2.521005968
R-22,-21,Dew,2.521005968
R-22,-20,Bubble,2.625269369
R-22,-20,Dew,2.625269369
R-22,-19,Bubble,2.732902884
R-22,-19,Dew,2.732902884
R-22,-18,Bubble,2.843976958
R-22,-18,Dew,2.843976958
R-22,-17,Bubble,2.958562145
R-22,-17,Dew,2.958562145
R-22,-16,Bubble,3.07672906
R-22,-16,Dew,3.07672906
R-22,-15,Bubble,3.198548331
R-22,-15,Dew,3.198548331
R-22,-14,Bubble,3.324090548
R-22,-14,Dew,3.324090548
R-22,-13,Bubble,3.453426216
R-22,-13,Dew,3.453426216
R-22,-12,Bubble,3.586625699
R-22,-12,Dew,3.586625699
R-22,-11,Bubble,3.723759174
R-22,-11,Dew,3.723759174
R-22,-10,Bubble,3.864896575
R-22,-10,Dew,3.864896575
R-22,-9,Bubble,4.010107542
R-22,-9,Dew,4.010107542
R-22,-8,Bubble,4.15946137
R-22,-8,Dew,4.15946137
R-22,-7,Bubble,4.313026952
R-22,-7,Dew,4.313026952
R-22,-6,Bubble,4.470872727
R-22,-6,Dew,4.470872727
R-22,-5,Bubble,4.63306663
R-22,-5,Dew,4.63306663
R-22,-4,Bubble,4.799676031
R-22,-4,Dew,4.799676031
R-22,-3,Bubble,4.970767686
R-22,-3,Dew,4.970767686
R-22,-2,Bubble,5.146407685
R-22,-2,Dew,5.146407685
R-22,-1,Bubble,5.326661393
R-22,-1,Dew,5.326661393
R-22,0,Bubble,5.511593398
R-22,0,Dew,5.511593398
R-22,1,Bubble,5.70126746
R-22,1,Dew,5.70126746
R-22,2,Bubble,5.895746459
R-22,2,Dew,5.895746459
R-22,3,Bubble,6.095092336
R-22,3,Dew,6.095092336
R-22,4,Bubble,6.299366049
R-22,4,Dew,6.299366049
R-22,5,Bubble,6.508627516
R-22,5,Dew,6.508627516
R-22,6,Bubble,6.722935567
R-22,6,Dew,6.722935567
R-22,7,Bubble,6.942347892
R-22,7,Dew,6.942347892
R-22,8,Bubble,7.166920997
R-22,8,Dew,7.166920997
R-22,9,Bubble,7.396710149
R-22,9,Dew,7.396710149
R-22,10,Bubble,7.631769334
R-22,10,Dew,7.631769334
R-22,11,Bubble,7.872151209
R-22,11,Dew,7.872151209
R-22,12,Bubble,8.117907058
R-22,12,Dew,8.117907058
R-22,13,Bubble,8.369086748
R-22,13,Dew,8.369086748
R-22,14,Bubble,8.625738687
R-22,14,Dew,8.625738687
R-22,15,Bubble,8.887909784
R-22,15,Dew,8.887909784
R-22,16,Bubble,9.155645412
R-22,16,Dew,9.155645412
R-22,17,Bubble,9.428989365
R-22,17,Dew,9.428989365
R-22,18,Bubble,9.707983827
R-22,18,Dew,9.707983827
R-22,19,Bubble,9.992669339
R-22,19,Dew,9.992669339
R-22,20,Bubble,10.28308476
R-22,20,Dew,10.28308476
R-22,21,Bubble,10.57926725
R-22,21,Dew,10.57926725
R-22,22,Bubble,10.88125223
R-22,22,Dew,10.88125223
R-22,23,Bubble,11.18907336
R-22,23,Dew,11.18907336
R-22,24,Bubble,11.50276251
R-22,24,Dew,11.50276251
R-22,25,Bubble,11.82234976
R-22,25,Dew,11.82234976
R-22,26,Bubble,12.14786335
R-22,26,Dew,12.14786335
R-22,27,Bubble,12.47932968
R-22,27,Dew,12.47932968
R-22,28,Bubble,12.81677331
R-22,28,Dew,12.81677331
R-22,29,Bubble,13.16021692
R-22,29,Dew,13.16021692
R-22,30,Bubble,13.50968132
R-22,30,Dew,13.50968132
R-22,31,Bubble,13.86518543
R-22,31,Dew,13.86518543
R-22,32,Bubble,14.2267463
R-22,32,Dew,14.2267463
R-22,33,Bubble,14.59437908
R-22,33,Dew,14.59437908
R-22,34,Bubble,14.96809704
R-22,34,Dew,14.96809704
R-22,35,Bubble,15.34791158
R-22,35,Dew,15.34791158
R-22,36,Bubble,15.73383222
R-22,36,Dew,15.73383222
R-22,37,Bubble,16.12586663
R-22,37,Dew,16.12586663
R-22,38,Bubble,16.52402063
R-22,38,Dew,16.52402063
R-22,39,Bubble,16.9282982
R-22,39,Dew,16.9282982
R-22,40,Bubble,17.33870153
R-22,40,Dew,17.33870153
R-22,41,Bubble,17.75523101
R-22,41,Dew,17.75523101
R-22,42,Bubble,18.1778853
R-22,42,Dew,18.1778853
R-22,43,Bubble,18.6066613
R-22,43,Dew,18.6066613
R-22,44,Bubble,19.04155424
R-22,44,Dew,19.04155424
R-22,45,Bubble,19.48255766
R-22,45,Dew,19.48255766
R-22,46,Bubble,19.92966352
R-22,46,Dew,19.92966352
R-22,47,Bubble,20.38286218
R-22,47,Dew,20.38286218
R-22,48,Bubble,20.84214247
R-22,48,Dew,20.84214247
R-22,49,Bubble,21.30749175
R-22,49,Dew,21.30749175
R-22,50,Bubble,21.77889594
R-22,50,Dew,21.77889594
R-22,51,Bubble,22.2563396
R-22,51,Dew,22.2563396
R-22,52,Bubble,22.73980597
R-22,52,Dew,22.73980597
R-22,53,Bubble,23.22927703
R-22,53,Dew,23.22927703
R-22,54,Bubble,23.72473358
R-22,54,Dew,23.72473358
R-22,55,Bubble,24.22615533
R-22,55,Dew,24.22615533
R-22,56,Bubble,24.7335209
R-22,56,Dew,24.7335209
R-22,57,Bubble,25.24680798
R-22,57,Dew,25.24680798
R-22,58,Bubble,25.76599335
R-22,58,Dew,25.76599335
R-22,59,Bubble,26.29105297
R-22,59,Dew,26.29105297
R-22,60,Bubble,26.8219621
R-22,60,Dew,26.8219621
R-22,61,Bubble,27.35869535
R-22,61,Dew,27.35869535
R-22,62,Bubble,27.90122677
R-22,62,Dew,27.90122677
R-22,63,Bubble,28.44952998
R-22,63,Dew,28.44952998
R-22,64,Bubble,29.00357823
R-22,64,Dew,29.00357823
R-22,65,Bubble,29.56334449
R-22,65,Dew,29.56334449
R-22,66,Bubble,30.12880162
R-22,66,Dew,30.12880162
R-22,67,Bubble,30.69992237
R-22,67,Dew,30.69992237
R-22,68,Bubble,31.27667957
R-22,68,Dew,31.27667957
R-22,69,Bubble,31.85904623
R-22,69,Dew,31.85904623
R-22,70,Bubble,32.44699559
R-22,70,Dew,32.44699559
R-410A,-50,Bubble,1.141597984
R-410A,-50,Dew,1.032478245
R-410A,-49,Bubble,1.199587256
R-410A,-49,Dew,1.085917552
R-410A,-48,Bubble,1.259953981
R-410A,-48,Dew,1.141597984
R-410A,-47,Bubble,1.322767641
R-410A,-47,Dew,1.199587256
R-410A,-46,Bubble,1.388098547
R-410A,-46,Dew,1.259953981
R-410A,-45,Bubble,1.456017802
R-410A,-45,Dew,1.322767641
R-410A,-44,Bubble,1.526597266
R-410A,-44,Dew,1.388098547
R-410A,-43,Bubble,1.599909509
R-410A,-43,Dew,1.456017802
R-410A,-42,Bubble,1.676027771
R-410A,-42,Dew,1.526597266
R-410A,-41,Bubble,1.755025918
R-410A,-41,Dew,1.599909509
R-410A,-40,Bubble,1.836978393
R-410A,-40,Dew,1.676027771
R-410A,-39,Bubble,1.921960171
R-410A,-39,Dew,1.755025918
R-410A,-38,Bubble,2.010046707
R-410A,-38,Dew,1.836978393
R-410A,-37,Bubble,2.101313887
R-410A,-37,Dew,1.921960171
R-410A,-36,Bubble,2.195837973
R-410A,-36,Dew,2.010046707
R-410A,-35,Bubble,2.293695551
R-410A,-35,Dew,2.101313887
R-410A,-34,Bubble,2.394963473
R-410A,-34,Dew,2.195837973
R-410A,-33,Bubble,2.499718803
R-410A,-33,Dew,2.293695551
R-410A,-32,Bubble,2.608038757
R-410A,-32,Dew,2.394963473
R-410A,-31,Bubble,2.720000646
R-410A,-31,Dew,2.499718803
R-410A,-30,Bubble,2.835681811
R-410A,-30,Dew,2.608038757
R-410A,-29,Bubble,2.955159566
R-410A,-29,Dew,2.720000646
R-410A,-28,Bubble,3.078511136
R-410A,-28,Dew,2.835681811
R-410A,-27,Bubble,3.205813588
R-410A,-27,Dew,2.955159566
R-410A,-26,Bubble,3.337143773
R-410A,-26,Dew,3.078511136
R-410A,-25,Bubble,3.472578261
R-410A,-25,Dew,3.205813588
R-410A,-24,Bubble,3.61219327
R-410A,-24,Dew,3.337143773
R-410A,-23,Bubble,3.756064607
R-410A,-23,Dew,3.472578261
R-410A,-22,Bubble,3.904267598
R-410A,-22,Dew,3.61219327
R-410A,-21,Bubble,4.056877023
R-410A,-21,Dew,3.756064607
R-410A,-20,Bubble,4.213967048
R-410A,-20,Dew,3.904267598
R-410A,-19,Bubble,4.375611159
R-410A,-19,Dew,4.056877023
R-410A,-18,Bubble,4.541882098
R-410A,-18,Dew,4.213967048
R-410A,-17,Bubble,4.712851791
R-410A,-17,Dew,4.375611159
R-410A,-16,Bubble,4.888591287
R-410A,-16,Dew,4.541882098
R-410A,-15,Bubble,5.069170689
R-410A,-15,Dew,4.712851791
R-410A,-14,Bubble,5.254659091
R-410A,-14,Dew,4.888591287
R-410A,-13,Bubble,5.44512451
R-410A,-13,Dew,5.069170689
R-410A,-12,Bubble,5.640633827
R-410A,-12,Dew,5.254659091
R-410A,-11,Bubble,5.841252719
R-410A,-11,Dew,5.44512451
R-410A,-10,Bubble,6.0470456
R-410A,-10,Dew,5.640633827
R-410A,-9,Bubble,6.258075559
R-410A,-9,Dew,5.841252719
R-410A,-8,Bubble,6.474404301
R-410A,-8,Dew,6.0470456
R-410A,-7,Bubble,6.696092088
R-410A,-7,Dew,6.258075559
R-410A,-6,Bubble,6.923197682
R-410A,-6,Dew,6.474404301
R-410A,-5,Bubble,7.155778293
R-410A,-5,Dew,6.696092088
R-410A,-4,Bubble,7.393889521
R-410A,-4,Dew,6.923197682
R-410A,-3,Bubble,7.637585306
R-410A,-3,Dew,7.155778293
R-410A,-2,Bubble,7.886917881
R-410A,-2,Dew,7.393889521
R-410A,-1,Bubble,8.141937722
R-410A,-1,Dew,7.637585306
R-410A,0,Bubble,8.402693504
R-410A,0,Dew,7.886917881
R-410A,1,Bubble,8.669232059
R-410A,1,Dew,8.141937722
R-410A,2,Bubble,8.941598332
R-410A,2,Dew,8.402693504
R-410A,3,Bubble,9.21983535
R-410A,3,Dew,8.669232059
R-410A,4,Bubble,9.503984181
R-410A,4,Dew,8.941598332
R-410A,5,Bubble,9.794083906
R-410A,5,Dew,9.21983535
R-410A,6,Bubble,10.09017159
R-410A,6,Dew,9.503984181
R-410A,7,Bubble,10.39228224
R-410A,7,Dew,9.794083906
R-410A,8,Bubble,10.70044883
R-410A,8,Dew,10.09017159
R-410A,9,Bubble,11.01470221
R-410A,9,Dew,10.39228224
R-410A,10,Bubble,11.33507115
R-410A,10,Dew,10.70044883
R-410A,11,Bubble,11.6615823
R-410A,11,Dew,11.01470221
R-410A,12,Bubble,11.99426019
R-410A,12,Dew,11.33507115
R-410A,13,Bubble,12.33312721
R-410A,13,Dew,11.6615823
R-410A,14,Bubble,12.67820363
R-410A,14,Dew,11.99426019
R-410A,15,Bubble,13.02950759
R-410A,15,Dew,12.33312721
R-410A,16,Bubble,13.38705511
R-410A,16,Dew,12.67820363
R-410A,17,Bubble,13.75086008
R-410A,17,Dew,13.02950759
R-410A,18,Bubble,14.12093431
R-410A,18,Dew,13.38705511
R-410A,19,Bubble,14.49728752
R-410A,19,Dew,13.75086008
R-410A,20,Bubble,14.87992738
R-410A,20,Dew,14.12093431
R-410A,21,Bubble,15.26885951
R-410A,21,Dew,14.49728752
R-410A,22,Bubble,15.66408756
R-410A,22,Dew,14.87992738
R-410A,23,Bubble,16.06561318
R-410A,23,Dew,15.26885951
R-410A,24,Bubble,16.47343612
R-410A,24,Dew,15.66408756
R-410A,25,Bubble,16.88755424
R-410A,25,Dew,16.06561318
R-410A,26,Bubble,17.30796355
R-410A,26,Dew,16.47343612
R-410A,27,Bubble,17.73465829
R-410A,27,Dew,16.88755424
R-410A,28,Bubble,18.16763099
R-410A,28,Dew,17.30796355
R-410A,29,Bubble,18.60687249
R-410A,29,Dew,17.73465829
R-410A,30,Bubble,19.05237206
R-410A,30,Dew,18.16763099
R-410A,31,Bubble,19.50411741
R-410A,31,Dew,18.60687249
R-410A,32,Bubble,19.96209483
R-410A,32,Dew,19.05237206
R-410A,33,Bubble,20.42628921
R-410A,33,Dew,19.50411741
R-410A,34,Bubble,20.89668418
R-410A,34,Dew,19.96209483
R-410A,35,Bubble,21.37326214
R-410A,35,Dew,20.42628921
R-410A,36,Bubble,21.85600441
R-410A,36,Dew,20.89668418
R-410A,37,Bubble,22.34489126
R-410A,37,Dew,21.37326214
R-410A,38,Bubble,22.83990208
R-410A,38,Dew,21.85600441
R-410A,39,Bubble,23.34101544
R-410A,39,Dew,22.34489126
R-410A,40,Bubble,23.84820921
R-410A,40,Dew,22.83990208
R-410A,41,Bubble,24.36146068
R-410A,41,Dew,23.34101544
R-410A,42,Bubble,24.88074667
R-410A,42,Dew,23.84820921
R-410A,43,Bubble,25.40604366
R-410A,43,Dew,24.36146068
R-410A,44,Bubble,25.93732789
R-410A,44,Dew,24.88074667
R-410A,45,Bubble,26.47457552
R-410A,45,Dew,25.40604366
R-410A,46,Bubble,27.01776273
R-410A,46,Dew,25.93732789
R-410A,47,Bubble,27.5668659
R-410A,47,Dew,26.47457552
R-410A,48,Bubble,28.1218617
R-410A,48,Dew,27.01776273
R-410A,49,Bubble,28.68272726
R-410A,49,Dew,27.5668659
R-410A,50,Bubble,29.24944031
R-410A,50,Dew,28.1218617
R-410A,51,Bubble,29.82197931
R-410A,51,Dew,28.68272726
R-410A,52,Bubble,30.40032363
R-410A,52,Dew,29.24944031
R-410A,53,Bubble,30.9844537
R-410A,53,Dew,29.82197931
R-410A,54,Bubble,31.57435113
R-410A,54,Dew,30.40032363
R-410A,55,Bubble,32.16999892
R-410A,55,Dew,30.9844537
R-410A,56,Bubble,32.77138157
R-410A,56,Dew,31.57435113
R-410A,57,Bubble,33.37848528
R-410A,57,Dew,32.16999892
R-410A,58,Bubble,33.99129811
R-410A,58,Dew,32.77138157
R-410A,59,Bubble,34.60981012
R-410A,59,Dew,33.37848528
R-410A,60,Bubble,35.23401356
R-410A,60,Dew,33.99129811
R-410A,61,Bubble,35.86390304
R-410A,61,Dew,34.60981012
R-410A,62,Bubble,36.49947567
R-410A,62,Dew,35.23401356
R-410A,63,Bubble,37.1407313
R-410A,63,Dew,35.86390304
R-410A,64,Bubble,37.78767259
R-410A,64,Dew,36.49947567
R-410A,65,Bubble,38.44030528
R-410A,65,Dew,37.1407313
R-410A,66,Bubble,39.09863829
R-410A,66,Dew,37.78767259
R-410A,67,Bubble,39.76268395
R-410A,67,Dew,38.44030528
R-410A,68,Bubble,40.43245812
R-410A,68,Dew,39.09863829
R-410A,69,Bubble,41.1079804
R-410A,69,Dew,39.76268395
R-410A,70,Bubble,41.78927429
R-410A,70,Dew,40.43245812
R-404A,-50,Bubble,0.9052880562
R-404A,-50,Dew,0.8170353358
R-404A,-49,Bubble,0.9522625057
R-404A,-49,Dew,0.8602318084
R-404A,-48,Bubble,1.001214456
R-404A,-48,Dew,0.9052880562
R-404A,-47,Bubble,1.052204053
R-404A,-47,Dew,0.9522625057
R-404A,-46,Bubble,1.105292264
R-404A,-46,Dew,1.001214456
R-404A,-45,Bubble,1.160540845
R-404A,-45,Dew,1.052204053
R-404A,-44,Bubble,1.218012311
R-404A,-44,Dew,1.105292264
R-404A,-43,Bubble,1.277769905
R-404A,-43,Dew,1.160540845
R-404A,-42,Bubble,1.339877563
R-404A,-42,Dew,1.218012311
R-404A,-41,Bubble,1.404399878
R-404A,-41,Dew,1.277769905
R-404A,-40,Bubble,1.471402063
R-404A,-40,Dew,1.339877563
R-404A,-39,Bubble,1.540949913
R-404A,-39,Dew,1.404399878
R-404A,-38,Bubble,1.613109762
R-404A,-38,Dew,1.471402063
R-404A,-37,Bubble,1.687948446
R-404A,-37,Dew,1.540949913
R-404A,-36,Bubble,1.765533255
R-404A,-36,Dew,1.613109762
R-404A,-35,Bubble,1.845931891
R-404A,-35,Dew,1.687948446
R-404A,-34,Bubble,1.929212422
R-404A,-34,Dew,1.765533255
R-404A,-33,Bubble,2.015443235
R-404A,-33,Dew,1.845931891
R-404A,-32,Bubble,2.104692986
R-404A,-32,Dew,1.929212422
R-404A,-31,Bubble,2.197030553
R-404A,-31,Dew,2.015443235
R-404A,-30,Bubble,2.29252498
R-404A,-30,Dew,2.104692986
R-404A,-29,Bubble,2.391245434
R-404A,-29,Dew,2.197030553
R-404A,-28,Bubble,2.493261144
R-404A,-28,Dew,2.29252498
R-404A,-27,Bubble,2.59864135
R-404A,-27,Dew,2.391245434
R-404A,-26,Bubble,2.707455251
R-404A,-26,Dew,2.493261144
R-404A,-25,Bubble,2.819771945
R-404A,-25,Dew,2.59864135
R-404A,-24,Bubble,2.935660377
R-404A,-24,Dew,2.707455251
R-404A,-23,Bubble,3.05518928
R-404A,-23,Dew,2.819771945
R-404A,-22,Bubble,3.178427118
R-404A,-22,Dew,2.935660377
R-404A,-21,Bubble,3.30544203
R-404A,-21,Dew,3.05518928
R-404A,-20,Bubble,3.436301769
R-404A,-20,Dew,3.178427118
R-404A,-19,Bubble,3.571073646
R-404A,-19,Dew,3.30544203
R-404A,-18,Bubble,3.709824472
R-404A,-18,Dew,3.436301769
R-404A,-17,Bubble,3.852620496
R-404A,-17,Dew,3.571073646
R-404A,-16,Bubble,3.99952735
R-404A,-16,Dew,3.709824472
R-404A,-15,Bubble,4.150609991
R-404A,-15,Dew,3.852620496
R-404A,-14,Bubble,4.305932638
R-404A,-14,Dew,3.99952735
R-404A,-13,Bubble,4.465558718
R-404A,-13,Dew,4.150609991
R-404A,-12,Bubble,4.62955081
R-404A,-12,Dew,4.305932638
R-404A,-11,Bubble,4.797970584
R-404A,-11,Dew,4.465558718
R-404A,-10,Bubble,4.970878746
R-404A,-10,Dew,4.62955081
R-404A,-9,Bubble,5.148334985
R-404A,-9,Dew,4.797970584
R-404A,-8,Bubble,5.330397915
R-404A,-8,Dew,4.970878746
R-404A,-7,Bubble,5.517125025
R-404A,-7,Dew,5.148334985
R-404A,-6,Bubble,5.708572623
R-404A,-6,Dew,5.330397915
R-404A,-5,Bubble,5.904795785
R-404A,-5,Dew,5.517125025
R-404A,-4,Bubble,6.105848308
R-404A,-4,Dew,5.708572623
R-404A,-3,Bubble,6.311782659
R-404A,-3,Dew,5.904795785
R-404A,-2,Bubble,6.522649928
R-404A,-2,Dew,6.105848308
R-404A,-1,Bubble,6.738499784
R-404A,-1,Dew,6.311782659
R-404A,0,Bubble,6.95938043
R-404A,0,Dew,6.522649928
R-404A,1,Bubble,7.185338561
R-404A,1,Dew,6.738499784
R-404A,2,Bubble,7.416419327
R-404A,2,Dew,6.95938043
R-404A,3,Bubble,7.652666293
R-404A,3,Dew,7.185338561
R-404A,4,Bubble,7.894121402
R-404A,4,Dew,7.416419327
R-404A,5,Bubble,8.140824946
R-404A,5,Dew,7.652666293
R-404A,6,Bubble,8.392815533
R-404A,6,Dew,7.894121402
R-404A,7,Bubble,8.650130058
R-404A,7,Dew,8.140824946
R-404A,8,Bubble,8.912803681
R-404A,8,Dew,8.392815533
R-404A,9,Bubble,9.180869798
R-404A,9,Dew,8.650130058
R-404A,10,Bubble,9.454360029
R-404A,10,Dew,8.912803681
R-404A,11,Bubble,9.733304192
R-404A,11,Dew,9.180869798
R-404A,12,Bubble,10.0177303
R-404A,12,Dew,9.454360029
R-404A,13,Bubble,10.30766453
R-404A,13,Dew,9.733304192
R-404A,14,Bubble,10.60313125
R-404A,14,Dew,10.0177303
R-404A,15,Bubble,10.90415297
R-404A,15,Dew,10.30766453
R-404A,16,Bubble,11.21075038
R-404A,16,Dew,10.60313125
R-404A,17,Bubble,11.52294233
R-404A,17,Dew,10.90415297
R-404A,18,Bubble,11.84074584
R-404A,18,Dew,11.21075038
R-404A,19,Bubble,12.16417611
R-404A,19,Dew,11.52294233
R-404A,20,Bubble,12.49324655
R-404A,20,Dew,11.84074584
R-404A,21,Bubble,12.82796874
R-404A,21,Dew,12.16417611
R-404A,22,Bubble,13.16835254
R-404A,22,Dew,12.49324655
R-404A,23,Bubble,13.51440602
R-404A,23,Dew,12.82796874
R-404A,24,Bubble,13.86613556
R-404A,24,Dew,13.16835254
R-404A,25,Bubble,14.22354583
R-404A,25,Dew,13.51440602
R-404A,26,Bubble,14.58663988
R-404A,26,Dew,13.86613556
R-404A,27,Bubble,14.95541912
R-404A,27,Dew,14.22354583
R-404A,28,Bubble,15.32988339
R-404A,28,Dew,14.58663988
R-404A,29,Bubble,15.71003102
R-404A,29,Dew,14.95541912
R-404A,30,Bubble,16.09585888
R-404A,30,Dew,15.32988339
R-404A,31,Bubble,16.48736239
R-404A,31,Dew,15.71003102
R-404A,32,Bubble,16.88453565
R-404A,32,Dew,16.09585888
R-404A,33,Bubble,17.28737143
R-404A,33,Dew,16.48736239
R-404A,34,Bubble,17.69586131
R-404A,34,Dew,16.88453565
R-404A,35,Bubble,18.10999569
R-404A,35,Dew,17.28737143
R-404A,36,Bubble,18.52976389
R-404A,36,Dew,17.69586131
R-404A,37,Bubble,18.95515424
R-404A,37,Dew,18.10999569
R-404A,38,Bubble,19.38615414
R-404A,38,Dew,18.52976389
R-404A,39,Bubble,19.82275016
R-404A,39,Dew,18.95515424
R-404A,40,Bubble,20.26492813
R-404A,40,Dew,19.38615414
R-404A,41,Bubble,20.71267322
R-404A,41,Dew,19.82275016
R-404A,42,Bubble,21.16597006
R-404A,42,Dew,20.26492813
R-404A,43,Bubble,21.62480283
R-404A,43,Dew,20.71267322
R-404A,44,Bubble,22.08915536
R-404A,44,Dew,21.16597006
R-404A,45,Bubble,22.55901124
R-404A,45,Dew,21.62480283
R-404A,46,Bubble,23.03435394
R-404A,46,Dew,22.08915536
R-404A,47,Bubble,23.51516692
R-404A,47,Dew,22.55901124
R-404A,48,Bubble,24.00143375
R-404A,48,Dew,23.03435394
R-404A,49,Bubble,24.49313821
R-404A,49,Dew,23.51516692
R-404A,50,Bubble,24.99026446
R-404A,50,Dew,24.00143375
R-404A,51,Bubble,25.49279713
R-404A,51,Dew,24.49313821
R-404A,52,Bubble,26.00072145
R-404A,52,Dew,24.99026446
R-404A,53,Bubble,26.5140234
R-404A,53,Dew,25.49279713
R-404A,54,Bubble,27.03268985
R-404A,54,Dew,26.00072145
R-404A,55,Bubble,27.55670866
R-404A,55,Dew,26.5140234
R-404A,56,Bubble,28.08606888
R-404A,56,Dew,27.03268985
R-404A,57,Bubble,28.62076082
R-404A,57,Dew,27.55670866
R-404A,58,Bubble,29.16077627
R-404A,58,Dew,28.08606888
R-404A,59,Bubble,29.70610857
R-404A,59,Dew,28.62076082
R-404A,60,Bubble,30.25675282
R-404A,60,Dew,29.16077627
R-404A,61,Bubble,30.81270599
R-404A,61,Dew,29.70610857
R-404A,62,Bubble,31.37396711
R-404A,62,Dew,30.25675282
R-404A,63,Bubble,31.94053735
R-404A,63,Dew,30.81270599
R-404A,64,Bubble,32.51242027
R-404A,64,Dew,31.37396711
R-404A,65,Bubble,33.08962187
R-404A,65,Dew,31.94053735
R-404A,66,Bubble,33.67215084
R-404A,66,Dew,32.51242027
R-404A,67,Bubble,34.26001865
R-404A,67,Dew,33.08962187
R-404A,68,Bubble,34.85323973
R-404A,68,Dew,33.67215084
R-404A,69,Bubble,35.4518316
R-404A,69,Dew,34.26001865
R-404A,70,Bubble,36.05581507
R-404A,70,Dew,34.85323973
R-407C,-50,Bubble,0.7757946878
R-407C,-50,Dew,0.596167911
R-407C,-49,Bubble,0.8166228967
R-407C,-49,Dew,0.6290013546
R-407C,-48,Bubble,0.8592125311
R-407C,-48,Dew,0.6633287642
R-407C,-47,Bubble,0.90362003
R-407C,-47,Dew,0.6992016225
R-407C,-46,Bubble,0.9499027777
R-407C,-46,Dew,0.7366724289
R-407C,-45,Bubble,0.9981190859
R-407C,-45,Dew,0.7757946878
R-407C,-44,Bubble,1.048328173
R-407C,-44,Dew,0.8166228967
R-407C,-43,Bubble,1.100590144
R-407C,-43,Dew,0.8592125311
R-407C,-42,Bubble,1.154965964
R-407C,-42,Dew,0.90362003
R-407C,-41,Bubble,1.211517436
R-407C,-41,Dew,0.9499027777
R-407C,-40,Bubble,1.270307176
R-407C,-40,Dew,0.9981190859
R-407C,-39,Bubble,1.331398581
R-407C,-39,Dew,1.048328173
R-407C,-38,Bubble,1.394855803
R-407C,-38,Dew,1.100590144
R-407C,-37,Bubble,1.460743718
R-407C,-37,Dew,1.154965964
R-407C,-36,Bubble,1.529127892
R-407C,-36,Dew,1.211517436
R-407C,-35,Bubble,1.600074549
R-407C,-35,Dew,1.270307176
R-407C,-34,Bubble,1.673650534
R-407C,-34,Dew,1.331398581
R-407C,-33,Bubble,1.749923278
R-407C,-33,Dew,1.394855803
R-407C,-32,Bubble,1.828960759
R-407C,-32,Dew,1.460743718
R-407C,-31,Bubble,1.910831465
R-407C,-31,Dew,1.529127892
R-407C,-30,Bubble,1.995604348
R-407C,-30,Dew,1.600074549
R-407C,-29,Bubble,2.083348787
R-407C,-29,Dew,1.673650534
R-407C,-28,Bubble,2.174134543
R-407C,-28,Dew,1.749923278
R-407C,-27,Bubble,2.268031712
R-407C,-27,Dew,1.828960759
R-407C,-26,Bubble,2.365110686
R-407C,-26,Dew,1.910831465
R-407C,-25,Bubble,2.465442096
R-407C,-25,Dew,1.995604348
R-407C,-24,Bubble,2.569096773
R-407C,-24,Dew,2.083348787
R-407C,-23,Bubble,2.676145694
R-407C,-23,Dew,2.174134543
R-407C,-22,Bubble,2.786659936
R-407C,-22,Dew,2.268031712
R-407C,-21,Bubble,2.900710617
R-407C,-21,Dew,2.365110686
R-407C,-20,Bubble,3.018368856
R-407C,-20,Dew,2.465442096
R-407C,-19,Bubble,3.139705709
R-407C,-19,Dew,2.569096773
R-407C,-18,Bubble,3.264792123
R-407C,-18,Dew,2.676145694
R-407C,-17,Bubble,3.393698878
R-407C,-17,Dew,2.786659936
R-407C,-16,Bubble,3.526496536
R-407C,-16,Dew,2.900710617
R-407C,-15,Bubble,3.663255381
R-407C,-15,Dew,3.018368856
R-407C,-14,Bubble,3.804045367
R-407C,-14,Dew,3.139705709
R-407C,-13,Bubble,3.948936061
R-407C,-13,Dew,3.264792123
R-407C,-12,Bubble,4.097996586
R-407C,-12,Dew,3.393698878
R-407C,-11,Bubble,4.251295566
R-407C,-11,Dew,3.526496536
R-407C,-10,Bubble,4.408901066
R-407C,-10,Dew,3.663255381
R-407C,-9,Bubble,4.570880539
R-407C,-9,Dew,3.804045367
R-407C,-8,Bubble,4.737300768
R-407C,-8,Dew,3.948936061
R-407C,-7,Bubble,4.908227808
R-407C,-7,Dew,4.097996586
R-407C,-6,Bubble,5.083726932
R-407C,-6,Dew,4.251295566
R-407C,-5,Bubble,5.263862572
R-407C,-5,Dew,4.408901066
R-407C,-4,Bubble,5.448698265
R-407C,-4,Dew,4.570880539
R-407C,-3,Bubble,5.638296601
R-407C,-3,Dew,4.737300768
R-407C,-2,Bubble,5.832719161
R-407C,-2,Dew,4.908227808
R-407C,-1,Bubble,6.032026471
R-407C,-1,Dew,5.083726932
R-407C,0,Bubble,6.236277941
R-407C,0,Dew,5.263862572
R-407C,1,Bubble,6.445531822
R-407C,1,Dew,5.448698265
R-407C,2,Bubble,6.659845145
R-407C,2,Dew,5.638296601
R-407C,3,Bubble,6.879273679
R-407C,3,Dew,5.832719161
R-407C,4,Bubble,7.103871877
R-407C,4,Dew,6.032026471
R-407C,5,Bubble,7.333692829
R-407C,5,Dew,6.236277941
R-407C,6,Bubble,7.568788218
R-407C,6,Dew,6.445531822
R-407C,7,Bubble,7.809208272
R-407C,7,Dew,6.659845145
R-407C,8,Bubble,8.055001723
R-407C,8,Dew,6.879273679
R-407C,9,Bubble,8.306215765
R-407C,9,Dew,7.103871877
R-407C,10,Bubble,8.562896011
R-407C,10,Dew,7.333692829
R-407C,11,Bubble,8.825086462
R-407C,11,Dew,7.568788218
R-407C,12,Bubble,9.092829461
R-407C,12,Dew,7.809208272
R-407C,13,Bubble,9.366165668
R-407C,13,Dew,8.055001723
R-407C,14,Bubble,9.645134022
R-407C,14,Dew,8.306215765
R-407C,15,Bubble,9.929771716
R-407C,15,Dew,8.562896011
R-407C,16,Bubble,10.22011416
R-407C,16,Dew,8.825086462
R-407C,17,Bubble,10.51619498
R-407C,17,Dew,9.092829461
R-407C,18,Bubble,10.81804596
R-407C,18,Dew,9.366165668
R-407C,19,Bubble,11.12569705
R-407C,19,Dew,9.645134022
R-407C,20,Bubble,11.43917633
R-407C,20,Dew,9.929771716
R-407C,21,Bubble,11.75851002
R-407C,21,Dew,10.22011416
R-407C,22,Bubble,12.08372244
R-407C,22,Dew,10.51619498
R-407C,23,Bubble,12.41483602
R-407C,23,Dew,10.81804596
R-407C,24,Bubble,12.75187129
R-407C,24,Dew,11.12569705
R-407C,25,Bubble,13.09484687
R-407C,25,Dew,11.43917633
R-407C,26,Bubble,13.44377947
R-407C,26,Dew,11.75851002
R-407C,27,Bubble,13.7986839
R-407C,27,Dew,12.08372244
R-407C,28,Bubble,14.15957309
R-407C,28,Dew,12.41483602
R-407C,29,Bubble,14.52645808
R-407C,29,Dew,12.75187129
R-407C,30,Bubble,14.89934801
R-407C,30,Dew,13.09484687
R-407C,31,Bubble,15.27825019
R-407C,31,Dew,13.44377947
R-407C,32,Bubble,15.66317009
R-407C,32,Dew,13.7986839
R-407C,33,Bubble,16.05411137
R-407C,33,Dew,14.15957309
R-407C,34,Bubble,16.45107589
R-407C,34,Dew,14.52645808
R-407C,35,Bubble,16.85406376
R-407C,35,Dew,14.89934801
R-407C,36,Bubble,17.26307336
R-407C,36,Dew,15.27825019
R-407C,37,Bubble,17.67810139
R-407C,37,Dew,15.66317009
R-407C,38,Bubble,18.09914292
R-407C,38,Dew,16.05411137
R-407C,39,Bubble,18.52619139
R-407C,39,Dew,16.45107589
R-407C,40,Bubble,18.9592387
R-407C,40,Dew,16.85406376
R-407C,41,Bubble,19.39827525
R-407C,41,Dew,17.26307336
R-407C,42,Bubble,19.84328999
R-407C,42,Dew,17.67810139
R-407C,43,Bubble,20.29427048
R-407C,43,Dew,18.09914292
R-407C,44,Bubble,20.75120297
R-407C,44,Dew,18.52619139
R-407C,45,Bubble,21.21407243
R-407C,45,Dew,18.9592387
R-407C,46,Bubble,21.68286265
R-407C,46,Dew,19.39827525
R-407C,47,Bubble,22.15755629
R-407C,47,Dew,19.84328999
R-407C,48,Bubble,22.638135
R-407C,48,Dew,20.29427048
R-407C,49,Bubble,23.12457942
R-407C,49,Dew,20.75120297
R-407C,50,Bubble,23.61686936
R-407C,50,Dew,21.21407243
R-407C,51,Bubble,24.11498381
R-407C,51,Dew,21.68286265
R-407C,52,Bubble,24.61890106
R-407C,52,Dew,22.15755629
R-407C,53,Bubble,25.12859882
R-407C,53,Dew,22.638135
R-407C,54,Bubble,25.64405425
R-407C,54,Dew,23.12457942
R-407C,55,Bubble,26.16524412
R-407C,55,Dew,23.61686936
R-407C,56,Bubble,26.69214489
R-407C,56,Dew,24.11498381
R-407C,57,Bubble,27.22473282
R-407C,57,Dew,24.61890106
R-407C,58,Bubble,27.76298407
R-407C,58,Dew,25.12859882
R-407C,59,Bubble,28.30687481
R-407C,59,Dew,25.64405425
R-407C,60,Bubble,28.85638136
R-407C,60,Dew,26.16524412
R-407C,61,Bubble,29.41148028
R-407C,61,Dew,26.69214489
R-407C,62,Bubble,29.9721485
R-407C,62,Dew,27.22473282
R-407C,63,Bubble,30.53836345
R-407C,63,Dew,27.76298407
R-407C,64,Bubble,31.11010315
R-407C,64,Dew,28.30687481
R-407C,65,Bubble,31.6873464
R-407C,65,Dew,28.85638136
R-407C,66,Bubble,32.27007284
R-407C,66,Dew,29.41148028
R-407C,67,Bubble,32.85826314
R-407C,67,Dew,29.9721485
R-407C,68,Bubble,33.45189909
R-407C,68,Dew,30.53836345
R-407C,69,Bubble,34.05096376
R-407C,69,Dew,31.11010315
R-407C,70,Bubble,34.65544162
R-407C,70,Dew,31.6873464
R-507A,-50,Bubble,0.9165297755
R-507A,-50,Dew,0.9165297755
R-507A,-49,Bubble,0.9640251076
R-507A,-49,Dew,0.9640251076
R-507A,-48,Bubble,1.013514902
R-507A,-48,Dew,1.013514902
R-507A,-47,Bubble,1.065059479
R-507A,-47,Dew,1.065059479
R-507A,-46,Bubble,1.118719958
R-507A,-46,Dew,1.118719958
R-507A,-45,Bubble,1.174558229
R-507A,-45,Dew,1.174558229
R-507A,-44,Bubble,1.232636923
R-507A,-44,Dew,1.232636923
R-507A,-43,Bubble,1.293019374
R-507A,-43,Dew,1.293019374
R-507A,-42,Bubble,1.355769585
R-507A,-42,Dew,1.355769585
R-507A,-41,Bubble,1.420952194
R-507A,-41,Dew,1.420952194
R-507A,-40,Bubble,1.488632435
R-507A,-40,Dew,1.488632435
R-507A,-39,Bubble,1.558876092
R-507A,-39,Dew,1.558876092
R-507A,-38,Bubble,1.631749469
R-507A,-38,Dew,1.631749469
R-507A,-37,Bubble,1.707319336
R-507A,-37,Dew,1.707319336
R-507A,-36,Bubble,1.785652892
R-507A,-36,Dew,1.785652892
R-507A,-35,Bubble,1.866817717
R-507A,-35,Dew,1.866817717
R-507A,-34,Bubble,1.950881726
R-507A,-34,Dew,1.950881726
R-507A,-33,Bubble,2.037913118
R-507A,-33,Dew,2.037913118
R-507A,-32,Bubble,2.127980331
R-507A,-32,Dew,2.127980331
R-507A,-31,Bubble,2.22115199
R-507A,-31,Dew,2.22115199
R-507A,-30,Bubble,2.317496852
R-507A,-30,Dew,2.317496852
R-507A,-29,Bubble,2.41708376
R-507A,-29,Dew,2.41708376
R-507A,-28,Bubble,2.519981583
R-507A,-28,Dew,2.519981583
R-507A,-27,Bubble,2.626259165
R-507A,-27,Dew,2.626259165
R-507A,-26,Bubble,2.73598527
R-507A,-26,Dew,2.73598527
R-507A,-25,Bubble,2.849228524
R-507A,-25,Dew,2.849228524
R-507A,-24,Bubble,2.966057362
R-507A,-24,Dew,2.966057362
R-507A,-23,Bubble,3.086539965
R-507A,-23,Dew,3.086539965
R-507A,-22,Bubble,3.210744208
R-507A,-22,Dew,3.210744208
R-507A,-21,Bubble,3.338737599
R-507A,-21,Dew,3.338737599
R-507A,-20,Bubble,3.470587223
R-507A,-20,Dew,3.470587223
R-507A,-19,Bubble,3.60635968
R-507A,-19,Dew,3.60635968
R-507A,-18,Bubble,3.746121029
R-507A,-18,Dew,3.746121029
R-507A,-17,Bubble,3.889936731
R-507A,-17,Dew,3.889936731
R-507A,-16,Bubble,4.037871584
R-507A,-16,Dew,4.037871584
R-507A,-15,Bubble,4.189989674
R-507A,-15,Dew,4.189989674
R-507A,-14,Bubble,4.346354308
R-507A,-14,Dew,4.346354308
R-507A,-13,Bubble,4.507027962
R-507A,-13,Dew,4.507027962
R-507A,-12,Bubble,4.672072225
R-507A,-12,Dew,4.672072225
R-507A,-11,Bubble,4.841547735
R-507A,-11,Dew,4.841547735
R-507A,-10,Bubble,5.015514134
R-507A,-10,Dew,5.015514134
R-507A,-9,Bubble,5.194030004
R-507A,-9,Dew,5.194030004
R-507A,-8,Bubble,5.377152819
R-507A,-8,Dew,5.377152819
R-507A,-7,Bubble,5.564938888
R-507A,-7,Dew,5.564938888
R-507A,-6,Bubble,5.757443308
R-507A,-6,Dew,5.757443308
R-507A,-5,Bubble,5.954719912
R-507A,-5,Dew,5.954719912
R-507A,-4,Bubble,6.156821217
R-507A,-4,Dew,6.156821217
R-507A,-3,Bubble,6.363798383
R-507A,-3,Dew,6.363798383
R-507A,-2,Bubble,6.57570116
R-507A,-2,Dew,6.57570116
R-507A,-1,Bubble,6.792577852
R-507A,-1,Dew,6.792577852
R-507A,0,Bubble,7.01447527
R-507A,0,Dew,7.01447527
R-507A,1,Bubble,7.241438693
R-507A,1,Dew,7.241438693
R-507A,2,Bubble,7.473511831
R-507A,2,Dew,7.473511831
R-507A,3,Bubble,7.710736789
R-507A,3,Dew,7.710736789
R-507A,4,Bubble,7.953154034
R-507A,4,Dew,7.953154034
R-507A,5,Bubble,8.200802363
R-507A,5,Dew,8.200802363
R-507A,6,Bubble,8.453718878
R-507A,6,Dew,8.453718878
R-507A,7,Bubble,8.711938954
R-507A,7,Dew,8.711938954
R-507A,8,Bubble,8.975496224
R-507A,8,Dew,8.975496224
R-507A,9,Bubble,9.244422553
R-507A,9,Dew,9.244422553
R-507A,10,Bubble,9.518748022
R-507A,10,Dew,9.518748022
R-507A,11,Bubble,9.798500916
R-507A,11,Dew,9.798500916
R-507A,12,Bubble,10.08370771
R-507A,12,Dew,10.08370771
R-507A,13,Bubble,10.37439307
R-507A,13,Dew,10.37439307
R-507A,14,Bubble,10.67057982
R-507A,14,Dew,10.67057982
R-507A,15,Bubble,10.97228899
R-507A,15,Dew,10.97228899
R-507A,16,Bubble,11.27953977
R-507A,16,Dew,11.27953977
R-507A,17,Bubble,11.59234954
R-507A,17,Dew,11.59234954
R-507A,18,Bubble,11.91073388
R-507A,18,Dew,11.91073388
R-507A,19,Bubble,12.23470657
R-507A,19,Dew,12.23470657
R-507A,20,Bubble,12.56427963
R-507A,20,Dew,12.56427963
R-507A,21,Bubble,12.8994633
R-507A,21,Dew,12.8994633
R-507A,22,Bubble,13.24026611
R-507A,22,Dew,13.24026611
R-507A,23,Bubble,13.58669487
R-507A,23,Dew,13.58669487
R-507A,24,Bubble,13.93875474
R-507A,24,Dew,13.93875474
R-507A,25,Bubble,14.29644921
R-507A,25,Dew,14.29644921
R-507A,26,Bubble,14.65978022
R-507A,26,Dew,14.65978022
R-507A,27,Bubble,15.02874812
R-507A,27,Dew,15.02874812
R-507A,28,Bubble,15.40335176
R-507A,28,Dew,15.40335176
R-507A,29,Bubble,15.78358855
R-507A,29,Dew,15.78358855
R-507A,30,Bubble,16.1694545
R-507A,30,Dew,16.1694545
R-507A,31,Bubble,16.56094427
R-507A,31,Dew,16.56094427
R-507A,32,Bubble,16.95805127
R-507A,32,Dew,16.95805127
R-507A,33,Bubble,17.36076766
R-507A,33,Dew,17.36076766
R-507A,34,Bubble,17.76908451
R-507A,34,Dew,17.76908451
R-507A,35,Bubble,18.1829918
R-507A,35,Dew,18.1829918
R-507A,36,Bubble,18.60247855
R-507A,36,Dew,18.60247855
R-507A,37,Bubble,19.02753287
R-507A,37,Dew,19.02753287
R-507A,38,Bubble,19.45814206
R-507A,38,Dew,19.45814206
R-507A,39,Bubble,19.89429271
R-507A,39,Dew,19.89429271
R-507A,40,Bubble,20.33597077
R-507A,40,Dew,20.33597077
R-507A,41,Bubble,20.78316169
R-507A,41,Dew,20.78316169
R-507A,42,Bubble,21.23585047
R-507A,42,Dew,21.23585047
R-507A,43,Bubble,21.69402181
R-507A,43,Dew,21.69402181
R-507A,44,Bubble,22.15766019
R-507A,44,Dew,22.15766019
R-507A,45,Bubble,22.62675
R-507A,45,Dew,22.62675
R-507A,46,Bubble,23.10127564
R-507A,46,Dew,23.10127564
R-507A,47,Bubble,23.58122168
R-507A,47,Dew,23.58122168
R-507A,48,Bubble,24.06657292
R-507A,48,Dew,24.06657292
R-507A,49,Bubble,24.55731454
R-507A,49,Dew,24.55731454
R-507A,50,Bubble,25.05343228
R-507A,50,Dew,25.05343228
R-507A,51,Bubble,25.55491247
R-507A,51,Dew,25.55491247
R-507A,52,Bubble,26.06174225
R-507A,52,Dew,26.06174225
R-507A,53,Bubble,26.57390969
R-507A,53,Dew,26.57390969
R-507A,54,Bubble,27.09140388
R-507A,54,Dew,27.09140388
R-507A,55,Bubble,27.61421512
R-507A,55,Dew,27.61421512
R-507A,56,Bubble,28.14233505
R-507A,56,Dew,28.14233505
R-507A,57,Bubble,28.6757568
R-507A,57,Dew,28.6757568
R-507A,58,Bubble,29.21447512
R-507A,58,Dew,29.21447512
R-507A,59,Bubble,29.75848654
R-507A,59,Dew,29.75848654
R-507A,60,Bubble,30.30778951
R-507A,60,Dew,30.30778951
R-507A,61,Bubble,30.86238458
R-507A,61,Dew,30.86238458
R-507A,62,Bubble,31.42227452
R-507A,62,Dew,31.42227452
R-507A,63,Bubble,31.98746448
R-507A,63,Dew,31.98746448
R-507A,64,Bubble,32.55796216
R-507A,64,Dew,32.55796216
R-507A,65,Bubble,33.13377795
R-507A,65,Dew,33.13377795
R-507A,66,Bubble,33.71492509
R-507A,66,Dew,33.71492509
R-507A,67,Bubble,34.30141982
R-507A,67,Dew,34.30141982
R-507A,68,Bubble,34.89328156
R-507A,68,Dew,34.89328156
R-507A,69,Bubble,35.49053302
R-507A,69,Dew,35.49053302
R-507A,70,Bubble,36.0932004
R-507A,70,Dew,36.0932004
R-32,-50,Bubble,1.142698336
R-32,-50,Dew,1.142698336
R-32,-49,Bubble,1.200769985
R-32,-49,Dew,1.200769985
R-32,-48,Bubble,1.261233272
R-32,-48,Dew,1.261233272
R-32,-47,Bubble,1.324159225
R-32,-47,Dew,1.324159225
R-32,-46,Bubble,1.389619802
R-32,-46,Dew,1.389619802
R-32,-45,Bubble,1.457687862
R-32,-45,Dew,1.457687862
R-32,-44,Bubble,1.528437127
R-32,-44,Dew,1.528437127
R-32,-43,Bubble,1.601942143
R-32,-43,Dew,1.601942143
R-32,-42,Bubble,1.678278243
R-32,-42,Dew,1.678278243
R-32,-41,Bubble,1.757521504
R-32,-41,Dew,1.757521504
R-32,-40,Bubble,1.839748706
R-32,-40,Dew,1.839748706
R-32,-39,Bubble,1.925037283
R-32,-39,Dew,1.925037283
R-32,-38,Bubble,2.01346528
R-32,-38,Dew,2.01346528
R-32,-37,Bubble,2.105111304
R-32,-37,Dew,2.105111304
R-32,-36,Bubble,2.200054473
R-32,-36,Dew,2.200054473
R-32,-35,Bubble,2.298374366
R-32,-35,Dew,2.298374366
R-32,-34,Bubble,2.400150968
R-32,-34,Dew,2.400150968
R-32,-33,Bubble,2.505464617
R-32,-33,Dew,2.505464617
R-32,-32,Bubble,2.614395949
R-32,-32,Dew,2.614395949
R-32,-31,Bubble,2.727025838
R-32,-31,Dew,2.727025838
R-32,-30,Bubble,2.843435339
R-32,-30,Dew,2.843435339
R-32,-29,Bubble,2.963705629
R-32,-29,Dew,2.963705629
R-32,-28,Bubble,3.087917945
R-32,-28,Dew,3.087917945
R-32,-27,Bubble,3.216153519
R-32,-27,Dew,3.216153519
R-32,-26,Bubble,3.348493521
R-32,-26,Dew,3.348493521
R-32,-25,Bubble,3.485018991
R-32,-25,Dew,3.485018991
R-32,-24,Bubble,3.625810773
R-32,-24,Dew,3.625810773
R-32,-23,Bubble,3.770949453
R-32,-23,Dew,3.770949453
R-32,-22,Bubble,3.920515289
R-32,-22,Dew,3.920515289
R-32,-21,Bubble,4.074588148
R-32,-21,Dew,4.074588148
R-32,-20,Bubble,4.233247433
R-32,-20,Dew,4.233247433
R-32,-19,Bubble,4.396572021
R-32,-19,Dew,4.396572021
R-32,-18,Bubble,4.564640191
R-32,-18,Dew,4.564640191
R-32,-17,Bubble,4.737529558
R-32,-17,Dew,4.737529558
R-32,-16,Bubble,4.915317002
R-32,-16,Dew,4.915317002
R-32,-15,Bubble,5.098078604
R-32,-15,Dew,5.098078604
R-32,-14,Bubble,5.285889573
R-32,-14,Dew,5.285889573
R-32,-13,Bubble,5.478824179
R-32,-13,Dew,5.478824179
R-32,-12,Bubble,5.67695569
R-32,-12,Dew,5.67695569
R-32,-11,Bubble,5.880356298
R-32,-11,Dew,5.880356298
R-32,-10,Bubble,6.089097059
R-32,-10,Dew,6.089097059
R-32,-9,Bubble,6.303247821
R-32,-9,Dew,6.303247821
R-32,-8,Bubble,6.522877164
R-32,-8,Dew,6.522877164
R-32,-7,Bubble,6.748052335
R-32,-7,Dew,6.748052335
R-32,-6,Bubble,6.978839182
R-32,-6,Dew,6.978839182
R-32,-5,Bubble,7.215302097
R-32,-5,Dew,7.215302097
R-32,-4,Bubble,7.457503952
R-32,-4,Dew,7.457503952
R-32,-3,Bubble,7.705506041
R-32,-3,Dew,7.705506041
R-32,-2,Bubble,7.959368023
R-32,-2,Dew,7.959368023
R-32,-1,Bubble,8.219147868
R-32,-1,Dew,8.219147868
R-32,0,Bubble,8.4849018
R-32,0,Dew,8.4849018
R-32,1,Bubble,8.756684245
R-32,1,Dew,8.756684245
R-32,2,Bubble,9.034547786
R-32,2,Dew,9.034547786
R-32,3,Bubble,9.318543109
R-32,3,Dew,9.318543109
R-32,4,Bubble,9.608718962
R-32,4,Dew,9.608718962
R-32,5,Bubble,9.90512211
R-32,5,Dew,9.90512211
R-32,6,Bubble,10.20779729
R-32,6,Dew,10.20779729
R-32,7,Bubble,10.5167872
R-32,7,Dew,10.5167872
R-32,8,Bubble,10.8321324
R-32,8,Dew,10.8321324
R-32,9,Bubble,11.15387137
R-32,9,Dew,11.15387137
R-32,10,Bubble,11.48204039
R-32,10,Dew,11.48204039
R-32,11,Bubble,11.81667359
R-32,11,Dew,11.81667359
R-32,12,Bubble,12.15780287
R-32,12,Dew,12.15780287
R-32,13,Bubble,12.50545792
R-32,13,Dew,12.50545792
R-32,14,Bubble,12.85966618
R-32,14,Dew,12.85966618
R-32,15,Bubble,13.22045282
R-32,15,Dew,13.22045282
R-32,16,Bubble,13.58784077
R-32,16,Dew,13.58784077
R-32,17,Bubble,13.96185068
R-32,17,Dew,13.96185068
R-32,18,Bubble,14.34250091
R-32,18,Dew,14.34250091
R-32,19,Bubble,14.72980757
R-32,19,Dew,14.72980757
R-32,20,Bubble,15.1237845
R-32,20,Dew,15.1237845
R-32,21,Bubble,15.52444327
R-32,21,Dew,15.52444327
R-32,22,Bubble,15.93179323
R-32,22,Dew,15.93179323
R-32,23,Bubble,16.34584148
R-32,23,Dew,16.34584148
R-32,24,Bubble,16.76659292
R-32,24,Dew,16.76659292
R-32,25,Bubble,17.19405031
R-32,25,Dew,17.19405031
R-32,26,Bubble,17.6282142
R-32,26,Dew,17.6282142
R-32,27,Bubble,18.06908307
R-32,27,Dew,18.06908307
R-32,28,Bubble,18.51665332
R-32,28,Dew,18.51665332
R-32,29,Bubble,18.97091931
R-32,29,Dew,18.97091931
R-32,30,Bubble,19.4318734
R-32,30,Dew,19.4318734
R-32,31,Bubble,19.89950605
R-32,31,Dew,19.89950605
R-32,32,Bubble,20.37380582
R-32,32,Dew,20.37380582
R-32,33,Bubble,20.85475946
R-32,33,Dew,20.85475946
R-32,34,Bubble,21.34235196
R-32,34,Dew,21.34235196
R-32,35,Bubble,21.83656663
R-32,35,Dew,21.83656663
R-32,36,Bubble,22.33738519
R-32,36,Dew,22.33738519
R-32,37,Bubble,22.84478779
R-32,37,Dew,22.84478779
R-32,38,Bubble,23.35875316
R-32,38,Dew,23.35875316
R-32,39,Bubble,23.87925866
R-32,39,Dew,23.87925866
R-32,40,Bubble,24.40628037
R-32,40,Dew,24.40628037
R-32,41,Bubble,24.93979319
R-32,41,Dew,24.93979319
R-32,42,Bubble,25.47977094
R-32,42,Dew,25.47977094
R-32,43,Bubble,26.02618649
R-32,43,Dew,26.02618649
R-32,44,Bubble,26.57901181
R-32,44,Dew,26.57901181
R-32,45,Bubble,27.13821813
R-32,45,Dew,27.13821813
R-32,46,Bubble,27.70377602
R-32,46,Dew,27.70377602
R-32,47,Bubble,28.27565555
R-32,47,Dew,28.27565555
R-32,48,Bubble,28.85382637
R-32,48,Dew,28.85382637
R-32,49,Bubble,29.43825786
R-32,49,Dew,29.43825786
R-32,50,Bubble,30.02891926
R-32,50,Dew,30.02891926
R-32,51,Bubble,30.62577981
R-32,51,Dew,30.62577981
R-32,52,Bubble,31.22880885
R-32,52,Dew,31.22880885
R-32,53,Bubble,31.837976
R-32,53,Dew,31.837976
R-32,54,Bubble,32.4532513
R-32,54,Dew,32.4532513
R-32,55,Bubble,33.07460532
R-32,55,Dew,33.07460532
R-32,56,Bubble,33.70200936
R-32,56,Dew,33.70200936
R-32,57,Bubble,34.33543555
R-32,57,Dew,34.33543555
R-32,58,Bubble,34.97485706
R-32,58,Dew,34.97485706
R-32,59,Bubble,35.62024821
R-32,59,Dew,35.62024821
R-32,60,Bubble,36.27158464
R-32,60,Dew,36.27158464
R-32,61,Bubble,36.92884349
R-32,61,Dew,36.92884349
R-32,62,Bubble,37.59200355
R-32,62,Dew,37.59200355
R-32,63,Bubble,38.26104542
R-32,63,Dew,38.26104542
R-32,64,Bubble,38.93595169
R-32,64,Dew,38.93595169
R-32,65,Bubble,39.61670709
R-32,65,Dew,39.61670709
R-32,66,Bubble,40.30329867
R-32,66,Dew,40.30329867
R-32,67,Bubble,40.995716
R-32,67,Dew,40.995716
R-32,68,Bubble,41.69395126
R-32,68,Dew,41.69395126
R-32,69,Bubble,42.3979995
R-32,69,Dew,42.3979995
R-32,70,Bubble,43.10785878
R-32,70,Dew,43.10785878
R-407A,-50,Bubble,0.8273359801
R-407A,-50,Dew,0.7460646784
R-407A,-49,Bubble,0.8706350867
R-407A,-49,Dew,0.7858313249
R-407A,-48,Bubble,0.915786048
R-407A,-48,Dew,0.8273359801
R-407A,-47,Bubble,0.9628472097
R-407A,-47,Dew,0.8706350867
R-407A,-46,Bubble,1.011877839
R-407A,-46,Dew,0.915786048
R-407A,-45,Bubble,1.062938104
R-407A,-45,Dew,0.9628472097
R-407A,-44,Bubble,1.116089046
R-407A,-44,Dew,1.011877839
R-407A,-43,Bubble,1.171392561
R-407A,-43,Dew,1.062938104
R-407A,-42,Bubble,1.228911366
R-407A,-42,Dew,1.116089046
R-407A,-41,Bubble,1.288708975
R-407A,-41,Dew,1.171392561
R-407A,-40,Bubble,1.350849667
R-407A,-40,Dew,1.228911366
R-407A,-39,Bubble,1.415398456
R-407A,-39,Dew,1.288708975
R-407A,-38,Bubble,1.482421058
R-407A,-38,Dew,1.350849667
R-407A,-37,Bubble,1.551983854
R-407A,-37,Dew,1.415398456
R-407A,-36,Bubble,1.624153858
R-407A,-36,Dew,1.482421058
R-407A,-35,Bubble,1.698998674
R-407A,-35,Dew,1.551983854
R-407A,-34,Bubble,1.776586462
R-407A,-34,Dew,1.624153858
R-407A,-33,Bubble,1.856985898
R-407A,-33,Dew,1.698998674
R-407A,-32,Bubble,1.940266127
R-407A,-32,Dew,1.776586462
R-407A,-31,Bubble,2.026496723
R-407A,-31,Dew,1.856985898
R-407A,-30,Bubble,2.115747647
R-407A,-30,Dew,1.940266127
R-407A,-29,Bubble,2.208089196
R-407A,-29,Dew,2.026496723
R-407A,-28,Bubble,2.303591961
R-407A,-28,Dew,2.115747647
R-407A,-27,Bubble,2.402326776
R-407A,-27,Dew,2.208089196
R-407A,-26,Bubble,2.504364669
R-407A,-26,Dew,2.303591961
R-407A,-25,Bubble,2.609776813
R-407A,-25,Dew,2.402326776
R-407A,-24,Bubble,2.718634473
R-407A,-24,Dew,2.504364669
R-407A,-23,Bubble,2.831008955
R-407A,-23,Dew,2.609776813
R-407A,-22,Bubble,2.946971554
R-407A,-22,Dew,2.718634473
R-407A,-21,Bubble,3.066593496
R-407A,-21,Dew,2.831008955
R-407A,-20,Bubble,3.189945888
R-407A,-20,Dew,2.946971554
R-407A,-19,Bubble,3.317099659
R-407A,-19,Dew,3.066593496
R-407A,-18,Bubble,3.448125506
R-407A,-18,Dew,3.189945888
R-407A,-17,Bubble,3.583093837
R-407A,-17,Dew,3.317099659
R-407A,-16,Bubble,3.722074713
R-407A,-16,Dew,3.448125506
R-407A,-15,Bubble,3.865137794
R-407A,-15,Dew,3.583093837
R-407A,-14,Bubble,4.012352275
R-407A,-14,Dew,3.722074713
R-407A,-13,Bubble,4.163786836
R-407A,-13,Dew,3.865137794
R-407A,-12,Bubble,4.319509577
R-407A,-12,Dew,4.012352275
R-407A,-11,Bubble,4.479587967
R-407A,-11,Dew,4.163786836
R-407A,-10,Bubble,4.644088778
R-407A,-10,Dew,4.319509577
R-407A,-9,Bubble,4.813078036
R-407A,-9,Dew,4.479587967
R-407A,-8,Bubble,4.986620955
R-407A,-8,Dew,4.644088778
R-407A,-7,Bubble,5.164781889
R-407A,-7,Dew,4.813078036
R-407A,-6,Bubble,5.347624266
R-407A,-6,Dew,4.986620955
R-407A,-5,Bubble,5.535210539
R-407A,-5,Dew,5.164781889
R-407A,-4,Bubble,5.727602129
R-407A,-4,Dew,5.347624266
R-407A,-3,Bubble,5.924859366
R-407A,-3,Dew,5.535210539
R-407A,-2,Bubble,6.127041443
R-407A,-2,Dew,5.727602129
R-407A,-1,Bubble,6.334206356
R-407A,-1,Dew,5.924859366
R-407A,0,Bubble,6.546410856
R-407A,0,Dew,6.127041443
R-407A,1,Bubble,6.763710398
R-407A,1,Dew,6.334206356
R-407A,2,Bubble,6.986159091
R-407A,2,Dew,6.546410856
R-407A,3,Bubble,7.21380965
R-407A,3,Dew,6.763710398
R-407A,4,Bubble,7.446713351
R-407A,4,Dew,6.986159091
R-407A,5,Bubble,7.684919985
R-407A,5,Dew,7.21380965
R-407A,6,Bubble,7.928477812
R-407A,6,Dew,7.446713351
R-407A,7,Bubble,8.177433527
R-407A,7,Dew,7.684919985
R-407A,8,Bubble,8.431832212
R-407A,8,Dew,7.928477812
R-407A,9,Bubble,8.691717306
R-407A,9,Dew,8.177433527
R-407A,10,Bubble,8.957130563
R-407A,10,Dew,8.431832212
R-407A,11,Bubble,9.228112022
R-407A,11,Dew,8.691717306
R-407A,12,Bubble,9.504699979
R-407A,12,Dew,8.957130563
R-407A,13,Bubble,9.78693095
R-407A,13,Dew,9.228112022
R-407A,14,Bubble,10.07483965
R-407A,14,Dew,9.504699979
R-407A,15,Bubble,10.36845898
R-407A,15,Dew,9.78693095
R-407A,16,Bubble,10.66781999
R-407A,16,Dew,10.07483965
R-407A,17,Bubble,10.97295184
R-407A,17,Dew,10.36845898
R-407A,18,Bubble,11.28388186
R-407A,18,Dew,10.66781999
R-407A,19,Bubble,11.60063545
R-407A,19,Dew,10.97295184
R-407A,20,Bubble,11.92323612
R-407A,20,Dew,11.28388186
R-407A,21,Bubble,12.25170547
R-407A,21,Dew,11.60063545
R-407A,22,Bubble,12.5860632
R-407A,22,Dew,11.92323612
R-407A,23,Bubble,12.92632707
R-407A,23,Dew,12.25170547
R-407A,24,Bubble,13.27251297
R-407A,24,Dew,12.5860632
R-407A,25,Bubble,13.62463485
R-407A,25,Dew,12.92632707
R-407A,26,Bubble,13.9827048
R-407A,26,Dew,13.27251297
R-407A,27,Bubble,14.346733
R-407A,27,Dew,13.62463485
R-407A,28,Bubble,14.71672778
R-407A,28,Dew,13.9827048
R-407A,29,Bubble,15.09269564
R-407A,29,Dew,14.346733
R-407A,30,Bubble,15.47464123
R-407A,30,Dew,14.71672778
R-407A,31,Bubble,15.86256743
R-407A,31,Dew,15.09269564
R-407A,32,Bubble,16.25647535
R-407A,32,Dew,15.47464123
R-407A,33,Bubble,16.65636439
R-407A,33,Dew,15.86256743
R-407A,34,Bubble,17.06223222
R-407A,34,Dew,16.25647535
R-407A,35,Bubble,17.4740749
R-407A,35,Dew,16.65636439
R-407A,36,Bubble,17.89188688
R-407A,36,Dew,17.06223222
R-407A,37,Bubble,18.31566104
R-407A,37,Dew,17.4740749
R-407A,38,Bubble,18.74538879
R-407A,38,Dew,17.89188688
R-407A,39,Bubble,19.18106007
R-407A,39,Dew,18.31566104
R-407A,40,Bubble,19.62266344
R-407A,40,Dew,18.74538879
R-407A,41,Bubble,20.07018616
R-407A,41,Dew,19.18106007
R-407A,42,Bubble,20.52361423
R-407A,42,Dew,19.62266344
R-407A,43,Bubble,20.98293247
R-407A,43,Dew,20.07018616
R-407A,44,Bubble,21.4481246
R-407A,44,Dew,20.52361423
R-407A,45,Bubble,21.9191733
R-407A,45,Dew,20.98293247
R-407A,46,Bubble,22.39606033
R-407A,46,Dew,21.4481246
R-407A,47,Bubble,22.87876659
R-407A,47,Dew,21.9191733
R-407A,48,Bubble,23.3672722
R-407A,48,Dew,22.39606033
R-407A,49,Bubble,23.86155661
R-407A,49,Dew,22.87876659
R-407A,50,Bubble,24.36159872
R-407A,50,Dew,23.3672722
R-407A,51,Bubble,24.86737691
R-407A,51,Dew,23.86155661
R-407A,52,Bubble,25.37886922
R-407A,52,Dew,24.36159872
R-407A,53,Bubble,25.8960534
R-407A,53,Dew,24.86737691
R-407A,54,Bubble,26.41890706
R-407A,54,Dew,25.37886922
R-407A,55,Bubble,26.94740776
R-407A,55,Dew,25.8960534
R-407A,56,Bubble,27.48153312
R-407A,56,Dew,26.41890706
R-407A,57,Bubble,28.02126096
R-407A,57,Dew,26.94740776
R-407A,58,Bubble,28.56656939
R-407A,58,Dew,27.48153312
R-407A,59,Bubble,29.11743698
R-407A,59,Dew,28.02126096
R-407A,60,Bubble,29.67384285
R-407A,60,Dew,28.56656939
R-407A,61,Bubble,30.23576679
R-407A,61,Dew,29.11743698
R-407A,62,Bubble,30.80318943
R-407A,62,Dew,29.67384285
R-407A,63,Bubble,31.37609235
R-407A,63,Dew,30.23576679
R-407A,64,Bubble,31.95445822
R-407A,64,Dew,30.80318943
R-407A,65,Bubble,32.53827092
R-407A,65,Dew,31.37609235
R-407A,66,Bubble,33.1275157
R-407A,66,Dew,31.95445822
R-407A,67,Bubble,33.72217934
R-407A,67,Dew,32.53827092
R-407A,68,Bubble,34.32225025
R-407A,68,Dew,33.1275157
R-407A,69,Bubble,34.92771861
R-407A,69,Dew,33.72217934
R-407A,70,Bubble,35.53857659
R-407A,70,Dew,34.32225025
R-407F,-50,Bubble,0.8702576475
R-407F,-50,Dew,0.7851318
R-407F,-49,Bubble,0.9155957476
R-407F,-49,Dew,0.826789142
R-407F,-48,Bubble,0.9628628548
R-407F,-48,Dew,0.8702576475
R-407F,-47,Bubble,1.012119344
R-407F,-47,Dew,0.9155957476
R-407F,-46,Bubble,1.063426529
R-407F,-46,Dew,0.9628628548
R-407F,-45,Bubble,1.116846643
R-407F,-45,Dew,1.012119344
R-407F,-44,Bubble,1.172442809
R-407F,-44,Dew,1.063426529
R-407F,-43,Bubble,1.230279017
R-407F,-43,Dew,1.116846643
R-407F,-42,Bubble,1.290420097
R-407F,-42,Dew,1.172442809
R-407F,-41,Bubble,1.352931684
R-407F,-41,Dew,1.230279017
R-407F,-40,Bubble,1.417880192
R-407F,-40,Dew,1.290420097
R-407F,-39,Bubble,1.485332778
R-407F,-39,Dew,1.352931684
R-407F,-38,Bubble,1.555357311
R-407F,-38,Dew,1.417880192
R-407F,-37,Bubble,1.628022333
R-407F,-37,Dew,1.485332778
R-407F,-36,Bubble,1.70339702
R-407F,-36,Dew,1.555357311
R-407F,-35,Bubble,1.781551149
R-407F,-35,Dew,1.628022333
R-407F,-34,Bubble,1.862555052
R-407F,-34,Dew,1.70339702
R-407F,-33,Bubble,1.946479577
R-407F,-33,Dew,1.781551149
R-407F,-32,Bubble,2.033396042
R-407F,-32,Dew,1.862555052
R-407F,-31,Bubble,2.123376194
R-407F,-31,Dew,1.946479577
R-407F,-30,Bubble,2.216492159
R-407F,-30,Dew,2.033396042
R-407F,-29,Bubble,2.312816397
R-407F,-29,Dew,2.123376194
R-407F,-28,Bubble,2.412421654
R-407F,-28,Dew,2.216492159
R-407F,-27,Bubble,2.51538091
R-407F,-27,Dew,2.312816397
R-407F,-26,Bubble,2.62176733
R-407F,-26,Dew,2.412421654
R-407F,-25,Bubble,2.731654208
R-407F,-25,Dew,2.51538091
R-407F,-24,Bubble,2.845114921
R-407F,-24,Dew,2.62176733
R-407F,-23,Bubble,2.962222869
R-407F,-23,Dew,2.731654208
R-407F,-22,Bubble,3.083051422
R-407F,-22,Dew,2.845114921
R-407F,-21,Bubble,3.207673864
R-407F,-21,Dew,2.962222869
R-407F,-20,Bubble,3.336163338
R-407F,-20,Dew,3.083051422
R-407F,-19,Bubble,3.468592786
R-407F,-19,Dew,3.207673864
R-407F,-18,Bubble,3.605034894
R-407F,-18,Dew,3.336163338
R-407F,-17,Bubble,3.745562031
R-407F,-17,Dew,3.468592786
R-407F,-16,Bubble,3.890246193
R-407F,-16,Dew,3.605034894
R-407F,-15,Bubble,4.039158942
R-407F,-15,Dew,3.745562031
R-407F,-14,Bubble,4.192371347
R-407F,-14,Dew,3.890246193
R-407F,-13,Bubble,4.349953925
R-407F,-13,Dew,4.039158942
R-407F,-12,Bubble,4.511976578
R-407F,-12,Dew,4.192371347
R-407F,-11,Bubble,4.678508539
R-407F,-11,Dew,4.349953925
R-407F,-10,Bubble,4.84961831
R-407F,-10,Dew,4.511976578
R-407F,-9,Bubble,5.025373598
R-407F,-9,Dew,4.678508539
R-407F,-8,Bubble,5.205841264
R-407F,-8,Dew,4.84961831
R-407F,-7,Bubble,5.391087257
R-407F,-7,Dew,5.025373598
R-407F,-6,Bubble,5.58117656
R-407F,-6,Dew,5.205841264
R-407F,-5,Bubble,5.776173132
R-407F,-5,Dew,5.391087257
R-407F,-4,Bubble,5.976139848
R-407F,-4,Dew,5.58117656
R-407F,-3,Bubble,6.181138446
R-407F,-3,Dew,5.776173132
R-407F,-2,Bubble,6.39122947
R-407F,-2,Dew,5.976139848
R-407F,-1,Bubble,6.606472216
R-407F,-1,Dew,6.181138446
R-407F,0,Bubble,6.826924681
R-407F,0,Dew,6.39122947
R-407F,1,Bubble,7.052643504
R-407F,1,Dew,6.606472216
R-407F,2,Bubble,7.283683926
R-407F,2,Dew,6.826924681
R-407F,3,Bubble,7.52009973
R-407F,3,Dew,7.052643504
R-407F,4,Bubble,7.761943201
R-407F,4,Dew,7.283683926
R-407F,5,Bubble,8.009265075
R-407F,5,Dew,7.52009973
R-407F,6,Bubble,8.262114498
R-407F,6,Dew,7.761943201
R-407F,7,Bubble,8.520538982
R-407F,7,Dew,8.009265075
R-407F,8,Bubble,8.784584362
R-407F,8,Dew,8.262114498
R-407F,9,Bubble,9.054294763
R-407F,9,Dew,8.520538982
R-407F,10,Bubble,9.329712557
R-407F,10,Dew,8.784584362
R-407F,11,Bubble,9.610878334
R-407F,11,Dew,9.054294763
R-407F,12,Bubble,9.897830869
R-407F,12,Dew,9.329712557
R-407F,13,Bubble,10.19060709
R-407F,13,Dew,9.610878334
R-407F,14,Bubble,10.48924205
R-407F,14,Dew,9.897830869
R-407F,15,Bubble,10.79376891
R-407F,15,Dew,10.19060709
R-407F,16,Bubble,11.10421891
R-407F,16,Dew,10.48924205
R-407F,17,Bubble,11.42062136
R-407F,17,Dew,10.79376891
R-407F,18,Bubble,11.7430036
R-407F,18,Dew,11.10421891
R-407F,19,Bubble,12.07139103
R-407F,19,Dew,11.42062136
R-407F,20,Bubble,12.40580704
R-407F,20,Dew,11.7430036
R-407F,21,Bubble,12.74627307
R-407F,21,Dew,12.07139103
R-407F,22,Bubble,13.09280856
R-407F,22,Dew,12.40580704
R-407F,23,Bubble,13.44543096
R-407F,23,Dew,12.74627307
R-407F,24,Bubble,13.80415573
R-407F,24,Dew,13.09280856
R-407F,25,Bubble,14.16899638
R-407F,25,Dew,13.44543096
R-407F,26,Bubble,14.53996442
R-407F,26,Dew,13.80415573
R-407F,27,Bubble,14.91706942
R-407F,27,Dew,14.16899638
R-407F,28,Bubble,15.30031901
R-407F,28,Dew,14.53996442
R-407F,29,Bubble,15.6897189
R-407F,29,Dew,14.91706942
R-407F,30,Bubble,16.08527292
R-407F,30,Dew,15.30031901
R-407F,31,Bubble,16.48698302
R-407F,31,Dew,15.6897189
R-407F,32,Bubble,16.89484932
R-407F,32,Dew,16.08527292
R-407F,33,Bubble,17.30887013
R-407F,33,Dew,16.48698302
R-407F,34,Bubble,17.72904202
R-407F,34,Dew,16.89484932
R-407F,35,Bubble,18.15535983
R-407F,35,Dew,17.30887013
R-407F,36,Bubble,18.58781672
R-407F,36,Dew,17.72904202
R-407F,37,Bubble,19.02640426
R-407F,37,Dew,18.15535983
R-407F,38,Bubble,19.47111242
R-407F,38,Dew,18.58781672
R-407F,39,Bubble,19.92192967
R-407F,39,Dew,19.02640426
R-407F,40,Bubble,20.37884305
R-407F,40,Dew,19.47111242
R-407F,41,Bubble,20.84183819
R-407F,41,Dew,19.92192967
R-407F,42,Bubble,21.31089944
R-407F,42,Dew,20.37884305
R-407F,43,Bubble,21.78600988
R-407F,43,Dew,20.84183819
R-407F,44,Bubble,22.26715145
R-407F,44,Dew,21.31089944
R-407F,45,Bubble,22.75430499
R-407F,45,Dew,21.78600988
R-407F,46,Bubble,23.24745036
R-407F,46,Dew,22.26715145
R-407F,47,Bubble,23.74656651
R-407F,47,Dew,22.75430499
R-407F,48,Bubble,24.25163156
R-407F,48,Dew,23.24745036
R-407F,49,Bubble,24.76262291
R-407F,49,Dew,23.74656651
R-407F,50,Bubble,25.27951734
R-407F,50,Dew,24.25163156
R-407F,51,Bubble,25.8022911
R-407F,51,Dew,24.76262291
R-407F,52,Bubble,26.33092004
R-407F,52,Dew,25.27951734
R-407F,53,Bubble,26.86537968
R-407F,53,Dew,25.8022911
R-407F,54,Bubble,27.40564537
R-407F,54,Dew,26.33092004
R-407F,55,Bubble,27.95169234
R-407F,55,Dew,26.86537968
R-407F,56,Bubble,28.5034959
R-407F,56,Dew,27.40564537
R-407F,57,Bubble,29.06103147
R-407F,57,Dew,27.95169234
R-407F,58,Bubble,29.6242748
R-407F,58,Dew,28.5034959
R-407F,59,Bubble,30.19320201
R-407F,59,Dew,29.06103147
R-407F,60,Bubble,30.76778978
R-407F,60,Dew,29.6242748
R-407F,61,Bubble,31.34801544
R-407F,61,Dew,30.19320201
R-407F,62,Bubble,31.93385713
R-407F,62,Dew,30.76778978
R-407F,63,Bubble,32.52529393
R-407F,63,Dew,31.34801544
R-407F,64,Bubble,33.122306
R-407F,64,Dew,31.93385713
R-407F,65,Bubble,33.72487471
R-407F,65,Dew,32.52529393
R-407F,66,Bubble,34.3329828
R-407F,66,Dew,33.122306
R-407F,67,Bubble,34.9466145
R-407F,67,Dew,33.72487471
R-407F,68,Bubble,35.56575569
R-407F,68,Dew,34.3329828
R-407F,69,Bubble,36.19039407
R-407F,69,Dew,34.9466145
R-407F,70,Bubble,36.82051926
R-407F,70,Dew,35.56575569
R-422D,-50,Bubble,0.7565952596
R-422D,-50,Dew,0.6817154767
R-422D,-49,Bubble,0.7965102591
R-422D,-49,Dew,0.7183479744
R-422D,-48,Bubble,0.8381468119
R-422D,-48,Dew,0.7565952596
R-422D,-47,Bubble,0.8815596517
R-422D,-47,Dew,0.7965102591
R-422D,-46,Bubble,0.9268043872
R-422D,-46,Dew,0.8381468119
R-422D,-45,Bubble,0.9739374817
R-422D,-45,Dew,0.8815596517
R-422D,-44,Bubble,1.023016231
R-422D,-44,Dew,0.9268043872
R-422D,-43,Bubble,1.074098738
R-422D,-43,Dew,0.9739374817
R-422D,-42,Bubble,1.12724389
R-422D,-42,Dew,1.023016231
R-422D,-41,Bubble,1.182511331
R-422D,-41,Dew,1.074098738
R-422D,-40,Bubble,1.239961432
R-422D,-40,Dew,1.12724389
R-422D,-39,Bubble,1.299655263
R-422D,-39,Dew,1.182511331
R-422D,-38,Bubble,1.361654559
R-422D,-38,Dew,1.239961432
R-422D,-37,Bubble,1.426021693
R-422D,-37,Dew,1.299655263
R-422D,-36,Bubble,1.492819636
R-422D,-36,Dew,1.361654559
R-422D,-35,Bubble,1.562111923
R-422D,-35,Dew,1.426021693
R-422D,-34,Bubble,1.633962617
R-422D,-34,Dew,1.492819636
R-422D,-33,Bubble,1.708436274
R-422D,-33,Dew,1.562111923
R-422D,-32,Bubble,1.785597895
R-422D,-32,Dew,1.633962617
R-422D,-31,Bubble,1.865512893
R-422D,-31,Dew,1.708436274
R-422D,-30,Bubble,1.948247047
R-422D,-30,Dew,1.785597895
R-422D,-29,Bubble,2.033866461
R-422D,-29,Dew,1.865512893
R-422D,-28,Bubble,2.122437516
R-422D,-28,Dew,1.948247047
R-422D,-27,Bubble,2.214026829
R-422D,-27,Dew,2.033866461
R-422D,-26,Bubble,2.308701203
R-422D,-26,Dew,2.122437516
R-422D,-25,Bubble,2.406527579
R-422D,-25,Dew,2.214026829
R-422D,-24,Bubble,2.507572992
R-422D,-24,Dew,2.308701203
R-422D,-23,Bubble,2.611904514
R-422D,-23,Dew,2.406527579
R-422D,-22,Bubble,2.719589212
R-422D,-22,Dew,2.507572992
R-422D,-21,Bubble,2.83069409
R-422D,-21,Dew,2.611904514
R-422D,-20,Bubble,2.945286042
R-422D,-20,Dew,2.719589212
R-422D,-19,Bubble,3.063431797
R-422D,-19,Dew,2.83069409
R-422D,-18,Bubble,3.185197866
R-422D,-18,Dew,2.945286042
R-422D,-17,Bubble,3.310650491
R-422D,-17,Dew,3.063431797
R-422D,-16,Bubble,3.439855587
R-422D,-16,Dew,3.185197866
R-422D,-15,Bubble,3.572878693
R-422D,-15,Dew,3.310650491
R-422D,-14,Bubble,3.709784912
R-422D,-14,Dew,3.439855587
R-422D,-13,Bubble,3.850638864
R-422D,-13,Dew,3.572878693
R-422D,-12,Bubble,3.995504621
R-422D,-12,Dew,3.709784912
R-422D,-11,Bubble,4.144445662
R-422D,-11,Dew,3.850638864
R-422D,-10,Bubble,4.297524815
R-422D,-10,Dew,3.995504621
R-422D,-9,Bubble,4.454804199
R-422D,-9,Dew,4.144445662
R-422D,-8,Bubble,4.616345177
R-422D,-8,Dew,4.297524815
R-422D,-7,Bubble,4.782208298
R-422D,-7,Dew,4.454804199
R-422D,-6,Bubble,4.952453242
R-422D,-6,Dew,4.616345177
R-422D,-5,Bubble,5.127138774
R-422D,-5,Dew,4.782208298
R-422D,-4,Bubble,5.306322687
R-422D,-4,Dew,4.952453242
R-422D,-3,Bubble,5.49006175
R-422D,-3,Dew,5.127138774
R-422D,-2,Bubble,5.678411664
R-422D,-2,Dew,5.306322687
R-422D,-1,Bubble,5.871427006
R-422D,-1,Dew,5.49006175
R-422D,0,Bubble,6.069161184
R-422D,0,Dew,5.678411664
R-422D,1,Bubble,6.271666391
R-422D,1,Dew,5.871427006
R-422D,2,Bubble,6.478993556
R-422D,2,Dew,6.069161184
R-422D,3,Bubble,6.691192304
R-422D,3,Dew,6.271666391
R-422D,4,Bubble,6.908310908
R-422D,4,Dew,6.478993556
R-422D,5,Bubble,7.130396252
R-422D,5,Dew,6.691192304
R-422D,6,Bubble,7.357493791
R-422D,6,Dew,6.908310908
R-422D,7,Bubble,7.589647509
R-422D,7,Dew,7.130396252
R-422D,8,Bubble,7.82689989
R-422D,8,Dew,7.357493791
R-422D,9,Bubble,8.069291875
R-422D,9,Dew,7.589647509
R-422D,10,Bubble,8.316862839
R-422D,10,Dew,7.82689989
R-422D,11,Bubble,8.569650556
R-422D,11,Dew,8.069291875
R-422D,12,Bubble,8.827691171
R-422D,12,Dew,8.316862839
R-422D,13,Bubble,9.09101918
R-422D,13,Dew,8.569650556
R-422D,14,Bubble,9.359667399
R-422D,14,Dew,8.827691171
R-422D,15,Bubble,9.633666952
R-422D,15,Dew,9.09101918
R-422D,16,Bubble,9.913047247
R-422D,16,Dew,9.359667399
R-422D,17,Bubble,10.19783597
R-422D,17,Dew,9.633666952
R-422D,18,Bubble,10.48805905
R-422D,18,Dew,9.913047247
R-422D,19,Bubble,10.78374068
R-422D,19,Dew,10.19783597
R-422D,20,Bubble,11.08490329
R-422D,20,Dew,10.48805905
R-422D,21,Bubble,11.39156756
R-422D,21,Dew,10.78374068
R-422D,22,Bubble,11.7037524
R-422D,22,Dew,11.08490329
R-422D,23,Bubble,12.02147495
R-422D,23,Dew,11.39156756
R-422D,24,Bubble,12.34475062
R-422D,24,Dew,11.7037524
R-422D,25,Bubble,12.67359306
R-422D,25,Dew,12.02147495
R-422D,26,Bubble,13.00801419
R-422D,26,Dew,12.34475062
R-422D,27,Bubble,13.34802423
R-422D,27,Dew,12.67359306
R-422D,28,Bubble,13.69363167
R-422D,28,Dew,13.00801419
R-422D,29,Bubble,14.04484336
R-422D,29,Dew,13.34802423
R-422D,30,Bubble,14.40166448
R-422D,30,Dew,13.69363167
R-422D,31,Bubble,14.76409859
R-422D,31,Dew,14.04484336
R-422D,32,Bubble,15.13214768
R-422D,32,Dew,14.40166448
R-422D,33,Bubble,15.50581216
R-422D,33,Dew,14.76409859
R-422D,34,Bubble,15.88509096
R-422D,34,Dew,15.13214768
R-422D,35,Bubble,16.26998152
R-422D,35,Dew,15.50581216
R-422D,36,Bubble,16.66047988
R-422D,36,Dew,15.88509096
R-422D,37,Bubble,17.05658068
R-422D,37,Dew,16.26998152
R-422D,38,Bubble,17.45827726
R-422D,38,Dew,16.66047988
R-422D,39,Bubble,17.86556173
R-422D,39,Dew,17.05658068
R-422D,40,Bubble,18.27842495
R-422D,40,Dew,17.45827726
R-422D,41,Bubble,18.69685669
R-422D,41,Dew,17.86556173
R-422D,42,Bubble,19.12084564
R-422D,42,Dew,18.27842495
R-422D,43,Bubble,19.55037951
R-422D,43,Dew,18.69685669
R-422D,44,Bubble,19.98544508
R-422D,44,Dew,19.12084564
R-422D,45,Bubble,20.4260283
R-422D,45,Dew,19.55037951
R-422D,46,Bubble,20.87211437
R-422D,46,Dew,19.98544508
R-422D,47,Bubble,21.32368782
R-422D,47,Dew,20.4260283
R-422D,48,Bubble,21.78073261
R-422D,48,Dew,20.87211437
R-422D,49,Bubble,22.2432322
R-422D,49,Dew,21.32368782
R-422D,50,Bubble,22.71116967
R-422D,50,Dew,21.78073261
R-422D,51,Bubble,23.18452781
R-422D,51,Dew,22.2432322
R-422D,52,Bubble,23.6632892
R-422D,52,Dew,22.71116967
R-422D,53,Bubble,24.14743638
R-422D,53,Dew,23.18452781
R-422D,54,Bubble,24.63695187
R-422D,54,Dew,23.6632892
R-422D,55,Bubble,25.13181835
R-422D,55,Dew,24.14743638
R-422D,56,Bubble,25.63201874
R-422D,56,Dew,24.63695187
R-422D,57,Bubble,26.13753633
R-422D,57,Dew,25.13181835
R-422D,58,Bubble,26.64835489
R-422D,58,Dew,25.63201874
R-422D,59,Bubble,27.1644588
R-422D,59,Dew,26.13753633
R-422D,60,Bubble,27.68583316
R-422D,60,Dew,26.64835489
R-422D,61,Bubble,28.21246395
R-422D,61,Dew,27.1644588
R-422D,62,Bubble,28.7443381
R-422D,62,Dew,27.68583316
R-422D,63,Bubble,29.28144368
R-422D,63,Dew,28.21246395
R-422D,64,Bubble,29.82377
R-422D,64,Dew,28.7443381
R-422D,65,Bubble,30.37130773
R-422D,65,Dew,29.28144368
R-422D,66,Bubble,30.92404908
R-422D,66,Dew,29.82377
R-422D,67,Bubble,31.4819879
R-422D,67,Dew,30.37130773
R-422D,68,Bubble,32.04511985
R-422D,68,Dew,30.92404908
R-422D,69,Bubble,32.61344248
R-422D,69,Dew,31.4819879
R-422D,70,Bubble,33.18695545
R-422D,70,Dew,32.04511985
R-427A,-50,Bubble,0.7481608956
R-427A,-50,Dew,0.6740702558
R-427A,-49,Bubble,0.7876641252
R-427A,-49,Dew,0.7103139826
R-427A,-48,Bubble,0.8288777624
R-427A,-48,Dew,0.7481608956
R-427A,-47,Bubble,0.8718568439
R-427A,-47,Dew,0.7876641252
R-427A,-46,Bubble,0.9166573355
R-427A,-46,Dew,0.8288777624
R-427A,-45,Bubble,0.9633361136
R-427A,-45,Dew,0.8718568439
R-427A,-44,Bubble,1.011950946
R-427A,-44,Dew,0.9166573355
R-427A,-43,Bubble,1.062560472
R-427A,-43,Dew,0.9633361136
R-427A,-42,Bubble,1.115224178
R-427A,-42,Dew,1.011950946
R-427A,-41,Bubble,1.170002372
R-427A,-41,Dew,1.062560472
R-427A,-40,Bubble,1.226956164
R-427A,-40,Dew,1.115224178
R-427A,-39,Bubble,1.286147433
R-427A,-39,Dew,1.170002372
R-427A,-38,Bubble,1.347638801
R-427A,-38,Dew,1.226956164
R-427A,-37,Bubble,1.411493603
R-427A,-37,Dew,1.286147433
R-427A,-36,Bubble,1.477775854
R-427A,-36,Dew,1.347638801
R-427A,-35,Bubble,1.54655022
R-427A,-35,Dew,1.411493603
R-427A,-34,Bubble,1.617881977
R-427A,-34,Dew,1.477775854
R-427A,-33,Bubble,1.691836984
R-427A,-33,Dew,1.54655022
R-427A,-32,Bubble,1.768481637
R-427A,-32,Dew,1.617881977
R-427A,-31,Bubble,1.847882836
R-427A,-31,Dew,1.691836984
R-427A,-30,Bubble,1.930107945
R-427A,-30,Dew,1.768481637
R-427A,-29,Bubble,2.015224749
R-427A,-29,Dew,1.847882836
R-427A,-28,Bubble,2.103301411
R-427A,-28,Dew,1.930107945
R-427A,-27,Bubble,2.194406433
R-427A,-27,Dew,2.015224749
R-427A,-26,Bubble,2.288608606
R-427A,-26,Dew,2.103301411
R-427A,-25,Bubble,2.385976966
R-427A,-25,Dew,2.194406433
R-427A,-24,Bubble,2.486580748
R-427A,-24,Dew,2.288608606
R-427A,-23,Bubble,2.590489339
R-427A,-23,Dew,2.385976966
R-427A,-22,Bubble,2.697772225
R-427A,-22,Dew,2.486580748
R-427A,-21,Bubble,2.808498945
R-427A,-21,Dew,2.590489339
R-427A,-20,Bubble,2.92273904
R-427A,-20,Dew,2.697772225
R-427A,-19,Bubble,3.040561999
R-427A,-19,Dew,2.808498945
R-427A,-18,Bubble,3.162037208
R-427A,-18,Dew,2.92273904
R-427A,-17,Bubble,3.2872339
R-427A,-17,Dew,3.040561999
R-427A,-16,Bubble,3.416221096
R-427A,-16,Dew,3.162037208
R-427A,-15,Bubble,3.549067555
R-427A,-15,Dew,3.2872339
R-427A,-14,Bubble,3.68584172
R-427A,-14,Dew,3.416221096
R-427A,-13,Bubble,3.82661166
R-427A,-13,Dew,3.549067555
R-427A,-12,Bubble,3.971445017
R-427A,-12,Dew,3.68584172
R-427A,-11,Bubble,4.120408952
R-427A,-11,Dew,3.82661166
R-427A,-10,Bubble,4.273570084
R-427A,-10,Dew,3.971445017
R-427A,-9,Bubble,4.430994442
R-427A,-9,Dew,4.120408952
R-427A,-8,Bubble,4.592747405
R-427A,-8,Dew,4.273570084
R-427A,-7,Bubble,4.758893646
R-427A,-7,Dew,4.430994442
R-427A,-6,Bubble,4.929497081
R-427A,-6,Dew,4.592747405
R-427A,-5,Bubble,5.104620809
R-427A,-5,Dew,4.758893646
R-427A,-4,Bubble,5.284327063
R-427A,-4,Dew,4.929497081
R-427A,-3,Bubble,5.46867715
R-427A,-3,Dew,5.104620809
R-427A,-2,Bubble,5.657731404
R-427A,-2,Dew,5.284327063
R-427A,-1,Bubble,5.851549129
R-427A,-1,Dew,5.46867715
R-427A,0,Bubble,6.050188548
R-427A,0,Dew,5.657731404
R-427A,1,Bubble,6.253706753
R-427A,1,Dew,5.851549129
R-427A,2,Bubble,6.462159655
R-427A,2,Dew,6.050188548
R-427A,3,Bubble,6.675601933
R-427A,3,Dew,6.253706753
R-427A,4,Bubble,6.894086987
R-427A,4,Dew,6.462159655
R-427A,5,Bubble,7.117666896
R-427A,5,Dew,6.675601933
R-427A,6,Bubble,7.346392364
R-427A,6,Dew,6.894086987
R-427A,7,Bubble,7.580312683
R-427A,7,Dew,7.117666896
R-427A,8,Bubble,7.819475689
R-427A,8,Dew,7.346392364
R-427A,9,Bubble,8.063927721
R-427A,9,Dew,7.580312683
R-427A,10,Bubble,8.313713582
R-427A,10,Dew,7.819475689
R-427A,11,Bubble,8.568876504
R-427A,11,Dew,8.063927721
R-427A,12,Bubble,8.829458108
R-427A,12,Dew,8.313713582
R-427A,13,Bubble,9.095498377
R-427A,13,Dew,8.568876504
R-427A,14,Bubble,9.367035622
R-427A,14,Dew,8.829458108
R-427A,15,Bubble,9.644106452
R-427A,15,Dew,9.095498377
R-427A,16,Bubble,9.926745751
R-427A,16,Dew,9.367035622
R-427A,17,Bubble,10.21498665
R-427A,17,Dew,9.644106452
R-427A,18,Bubble,10.50886051
R-427A,18,Dew,9.926745751
R-427A,19,Bubble,10.80839689
R-427A,19,Dew,10.21498665
R-427A,20,Bubble,11.11362355
R-427A,20,Dew,10.50886051
R-427A,21,Bubble,11.42456644
R-427A,21,Dew,10.80839689
R-427A,22,Bubble,11.74124965
R-427A,22,Dew,11.11362355
R-427A,23,Bubble,12.06369544
R-427A,23,Dew,11.42456644
R-427A,24,Bubble,12.39192423
R-427A,24,Dew,11.74124965
R-427A,25,Bubble,12.72595458
R-427A,25,Dew,12.06369544
R-427A,26,Bubble,13.06580321
R-427A,26,Dew,12.39192423
R-427A,27,Bubble,13.41148499
R-427A,27,Dew,12.72595458
R-427A,28,Bubble,13.76301296
R-427A,28,Dew,13.06580321
R-427A,29,Bubble,14.12039831
R-427A,29,Dew,13.41148499
R-427A,30,Bubble,14.48365044
R-427A,30,Dew,13.76301296
R-427A,31,Bubble,14.85277694
R-427A,31,Dew,14.12039831
R-427A,32,Bubble,15.22778363
R-427A,32,Dew,14.48365044
R-427A,33,Bubble,15.60867457
R-427A,33,Dew,14.85277694
R-427A,34,Bubble,15.99545209
R-427A,34,Dew,15.22778363
R-427A,35,Bubble,16.38811683
R-427A,35,Dew,15.60867457
R-427A,36,Bubble,16.78666775
R-427A,36,Dew,15.99545209
R-427A,37,Bubble,17.19110221
R-427A,37,Dew,16.38811683
R-427A,38,Bubble,17.60141597
R-427A,38,Dew,16.78666775
R-427A,39,Bubble,18.01760325
R-427A,39,Dew,17.19110221
R-427A,40,Bubble,18.43965676
R-427A,40,Dew,17.60141597
R-427A,41,Bubble,18.8675678
R-427A,41,Dew,18.01760325
R-427A,42,Bubble,19.30132625
R-427A,42,Dew,18.43965676
R-427A,43,Bubble,19.7409207
R-427A,43,Dew,18.8675678
R-427A,44,Bubble,20.18633844
R-427A,44,Dew,19.30132625
R-427A,45,Bubble,20.63756556
R-427A,45,Dew,19.7409207
R-427A,46,Bubble,21.09458704
R-427A,46,Dew,20.18633844
R-427A,47,Bubble,21.55738678
R-427A,47,Dew,20.63756556
R-427A,48,Bubble,22.0259477
R-427A,48,Dew,21.09458704
R-427A,49,Bubble,22.50025183
R-427A,49,Dew,21.55738678
R-427A,50,Bubble,22.98028036
R-427A,50,Dew,22.0259477
R-427A,51,Bubble,23.46601375
R-427A,51,Dew,22.50025183
R-427A,52,Bubble,23.95743181
R-427A,52,Dew,22.98028036
R-427A,53,Bubble,24.45451381
R-427A,53,Dew,23.46601375
R-427A,54,Bubble,24.95723855
R-427A,54,Dew,23.95743181
R-427A,55,Bubble,25.46558446
R-427A,55,Dew,24.45451381
R-427A,56,Bubble,25.97952973
R-427A,56,Dew,24.95723855
R-427A,57,Bubble,26.49905239
R-427A,57,Dew,25.46558446
R-427A,58,Bubble,27.02413043
R-427A,58,Dew,25.97952973
R-427A,59,Bubble,27.5547419
R-427A,59,Dew,26.49905239
R-427A,60,Bubble,28.09086502
R-427A,60,Dew,27.02413043
R-427A,61,Bubble,28.63247833
R-427A,61,Dew,27.5547419
R-427A,62,Bubble,29.17956075
R-427A,62,Dew,28.09086502
R-427A,63,Bubble,29.73209176
R-427A,63,Dew,28.63247833
R-427A,64,Bubble,30.2900515
R-427A,64,Dew,29.17956075
R-427A,65,Bubble,30.85342085
R-427A,65,Dew,29.73209176
R-427A,66,Bubble,31.42218166
R-427A,66,Dew,30.2900515
R-427A,67,Bubble,31.99631677
R-427A,67,Dew,30.85342085
R-427A,68,Bubble,32.57581022
R-427A,68,Dew,31.42218166
R-427A,69,Bubble,33.16064734
R-427A,69,Dew,31.99631677
R-427A,70,Bubble,33.75081491
R-427A,70,Dew,32.57581022
R-448A,-50,Bubble,0.860243644
R-448A,-50,Dew,0.77602194
R-448A,-49,Bubble,0.9051049373
R-448A,-49,Dew,0.8172353496
R-448A,-48,Bubble,0.9518783333
R-448A,-48,Dew,0.860243644
R-448A,-47,Bubble,1.000623906
R-448A,-47,Dew,0.9051049373
R-448A,-46,Bubble,1.051402679
R-448A,-46,Dew,0.9518783333
R-448A,-45,Bubble,1.104276602
R-448A,-45,Dew,1.000623906
R-448A,-44,Bubble,1.15930853
R-448A,-44,Dew,1.051402679
R-448A,-43,Bubble,1.216562195
R-448A,-43,Dew,1.104276602
R-448A,-42,Bubble,1.276102179
R-448A,-42,Dew,1.15930853
R-448A,-41,Bubble,1.337993885
R-448A,-41,Dew,1.216562195
R-448A,-40,Bubble,1.402303511
R-448A,-40,Dew,1.276102179
R-448A,-39,Bubble,1.46909801
R-448A,-39,Dew,1.337993885
R-448A,-38,Bubble,1.538445064
R-448A,-38,Dew,1.402303511
R-448A,-37,Bubble,1.610413046
R-448A,-37,Dew,1.46909801
R-448A,-36,Bubble,1.68507098
R-448A,-36,Dew,1.538445064
R-448A,-35,Bubble,1.762488511
R-448A,-35,Dew,1.610413046
R-448A,-34,Bubble,1.842735856
R-448A,-34,Dew,1.68507098
R-448A,-33,Bubble,1.925883771
R-448A,-33,Dew,1.762488511
R-448A,-32,Bubble,2.012003502
R-448A,-32,Dew,1.842735856
R-448A,-31,Bubble,2.101166747
R-448A,-31,Dew,1.925883771
R-448A,-30,Bubble,2.193445604
R-448A,-30,Dew,2.012003502
R-448A,-29,Bubble,2.288912533
R-448A,-29,Dew,2.101166747
R-448A,-28,Bubble,2.387640299
R-448A,-28,Dew,2.193445604
R-448A,-27,Bubble,2.489701929
R-448A,-27,Dew,2.288912533
R-448A,-26,Bubble,2.595170661
R-448A,-26,Dew,2.387640299
R-448A,-25,Bubble,2.704119892
R-448A,-25,Dew,2.489701929
R-448A,-24,Bubble,2.816623123
R-448A,-24,Dew,2.595170661
R-448A,-23,Bubble,2.93275391
R-448A,-23,Dew,2.704119892
R-448A,-22,Bubble,3.052585807
R-448A,-22,Dew,2.816623123
R-448A,-21,Bubble,3.176192313
R-448A,-21,Dew,2.93275391
R-448A,-20,Bubble,3.303646813
R-448A,-20,Dew,3.052585807
R-448A,-19,Bubble,3.435022523
R-448A,-19,Dew,3.176192313
R-448A,-18,Bubble,3.570392434
R-448A,-18,Dew,3.303646813
R-448A,-17,Bubble,3.709829252
R-448A,-17,Dew,3.435022523
R-448A,-16,Bubble,3.85340534
R-448A,-16,Dew,3.570392434
R-448A,-15,Bubble,4.001192659
R-448A,-15,Dew,3.709829252
R-448A,-14,Bubble,4.153262712
R-448A,-14,Dew,3.85340534
R-448A,-13,Bubble,4.309686479
R-448A,-13,Dew,4.001192659
R-448A,-12,Bubble,4.470534362
R-448A,-12,Dew,4.153262712
R-448A,-11,Bubble,4.635876124
R-448A,-11,Dew,4.309686479
R-448A,-10,Bubble,4.80578083
R-448A,-10,Dew,4.470534362
R-448A,-9,Bubble,4.980316786
R-448A,-9,Dew,4.635876124
R-448A,-8,Bubble,5.15955148
R-448A,-8,Dew,4.80578083
R-448A,-7,Bubble,5.343551527
R-448A,-7,Dew,4.980316786
R-448A,-6,Bubble,5.532382604
R-448A,-6,Dew,5.15955148
R-448A,-5,Bubble,5.726109398
R-448A,-5,Dew,5.343551527
R-448A,-4,Bubble,5.924795544
R-448A,-4,Dew,5.532382604
R-448A,-3,Bubble,6.128503574
R-448A,-3,Dew,5.726109398
R-448A,-2,Bubble,6.337294853
R-448A,-2,Dew,5.924795544
R-448A,-1,Bubble,6.551229534
R-448A,-1,Dew,6.128503574
R-448A,0,Bubble,6.770366496
R-448A,0,Dew,6.337294853
R-448A,1,Bubble,6.994763295
R-448A,1,Dew,6.551229534
R-448A,2,Bubble,7.224476111
R-448A,2,Dew,6.770366496
R-448A,3,Bubble,7.459559702
R-448A,3,Dew,6.994763295
R-448A,4,Bubble,7.700067348
R-448A,4,Dew,7.224476111
R-448A,5,Bubble,7.946050812
R-448A,5,Dew,7.459559702
R-448A,6,Bubble,8.197560286
R-448A,6,Dew,7.700067348
R-448A,7,Bubble,8.454644357
R-448A,7,Dew,7.946050812
R-448A,8,Bubble,8.717349956
R-448A,8,Dew,8.197560286
R-448A,9,Bubble,8.985722323
R-448A,9,Dew,8.454644357
R-448A,10,Bubble,9.259804969
R-448A,10,Dew,8.717349956
R-448A,11,Bubble,9.539639638
R-448A,11,Dew,8.985722323
R-448A,12,Bubble,9.825266276
R-448A,12,Dew,9.259804969
R-448A,13,Bubble,10.116723
R-448A,13,Dew,9.539639638
R-448A,14,Bubble,10.41404606
R-448A,14,Dew,9.825266276
R-448A,15,Bubble,10.71726984
R-448A,15,Dew,10.116723
R-448A,16,Bubble,11.02642679
R-448A,16,Dew,10.41404606
R-448A,17,Bubble,11.34154746
R-448A,17,Dew,10.71726984
R-448A,18,Bubble,11.66266042
R-448A,18,Dew,11.02642679
R-448A,19,Bubble,11.98979231
R-448A,19,Dew,11.34154746
R-448A,20,Bubble,12.32296777
R-448A,20,Dew,11.66266042
R-448A,21,Bubble,12.66220946
R-448A,21,Dew,11.98979231
R-448A,22,Bubble,13.00753808
R-448A,22,Dew,12.32296777
R-448A,23,Bubble,13.35897229
R-448A,23,Dew,12.66220946
R-448A,24,Bubble,13.71652879
R-448A,24,Dew,13.00753808
R-448A,25,Bubble,14.08022229
R-448A,25,Dew,13.35897229
R-448A,26,Bubble,14.45006551
R-448A,26,Dew,13.71652879
R-448A,27,Bubble,14.82606919
R-448A,27,Dew,14.08022229
R-448A,28,Bubble,15.20824214
R-448A,28,Dew,14.45006551
R-448A,29,Bubble,15.59659121
R-448A,29,Dew,14.82606919
R-448A,30,Bubble,15.99112133
R-448A,30,Dew,15.20824214
R-448A,31,Bubble,16.39183556
R-448A,31,Dew,15.59659121
R-448A,32,Bubble,16.79873506
R-448A,32,Dew,15.99112133
R-448A,33,Bubble,17.21181919
R-448A,33,Dew,16.39183556
R-448A,34,Bubble,17.63108549
R-448A,34,Dew,16.79873506
R-448A,35,Bubble,18.05652976
R-448A,35,Dew,17.21181919
R-448A,36,Bubble,18.48814607
R-448A,36,Dew,17.63108549
R-448A,37,Bubble,18.92592684
R-448A,37,Dew,18.05652976
R-448A,38,Bubble,19.36986285
R-448A,38,Dew,18.48814607
R-448A,39,Bubble,19.81994334
R-448A,39,Dew,18.92592684
R-448A,40,Bubble,20.27615604
R-448A,40,Dew,19.36986285
R-448A,41,Bubble,20.73848724
R-448A,41,Dew,19.81994334
R-448A,42,Bubble,21.20692184
R-448A,42,Dew,20.27615604
R-448A,43,Bubble,21.68144347
R-448A,43,Dew,20.73848724
R-448A,44,Bubble,22.16203448
R-448A,44,Dew,21.20692184
R-448A,45,Bubble,22.64867612
R-448A,45,Dew,21.68144347
R-448A,46,Bubble,23.14134852
R-448A,46,Dew,22.16203448
R-448A,47,Bubble,23.64003084
R-448A,47,Dew,22.64867612
R-448A,48,Bubble,24.14470134
R-448A,48,Dew,23.14134852
R-448A,49,Bubble,24.65533748
R-448A,49,Dew,23.64003084
R-448A,50,Bubble,25.17191598
R-448A,50,Dew,24.14470134
R-448A,51,Bubble,25.69441298
R-448A,51,Dew,24.65533748
R-448A,52,Bubble,26.22280406
R-448A,52,Dew,25.17191598
R-448A,53,Bubble,26.75706444
R-448A,53,Dew,25.69441298
R-448A,54,Bubble,27.29716902
R-448A,54,Dew,26.22280406
R-448A,55,Bubble,27.84309249
R-448A,55,Dew,26.75706444
R-448A,56,Bubble,28.39480952
R-448A,56,Dew,27.29716902
R-448A,57,Bubble,28.95229477
R-448A,57,Dew,27.84309249
R-448A,58,Bubble,29.51552311
R-448A,58,Dew,28.39480952
R-448A,59,Bubble,30.08446967
R-448A,59,Dew,28.95229477
R-448A,60,Bubble,30.65911001
R-448A,60,Dew,29.51552311
R-448A,61,Bubble,31.23942022
R-448A,61,Dew,30.08446967
R-448A,62,Bubble,31.82537709
R-448A,62,Dew,30.65911001
R-448A,63,Bubble,32.41695821
R-448A,63,Dew,31.23942022
R-448A,64,Bubble,33.0141421
R-448A,64,Dew,31.82537709
R-448A,65,Bubble,33.61690839
R-448A,65,Dew,32.41695821
R-448A,66,Bubble,34.22523791
R-448A,66,Dew,33.0141421
R-448A,67,Bubble,34.83911287
R-448A,67,Dew,33.61690839
R-448A,68,Bubble,35.45851698
R-448A,68,Dew,34.22523791
R-448A,69,Bubble,36.08343561
R-448A,69,Dew,34.83911287
R-448A,70,Bubble,36.71385595
R-448A,70,Dew,35.45851698
R-449A,-50,Bubble,0.8653210374
R-449A,-50,Dew,0.7806404311
R-449A,-49,Bubble,0.9104243064
R-449A,-49,Dew,0.8220791694
R-449A,-48,Bubble,0.9574482324
R-449A,-48,Dew,0.8653210374
R-449A,-47,Bubble,1.006453037
R-449A,-47,Dew,0.9104243064
R-449A,-46,Bubble,1.057499888
R-449A,-46,Dew,0.9574482324
R-449A,-45,Bubble,1.110650871
R-449A,-45,Dew,1.006453037
R-449A,-44,Bubble,1.165968973
R-449A,-44,Dew,1.057499888
R-449A,-43,Bubble,1.22351805
R-449A,-43,Dew,1.110650871
R-449A,-42,Bubble,1.283362803
R-449A,-42,Dew,1.165968973
R-449A,-41,Bubble,1.345568745
R-449A,-41,Dew,1.22351805
R-449A,-40,Bubble,1.410202177
R-449A,-40,Dew,1.283362803
R-449A,-39,Bubble,1.477330146
R-449A,-39,Dew,1.345568745
R-449A,-38,Bubble,1.547020421
R-449A,-38,Dew,1.410202177
R-449A,-37,Bubble,1.61934145
R-449A,-37,Dew,1.477330146
R-449A,-36,Bubble,1.694362326
R-449A,-36,Dew,1.547020421
R-449A,-35,Bubble,1.772152749
R-449A,-35,Dew,1.61934145
R-449A,-34,Bubble,1.852782983
R-449A,-34,Dew,1.694362326
R-449A,-33,Bubble,1.936323819
R-449A,-33,Dew,1.772152749
R-449A,-32,Bubble,2.022846529
R-449A,-32,Dew,1.852782983
R-449A,-31,Bubble,2.112422819
R-449A,-31,Dew,1.936323819
R-449A,-30,Bubble,2.20512479
R-449A,-30,Dew,2.022846529
R-449A,-29,Bubble,2.301024887
R-449A,-29,Dew,2.112422819
R-449A,-28,Bubble,2.400195849
R-449A,-28,Dew,2.20512479
R-449A,-27,Bubble,2.502710665
R-449A,-27,Dew,2.301024887
R-449A,-26,Bubble,2.608642517
R-449A,-26,Dew,2.400195849
R-449A,-25,Bubble,2.718064733
R-449A,-25,Dew,2.502710665
R-449A,-24,Bubble,2.831050733
R-449A,-24,Dew,2.608642517
R-449A,-23,Bubble,2.947673975
R-449A,-23,Dew,2.718064733
R-449A,-22,Bubble,3.068007899
R-449A,-22,Dew,2.831050733
R-449A,-21,Bubble,3.192125875
R-449A,-21,Dew,2.947673975
R-449A,-20,Bubble,3.320101143
R-449A,-20,Dew,3.068007899
R-449A,-19,Bubble,3.452006759
R-449A,-19,Dew,3.192125875
R-449A,-18,Bubble,3.587915534
R-449A,-18,Dew,3.320101143
R-449A,-17,Bubble,3.72789998
R-449A,-17,Dew,3.452006759
R-449A,-16,Bubble,3.872032249
R-449A,-16,Dew,3.587915534
R-449A,-15,Bubble,4.020384075
R-449A,-15,Dew,3.72789998
R-449A,-14,Bubble,4.173026712
R-449A,-14,Dew,3.872032249
R-449A,-13,Bubble,4.33003088
R-449A,-13,Dew,4.020384075
R-449A,-12,Bubble,4.491466698
R-449A,-12,Dew,4.173026712
R-449A,-11,Bubble,4.657403632
R-449A,-11,Dew,4.33003088
R-449A,-10,Bubble,4.82791043
R-449A,-10,Dew,4.491466698
R-449A,-9,Bubble,5.003055066
R-449A,-9,Dew,4.657403632
R-449A,-8,Bubble,5.182904676
R-449A,-8,Dew,4.82791043
R-449A,-7,Bubble,5.367525506
R-449A,-7,Dew,5.003055066
R-449A,-6,Bubble,5.556982848
R-449A,-6,Dew,5.182904676
R-449A,-5,Bubble,5.751340986
R-449A,-5,Dew,5.367525506
R-449A,-4,Bubble,5.950663135
R-449A,-4,Dew,5.556982848
R-449A,-3,Bubble,6.155011388
R-449A,-3,Dew,5.751340986
R-449A,-2,Bubble,6.364446659
R-449A,-2,Dew,5.950663135
R-449A,-1,Bubble,6.579028629
R-449A,-1,Dew,6.155011388
R-449A,0,Bubble,6.798815691
R-449A,0,Dew,6.364446659
R-449A,1,Bubble,7.0238649
R-449A,1,Dew,6.579028629
R-449A,2,Bubble,7.25423192
R-449A,2,Dew,6.798815691
R-449A,3,Bubble,7.489970975
R-449A,3,Dew,7.0238649
R-449A,4,Bubble,7.731134802
R-449A,4,Dew,7.25423192
R-449A,5,Bubble,7.977774602
R-449A,5,Dew,7.489970975
R-449A,6,Bubble,8.229939995
R-449A,6,Dew,7.731134802
R-449A,7,Bubble,8.487678983
R-449A,7,Dew,7.977774602
R-449A,8,Bubble,8.751037898
R-449A,8,Dew,8.229939995
R-449A,9,Bubble,9.020061374
R-449A,9,Dew,8.487678983
R-449A,10,Bubble,9.294792301
R-449A,10,Dew,8.751037898
R-449A,11,Bubble,9.575271797
R-449A,11,Dew,9.020061374
R-449A,12,Bubble,9.86153917
R-449A,12,Dew,9.294792301
R-449A,13,Bubble,10.15363189
R-449A,13,Dew,9.575271797
R-449A,14,Bubble,10.45158556
R-449A,14,Dew,9.86153917
R-449A,15,Bubble,10.7554339
R-449A,15,Dew,10.15363189
R-449A,16,Bubble,11.06520871
R-449A,16,Dew,10.45158556
R-449A,17,Bubble,11.38093985
R-449A,17,Dew,10.7554339
R-449A,18,Bubble,11.70265524
R-449A,18,Dew,11.06520871
R-449A,19,Bubble,12.03038084
R-449A,19,Dew,11.38093985
R-449A,20,Bubble,12.36414062
R-449A,20,Dew,11.70265524
R-449A,21,Bubble,12.70395658
R-449A,21,Dew,12.03038084
R-449A,22,Bubble,13.04984873
R-449A,22,Dew,12.36414062
R-449A,23,Bubble,13.40183508
R-449A,23,Dew,12.70395658
R-449A,24,Bubble,13.75993168
R-449A,24,Dew,13.04984873
R-449A,25,Bubble,14.12415256
R-449A,25,Dew,13.40183508
R-449A,26,Bubble,14.49450981
R-449A,26,Dew,13.75993168
R-449A,27,Bubble,14.87101353
R-449A,27,Dew,14.12415256
R-449A,28,Bubble,15.25367189
R-449A,28,Dew,14.49450981
R-449A,29,Bubble,15.64249114
R-449A,29,Dew,14.87101353
R-449A,30,Bubble,16.03747561
R-449A,30,Dew,15.25367189
R-449A,31,Bubble,16.43862776
R-449A,31,Dew,15.64249114
R-449A,32,Bubble,16.84594819
R-449A,32,Dew,16.03747561
R-449A,33,Bubble,17.2594357
R-449A,33,Dew,16.43862776
R-449A,34,Bubble,17.67908732
R-449A,34,Dew,16.84594819
R-449A,35,Bubble,18.10489831
R-449A,35,Dew,17.2594357
R-449A,36,Bubble,18.53686227
R-449A,36,Dew,17.67908732
R-449A,37,Bubble,18.97497115
R-449A,37,Dew,18.10489831
R-449A,38,Bubble,19.41921532
R-449A,38,Dew,18.53686227
R-449A,39,Bubble,19.86958359
R-449A,39,Dew,18.97497115
R-449A,40,Bubble,20.32606332
R-449A,40,Dew,19.41921532
R-449A,41,Bubble,20.78864046
R-449A,41,Dew,19.86958359
R-449A,42,Bubble,21.25729961
R-449A,42,Dew,20.32606332
R-449A,43,Bubble,21.7320241
R-449A,43,Dew,20.78864046
R-449A,44,Bubble,22.21279608
R-449A,44,Dew,21.25729961
R-449A,45,Bubble,22.69959658
R-449A,45,Dew,21.7320241
R-449A,46,Bubble,23.19240558
R-449A,46,Dew,22.21279608
R-449A,47,Bubble,23.69120214
R-449A,47,Dew,22.69959658
R-449A,48,Bubble,24.19596445
R-449A,48,Dew,23.19240558
R-449A,49,Bubble,24.70666994
R-449A,49,Dew,23.69120214
R-449A,50,Bubble,25.22329536
R-449A,50,Dew,24.19596445
R-449A,51,Bubble,25.74581693
R-449A,51,Dew,24.70666994
R-449A,52,Bubble,26.27421038
R-449A,52,Dew,25.22329536
R-449A,53,Bubble,26.80845109
R-449A,53,Dew,25.74581693
R-449A,54,Bubble,27.3485142
R-449A,54,Dew,26.27421038
R-449A,55,Bubble,27.89437473
R-449A,55,Dew,26.80845109
R-449A,56,Bubble,28.44600766
R-449A,56,Dew,27.3485142
R-449A,57,Bubble,29.00338811
R-449A,57,Dew,27.89437473
R-449A,58,Bubble,29.56649139
R-449A,58,Dew,28.44600766
R-449A,59,Bubble,30.13529319
R-449A,59,Dew,29.00338811
R-449A,60,Bubble,30.70976968
R-449A,60,Dew,29.56649139
R-449A,61,Bubble,31.28989763
R-449A,61,Dew,30.13529319
R-449A,62,Bubble,31.87565456
R-449A,62,Dew,30.70976968
R-449A,63,Bubble,32.46701886
R-449A,63,Dew,31.28989763
R-449A,64,Bubble,33.06396996
R-449A,64,Dew,31.87565456
R-449A,65,Bubble,33.66648842
R-449A,65,Dew,32.46701886
R-449A,66,Bubble,34.27455611
R-449A,66,Dew,33.06396996
R-449A,67,Bubble,34.88815633
R-449A,67,Dew,33.66648842
R-449A,68,Bubble,35.50727399
R-449A,68,Dew,34.27455611
R-449A,69,Bubble,36.13189571
R-449A,69,Dew,34.88815633
R-449A,70,Bubble,36.76200998
R-449A,70,Dew,35.50727399
R-452A,-50,Bubble,0.9217646152
R-452A,-50,Dew,0.8320265209
R-452A,-49,Bubble,0.9695291394
R-452A,-49,Dew,0.87595027
R-452A,-48,Bubble,1.019304336
R-452A,-48,Dew,0.9217646152
R-452A,-47,Bubble,1.071151586
R-452A,-47,Dew,0.9695291394
R-452A,-46,Bubble,1.125133125
R-452A,-46,Dew,1.019304336
R-452A,-45,Bubble,1.181312024
R-452A,-45,Dew,1.071151586
R-452A,-44,Bubble,1.23975215
R-452A,-44,Dew,1.125133125
R-452A,-43,Bubble,1.300518141
R-452A,-43,Dew,1.181312024
R-452A,-42,Bubble,1.36367537
R-452A,-42,Dew,1.23975215
R-452A,-41,Bubble,1.429289909
R-452A,-41,Dew,1.300518141
R-452A,-40,Bubble,1.497428493
R-452A,-40,Dew,1.36367537
R-452A,-39,Bubble,1.568158484
R-452A,-39,Dew,1.429289909
R-452A,-38,Bubble,1.641547827
R-452A,-38,Dew,1.497428493
R-452A,-37,Bubble,1.717665014
R-452A,-37,Dew,1.568158484
R-452A,-36,Bubble,1.796579035
R-452A,-36,Dew,1.641547827
R-452A,-35,Bubble,1.878359341
R-452A,-35,Dew,1.717665014
R-452A,-34,Bubble,1.963075791
R-452A,-34,Dew,1.796579035
R-452A,-33,Bubble,2.050798612
R-452A,-33,Dew,1.878359341
R-452A,-32,Bubble,2.141598344
R-452A,-32,Dew,1.963075791
R-452A,-31,Bubble,2.235545796
R-452A,-31,Dew,2.050798612
R-452A,-30,Bubble,2.332711992
R-452A,-30,Dew,2.141598344
R-452A,-29,Bubble,2.433168123
R-452A,-29,Dew,2.235545796
R-452A,-28,Bubble,2.536985488
R-452A,-28,Dew,2.332711992
R-452A,-27,Bubble,2.644235446
R-452A,-27,Dew,2.433168123
R-452A,-26,Bubble,2.754989356
R-452A,-26,Dew,2.536985488
R-452A,-25,Bubble,2.869318526
R-452A,-25,Dew,2.644235446
R-452A,-24,Bubble,2.987294153
R-452A,-24,Dew,2.754989356
R-452A,-23,Bubble,3.10898727
R-452A,-23,Dew,2.869318526
R-452A,-22,Bubble,3.23446868
R-452A,-22,Dew,2.987294153
R-452A,-21,Bubble,3.363808907
R-452A,-21,Dew,3.10898727
R-452A,-20,Bubble,3.497078131
R-452A,-20,Dew,3.23446868
R-452A,-19,Bubble,3.634346132
R-452A,-19,Dew,3.363808907
R-452A,-18,Bubble,3.775682225
R-452A,-18,Dew,3.497078131
R-452A,-17,Bubble,3.921155209
R-452A,-17,Dew,3.634346132
R-452A,-16,Bubble,4.0708333
R-452A,-16,Dew,3.775682225
R-452A,-15,Bubble,4.224784073
R-452A,-15,Dew,3.921155209
R-452A,-14,Bubble,4.383074402
R-452A,-14,Dew,4.0708333
R-452A,-13,Bubble,4.545770405
R-452A,-13,Dew,4.224784073
R-452A,-12,Bubble,4.712937376
R-452A,-12,Dew,4.383074402
R-452A,-11,Bubble,4.884639735
R-452A,-11,Dew,4.545770405
R-452A,-10,Bubble,5.060940962
R-452A,-10,Dew,4.712937376
R-452A,-9,Bubble,5.241903546
R-452A,-9,Dew,4.884639735
R-452A,-8,Bubble,5.427588924
R-452A,-8,Dew,5.060940962
R-452A,-7,Bubble,5.618057427
R-452A,-7,Dew,5.241903546
R-452A,-6,Bubble,5.813368221
R-452A,-6,Dew,5.427588924
R-452A,-5,Bubble,6.01357926
R-452A,-5,Dew,5.618057427
R-452A,-4,Bubble,6.218747226
R-452A,-4,Dew,5.813368221
R-452A,-3,Bubble,6.428927481
R-452A,-3,Dew,6.01357926
R-452A,-2,Bubble,6.644174016
R-452A,-2,Dew,6.218747226
R-452A,-1,Bubble,6.864539405
R-452A,-1,Dew,6.428927481
R-452A,0,Bubble,7.090074751
R-452A,0,Dew,6.644174016
R-452A,1,Bubble,7.32082965
R-452A,1,Dew,6.864539405
R-452A,2,Bubble,7.55685214
R-452A,2,Dew,7.090074751
R-452A,3,Bubble,7.798188662
R-452A,3,Dew,7.32082965
R-452A,4,Bubble,8.044884024
R-452A,4,Dew,7.55685214
R-452A,5,Bubble,8.296981357
R-452A,5,Dew,7.798188662
R-452A,6,Bubble,8.554522087
R-452A,6,Dew,8.044884024
R-452A,7,Bubble,8.817545897
R-452A,7,Dew,8.296981357
R-452A,8,Bubble,9.0860907
R-452A,8,Dew,8.554522087
R-452A,9,Bubble,9.360192613
R-452A,9,Dew,8.817545897
R-452A,10,Bubble,9.639885926
R-452A,10,Dew,9.0860907
R-452A,11,Bubble,9.925203088
R-452A,11,Dew,9.360192613
R-452A,12,Bubble,10.21617468
R-452A,12,Dew,9.639885926
R-452A,13,Bubble,10.51282941
R-452A,13,Dew,9.925203088
R-452A,14,Bubble,10.81519408
R-452A,14,Dew,10.21617468
R-452A,15,Bubble,11.1232936
R-452A,15,Dew,10.51282941
R-452A,16,Bubble,11.43715097
R-452A,16,Dew,10.81519408
R-452A,17,Bubble,11.75678727
R-452A,17,Dew,11.1232936
R-452A,18,Bubble,12.08222167
R-452A,18,Dew,11.43715097
R-452A,19,Bubble,12.41347143
R-452A,19,Dew,11.75678727
R-452A,20,Bubble,12.75055192
R-452A,20,Dew,12.08222167
R-452A,21,Bubble,13.09347659
R-452A,21,Dew,12.41347143
R-452A,22,Bubble,13.44225703
R-452A,22,Dew,12.75055192
R-452A,23,Bubble,13.79690298
R-452A,23,Dew,13.09347659
R-452A,24,Bubble,14.15742231
R-452A,24,Dew,13.44225703
R-452A,25,Bubble,14.52382112
R-452A,25,Dew,13.79690298
R-452A,26,Bubble,14.89610368
R-452A,26,Dew,14.15742231
R-452A,27,Bubble,15.27427254
R-452A,27,Dew,14.52382112
R-452A,28,Bubble,15.65832853
R-452A,28,Dew,14.89610368
R-452A,29,Bubble,16.0482708
R-452A,29,Dew,15.27427254
R-452A,30,Bubble,16.44409689
R-452A,30,Dew,15.65832853
R-452A,31,Bubble,16.84580273
R-452A,31,Dew,16.0482708
R-452A,32,Bubble,17.25338276
R-452A,32,Dew,16.44409689
R-452A,33,Bubble,17.66682992
R-452A,33,Dew,16.84580273
R-452A,34,Bubble,18.08613576
R-452A,34,Dew,17.25338276
R-452A,35,Bubble,18.51129049
R-452A,35,Dew,17.66682992
R-452A,36,Bubble,18.94228303
R-452A,36,Dew,18.08613576
R-452A,37,Bubble,19.37910111
R-452A,37,Dew,18.51129049
R-452A,38,Bubble,19.82173132
R-452A,38,Dew,18.94228303
R-452A,39,Bubble,20.27015923
R-452A,39,Dew,19.37910111
R-452A,40,Bubble,20.72436942
R-452A,40,Dew,19.82173132
R-452A,41,Bubble,21.18434562
R-452A,41,Dew,20.27015923
R-452A,42,Bubble,21.65007078
R-452A,42,Dew,20.72436942
R-452A,43,Bubble,22.12152715
R-452A,43,Dew,21.18434562
R-452A,44,Bubble,22.5986964
R-452A,44,Dew,21.65007078
R-452A,45,Bubble,23.08155974
R-452A,45,Dew,22.12152715
R-452A,46,Bubble,23.57009797
R-452A,46,Dew,22.5986964
R-452A,47,Bubble,24.06429164
R-452A,47,Dew,23.08155974
R-452A,48,Bubble,24.56412117
R-452A,48,Dew,23.57009797
R-452A,49,Bubble,25.0695669
R-452A,49,Dew,24.06429164
R-452A,50,Bubble,25.5806093
R-452A,50,Dew,24.56412117
R-452A,51,Bubble,26.09722901
R-452A,51,Dew,25.0695669
R-452A,52,Bubble,26.61940704
R-452A,52,Dew,25.5806093
R-452A,53,Bubble,27.14712483
R-452A,53,Dew,26.09722901
R-452A,54,Bubble,27.68036442
R-452A,54,Dew,26.61940704
R-452A,55,Bubble,28.21910861
R-452A,55,Dew,27.14712483
R-452A,56,Bubble,28.76334102
R-452A,56,Dew,27.68036442
R-452A,57,Bubble,29.31304631
R-452A,57,Dew,28.21910861
R-452A,58,Bubble,29.86821026
R-452A,58,Dew,28.76334102
R-452A,59,Bubble,30.42881997
R-452A,59,Dew,29.31304631
R-452A,60,Bubble,30.99486394
R-452A,60,Dew,29.86821026
R-452A,61,Bubble,31.56633229
R-452A,61,Dew,30.42881997
R-452A,62,Bubble,32.14321683
R-452A,62,Dew,30.99486394
R-452A,63,Bubble,32.72551129
R-452A,63,Dew,31.56633229
R-452A,64,Bubble,33.31321141
R-452A,64,Dew,32.14321683
R-452A,65,Bubble,33.90631513
R-452A,65,Dew,32.72551129
R-452A,66,Bubble,34.50482273
R-452A,66,Dew,33.31321141
R-452A,67,Bubble,35.10873698
R-452A,67,Dew,33.90631513
R-452A,68,Bubble,35.71806332
R-452A,68,Dew,34.50482273
R-452A,69,Bubble,36.33280996
R-452A,69,Dew,35.10873698
R-452A,70,Bubble,36.95298812
R-452A,70,Dew,35.71806332
R-417A,-50,Bubble,0.6207775538
R-417A,-50,Dew,0.5583677905
R-417A,-49,Bubble,0.6540954622
R-417A,-49,Dew,0.5888839971
R-417A,-48,Bubble,0.6888856353
R-417A,-48,Dew,0.6207775538
R-417A,-47,Bubble,0.7251968866
R-417A,-47,Dew,0.6540954622
R-417A,-46,Bubble,0.7630789182
R-417A,-46,Dew,0.6888856353
R-417A,-45,Bubble,0.8025823074
R-417A,-45,Dew,0.7251968866
R-417A,-44,Bubble,0.8437584918
R-417A,-44,Dew,0.7630789182
R-417A,-43,Bubble,0.8866597537
R-417A,-43,Dew,0.8025823074
R-417A,-42,Bubble,0.9313392021
R-417A,-42,Dew,0.8437584918
R-417A,-41,Bubble,0.9778507546
R-417A,-41,Dew,0.8866597537
R-417A,-40,Bubble,1.026249117
R-417A,-40,Dew,0.9313392021
R-417A,-39,Bubble,1.07658976
R-417A,-39,Dew,0.9778507546
R-417A,-38,Bubble,1.128928902
R-417A,-38,Dew,1.026249117
R-417A,-37,Bubble,1.183323476
R-417A,-37,Dew,1.07658976
R-417A,-36,Bubble,1.239831114
R-417A,-36,Dew,1.128928902
R-417A,-35,Bubble,1.298510111
R-417A,-35,Dew,1.183323476
R-417A,-34,Bubble,1.359419402
R-417A,-34,Dew,1.239831114
R-417A,-33,Bubble,1.422618534
R-417A,-33,Dew,1.298510111
R-417A,-32,Bubble,1.48816763
R-417A,-32,Dew,1.359419402
R-417A,-31,Bubble,1.556127359
R-417A,-31,Dew,1.422618534
R-417A,-30,Bubble,1.626558903
R-417A,-30,Dew,1.48816763
R-417A,-29,Bubble,1.699523926
R-417A,-29,Dew,1.556127359
R-417A,-28,Bubble,1.775084529
R-417A,-28,Dew,1.626558903
R-417A,-27,Bubble,1.853303222
R-417A,-27,Dew,1.699523926
R-417A,-26,Bubble,1.934242881
R-417A,-26,Dew,1.775084529
R-417A,-25,Bubble,2.017966712
R-417A,-25,Dew,1.853303222
R-417A,-24,Bubble,2.104538207
R-417A,-24,Dew,1.934242881
R-417A,-23,Bubble,2.194021104
R-417A,-23,Dew,2.017966712
R-417A,-22,Bubble,2.286479346
R-417A,-22,Dew,2.104538207
R-417A,-21,Bubble,2.381977036
R-417A,-21,Dew,2.194021104
R-417A,-20,Bubble,2.480578394
R-417A,-20,Dew,2.286479346
R-417A,-19,Bubble,2.582347712
R-417A,-19,Dew,2.381977036
R-417A,-18,Bubble,2.687349307
R-417A,-18,Dew,2.480578394
R-417A,-17,Bubble,2.795647474
R-417A,-17,Dew,2.582347712
R-417A,-16,Bubble,2.907306441
R-417A,-16,Dew,2.687349307
R-417A,-15,Bubble,3.022390319
R-417A,-15,Dew,2.795647474
R-417A,-14,Bubble,3.140963056
R-417A,-14,Dew,2.907306441
R-417A,-13,Bubble,3.263088385
R-417A,-13,Dew,3.022390319
R-417A,-12,Bubble,3.388829776
R-417A,-12,Dew,3.140963056
R-417A,-11,Bubble,3.518250388
R-417A,-11,Dew,3.263088385
R-417A,-10,Bubble,3.651413017
R-417A,-10,Dew,3.388829776
R-417A,-9,Bubble,3.788380045
R-417A,-9,Dew,3.518250388
R-417A,-8,Bubble,3.929213392
R-417A,-8,Dew,3.651413017
R-417A,-7,Bubble,4.073974464
R-417A,-7,Dew,3.788380045
R-417A,-6,Bubble,4.222724104
R-417A,-6,Dew,3.929213392
R-417A,-5,Bubble,4.37552254
R-417A,-5,Dew,4.073974464
R-417A,-4,Bubble,4.532429336
R-417A,-4,Dew,4.222724104
R-417A,-3,Bubble,4.693503341
R-417A,-3,Dew,4.37552254
R-417A,-2,Bubble,4.858802643
R-417A,-2,Dew,4.532429336
R-417A,-1,Bubble,5.028384514
R-417A,-1,Dew,4.693503341
R-417A,0,Bubble,5.202305367
R-417A,0,Dew,4.858802643
R-417A,1,Bubble,5.380620704
R-417A,1,Dew,5.028384514
R-417A,2,Bubble,5.563385072
R-417A,2,Dew,5.202305367
R-417A,3,Bubble,5.750652013
R-417A,3,Dew,5.380620704
R-417A,4,Bubble,5.94247402
R-417A,4,Dew,5.563385072
R-417A,5,Bubble,6.138902495
R-417A,5,Dew,5.750652013
R-417A,6,Bubble,6.339987701
R-417A,6,Dew,5.94247402
R-417A,7,Bubble,6.54577872
R-417A,7,Dew,6.138902495
R-417A,8,Bubble,6.756323414
R-417A,8,Dew,6.339987701
R-417A,9,Bubble,6.971668384
R-417A,9,Dew,6.54577872
R-417A,10,Bubble,7.191858929
R-417A,10,Dew,6.756323414
R-417A,11,Bubble,7.416939012
R-417A,11,Dew,6.971668384
R-417A,12,Bubble,7.646951224
R-417A,12,Dew,7.191858929
R-417A,13,Bubble,7.881936747
R-417A,13,Dew,7.416939012
R-417A,14,Bubble,8.121935324
R-417A,14,Dew,7.646951224
R-417A,15,Bubble,8.36698523
R-417A,15,Dew,7.881936747
R-417A,16,Bubble,8.617123239
R-417A,16,Dew,8.121935324
R-417A,17,Bubble,8.872384602
R-417A,17,Dew,8.36698523
R-417A,18,Bubble,9.132803019
R-417A,18,Dew,8.617123239
R-417A,19,Bubble,9.398410619
R-417A,19,Dew,8.872384602
R-417A,20,Bubble,9.669237939
R-417A,20,Dew,9.132803019
R-417A,21,Bubble,9.945313906
R-417A,21,Dew,9.398410619
R-417A,22,Bubble,10.22666582
R-417A,22,Dew,9.669237939
R-417A,23,Bubble,10.51331934
R-417A,23,Dew,9.945313906
R-417A,24,Bubble,10.80529849
R-417A,24,Dew,10.22666582
R-417A,25,Bubble,11.10262561
R-417A,25,Dew,10.51331934
R-417A,26,Bubble,11.40532141
R-417A,26,Dew,10.80529849
R-417A,27,Bubble,11.7134049
R-417A,27,Dew,11.10262561
R-417A,28,Bubble,12.02689345
R-417A,28,Dew,11.40532141
R-417A,29,Bubble,12.34580276
R-417A,29,Dew,11.7134049
R-417A,30,Bubble,12.67014687
R-417A,30,Dew,12.02689345
R-417A,31,Bubble,12.99993818
R-417A,31,Dew,12.34580276
R-417A,32,Bubble,13.33518743
R-417A,32,Dew,12.67014687
R-417A,33,Bubble,13.67590378
R-417A,33,Dew,12.99993818
R-417A,34,Bubble,14.02209475
R-417A,34,Dew,13.33518743
R-417A,35,Bubble,14.37376628
R-417A,35,Dew,13.67590378
R-417A,36,Bubble,14.73092276
R-417A,36,Dew,14.02209475
R-417A,37,Bubble,15.09356706
R-417A,37,Dew,14.37376628
R-417A,38,Bubble,15.46170051
R-417A,38,Dew,14.73092276
R-417A,39,Bubble,15.83532301
R-417A,39,Dew,15.09356706
R-417A,40,Bubble,16.214433
R-417A,40,Dew,15.46170051
R-417A,41,Bubble,16.59902753
R-417A,41,Dew,15.83532301
R-417A,42,Bubble,16.98910233
R-417A,42,Dew,16.214433
R-417A,43,Bubble,17.38465178
R-417A,43,Dew,16.59902753
R-417A,44,Bubble,17.78566903
R-417A,44,Dew,16.98910233
R-417A,45,Bubble,18.19214605
R-417A,45,Dew,17.38465178
R-417A,46,Bubble,18.60407361
R-417A,46,Dew,17.78566903
R-417A,47,Bubble,19.02144145
R-417A,47,Dew,18.19214605
R-417A,48,Bubble,19.44423824
R-417A,48,Dew,18.60407361
R-417A,49,Bubble,19.87245174
R-417A,49,Dew,19.02144145
R-417A,50,Bubble,20.30606876
R-417A,50,Dew,19.44423824
R-417A,51,Bubble,20.74507536
R-417A,51,Dew,19.87245174
R-417A,52,Bubble,21.18945679
R-417A,52,Dew,20.30606876
R-417A,53,Bubble,21.6391977
R-417A,53,Dew,20.74507536
R-417A,54,Bubble,22.0942821
R-417A,54,Dew,21.18945679
R-417A,55,Bubble,22.55469354
R-417A,55,Dew,21.6391977
R-417A,56,Bubble,23.02041513
R-417A,56,Dew,22.0942821
R-417A,57,Bubble,23.49142969
R-417A,57,Dew,22.55469354
R-417A,58,Bubble,23.96771978
R-417A,58,Dew,23.02041513
R-417A,59,Bubble,24.44926784
R-417A,59,Dew,23.49142969
R-417A,60,Bubble,24.93605626
R-417A,60,Dew,23.96771978
R-417A,61,Bubble,25.42806752
R-417A,61,Dew,24.44926784
R-417A,62,Bubble,25.92528425
R-417A,62,Dew,24.93605626
R-417A,63,Bubble,26.42768936
R-417A,63,Dew,25.42806752
R-417A,64,Bubble,26.93526613
R-417A,64,Dew,25.92528425
R-417A,65,Bubble,27.44799834
R-417A,65,Dew,26.42768936
R-417A,66,Bubble,27.96587039
R-417A,66,Dew,26.93526613
R-417A,67,Bubble,28.48886737
R-417A,67,Dew,27.44799834
R-417A,68,Bubble,29.01697524
R-417A,68,Dew,27.96587039
R-417A,69,Bubble,29.55018088
R-417A,69,Dew,28.48886737
R-417A,70,Bubble,30.08847226
R-417A,70,Dew,29.01697524
R-422A,-50,Bubble,0.9059965754
R-422A,-50,Dew,0.8176834369
R-422A,-49,Bubble,0.9530021576
R-422A,-49,Dew,0.8609097977
R-422A,-48,Bubble,1.0019858
R-422A,-48,Dew,0.9059965754
R-422A,-47,Bubble,1.053007599
R-422A,-47,Dew,0.9530021576
R-422A,-46,Bubble,1.106128469
R-422A,-46,Dew,1.0019858
R-422A,-45,Bubble,1.161410105
R-422A,-45,Dew,1.053007599
R-422A,-44,Bubble,1.218914959
R-422A,-44,Dew,1.106128469
R-422A,-43,Bubble,1.278706202
R-422A,-43,Dew,1.161410105
R-422A,-42,Bubble,1.340847694
R-422A,-42,Dew,1.218914959
R-422A,-41,Bubble,1.405403944
R-422A,-41,Dew,1.278706202
R-422A,-40,Bubble,1.472440075
R-422A,-40,Dew,1.340847694
R-422A,-39,Bubble,1.542021787
R-422A,-39,Dew,1.405403944
R-422A,-38,Bubble,1.61421531
R-422A,-38,Dew,1.472440075
R-422A,-37,Bubble,1.68908737
R-422A,-37,Dew,1.542021787
R-422A,-36,Bubble,1.766705139
R-422A,-36,Dew,1.61421531
R-422A,-35,Bubble,1.847136196
R-422A,-35,Dew,1.68908737
R-422A,-34,Bubble,1.930448476
R-422A,-34,Dew,1.766705139
R-422A,-33,Bubble,2.016710226
R-422A,-33,Dew,1.847136196
R-422A,-32,Bubble,2.105989954
R-422A,-32,Dew,1.930448476
R-422A,-31,Bubble,2.198356381
R-422A,-31,Dew,2.016710226
R-422A,-30,Bubble,2.293878391
R-422A,-30,Dew,2.105989954
R-422A,-29,Bubble,2.392624976
R-422A,-29,Dew,2.198356381
R-422A,-28,Bubble,2.494665186
R-422A,-28,Dew,2.293878391
R-422A,-27,Bubble,2.600068071
R-422A,-27,Dew,2.392624976
R-422A,-26,Bubble,2.708902634
R-422A,-26,Dew,2.494665186
R-422A,-25,Bubble,2.821237767
R-422A,-25,Dew,2.600068071
R-422A,-24,Bubble,2.937142201
R-422A,-24,Dew,2.708902634
R-422A,-23,Bubble,3.056684446
R-422A,-23,Dew,2.821237767
R-422A,-22,Bubble,3.179932733
R-422A,-22,Dew,2.937142201
R-422A,-21,Bubble,3.306954963
R-422A,-21,Dew,3.056684446
R-422A,-20,Bubble,3.437818639
R-422A,-20,Dew,3.179932733
R-422A,-19,Bubble,3.572590814
R-422A,-19,Dew,3.306954963
R-422A,-18,Bubble,3.711338034
R-422A,-18,Dew,3.437818639
R-422A,-17,Bubble,3.854126274
R-422A,-17,Dew,3.572590814
R-422A,-16,Bubble,4.001020883
R-422A,-16,Dew,3.711338034
R-422A,-15,Bubble,4.152086526
R-422A,-15,Dew,3.854126274
R-422A,-14,Bubble,4.307387123
R-422A,-14,Dew,4.001020883
R-422A,-13,Bubble,4.466985795
R-422A,-13,Dew,4.152086526
R-422A,-12,Bubble,4.630944805
R-422A,-12,Dew,4.307387123
R-422A,-11,Bubble,4.799325499
R-422A,-11,Dew,4.466985795
R-422A,-10,Bubble,4.972188256
R-422A,-10,Dew,4.630944805
R-422A,-9,Bubble,5.149592427
R-422A,-9,Dew,4.799325499
R-422A,-8,Bubble,5.331596281
R-422A,-8,Dew,4.972188256
R-422A,-7,Bubble,5.518256957
R-422A,-7,Dew,5.149592427
R-422A,-6,Bubble,5.709630405
R-422A,-6,Dew,5.331596281
R-422A,-5,Bubble,5.905771341
R-422A,-5,Dew,5.518256957
R-422A,-4,Bubble,6.106733191
R-422A,-4,Dew,5.709630405
R-422A,-3,Bubble,6.31256805
R-422A,-3,Dew,5.905771341
R-422A,-2,Bubble,6.523326629
R-422A,-2,Dew,6.106733191
R-422A,-1,Bubble,6.739058215
R-422A,-1,Dew,6.31256805
R-422A,0,Bubble,6.959810624
R-422A,0,Dew,6.523326629
R-422A,1,Bubble,7.185630163
R-422A,1,Dew,6.739058215
R-422A,2,Bubble,7.416561587
R-422A,2,Dew,6.959810624
R-422A,3,Bubble,7.652648066
R-422A,3,Dew,7.185630163
R-422A,4,Bubble,7.893931149
R-422A,4,Dew,7.416561587
R-422A,5,Bubble,8.140450728
R-422A,5,Dew,7.652648066
R-422A,6,Bubble,8.392245014
R-422A,6,Dew,7.893931149
R-422A,7,Bubble,8.649350504
R-422A,7,Dew,8.140450728
R-422A,8,Bubble,8.91180196
R-422A,8,Dew,8.392245014
R-422A,9,Bubble,9.179632383
R-422A,9,Dew,8.649350504
R-422A,10,Bubble,9.452872998
R-422A,10,Dew,8.91180196
R-422A,11,Bubble,9.731553235
R-422A,11,Dew,9.179632383
R-422A,12,Bubble,10.01570072
R-422A,12,Dew,9.452872998
R-422A,13,Bubble,10.30534124
R-422A,13,Dew,9.731553235
R-422A,14,Bubble,10.6004988
R-422A,14,Dew,10.01570072
R-422A,15,Bubble,10.90119553
R-422A,15,Dew,10.30534124
R-422A,16,Bubble,11.20745176
R-422A,16,Dew,10.6004988
R-422A,17,Bubble,11.51928598
R-422A,17,Dew,10.90119553
R-422A,18,Bubble,11.83671487
R-422A,18,Dew,11.20745176
R-422A,19,Bubble,12.15975329
R-422A,19,Dew,11.51928598
R-422A,20,Bubble,12.48841431
R-422A,20,Dew,11.83671487
R-422A,21,Bubble,12.82270922
R-422A,21,Dew,12.15975329
R-422A,22,Bubble,13.16264756
R-422A,22,Dew,12.48841431
R-422A,23,Bubble,13.50823712
R-422A,23,Dew,12.82270922
R-422A,24,Bubble,13.85948399
R-422A,24,Dew,13.16264756
R-422A,25,Bubble,14.21639261
R-422A,25,Dew,13.50823712
R-422A,26,Bubble,14.57896577
R-422A,26,Dew,13.85948399
R-422A,27,Bubble,14.94720465
R-422A,27,Dew,14.21639261
R-422A,28,Bubble,15.32110889
R-422A,28,Dew,14.57896577
R-422A,29,Bubble,15.70067665
R-422A,29,Dew,14.94720465
R-422A,30,Bubble,16.08590461
R-422A,30,Dew,15.32110889
R-422A,31,Bubble,16.47678806
R-422A,31,Dew,15.70067665
R-422A,32,Bubble,16.87332098
R-422A,32,Dew,16.08590461
R-422A,33,Bubble,17.27549604
R-422A,33,Dew,16.47678806
R-422A,34,Bubble,17.68330475
R-422A,34,Dew,16.87332098
R-422A,35,Bubble,18.09673746
R-422A,35,Dew,17.27549604
R-422A,36,Bubble,18.51578348
R-422A,36,Dew,17.68330475
R-422A,37,Bubble,18.94043114
R-422A,37,Dew,18.09673746
R-422A,38,Bubble,19.37066789
R-422A,38,Dew,18.51578348
R-422A,39,Bubble,19.80648037
R-422A,39,Dew,18.94043114
R-422A,40,Bubble,20.2478545
R-422A,40,Dew,19.37066789
R-422A,41,Bubble,20.69477559
R-422A,41,Dew,19.80648037
R-422A,42,Bubble,21.14722845
R-422A,42,Dew,20.2478545
R-422A,43,Bubble,21.60519744
R-422A,43,Dew,20.69477559
R-422A,44,Bubble,22.06866664
R-422A,44,Dew,21.14722845
R-422A,45,Bubble,22.53761991
R-422A,45,Dew,21.60519744
R-422A,46,Bubble,23.01204103
R-422A,46,Dew,22.06866664
R-422A,47,Bubble,23.49191381
R-422A,47,Dew,22.53761991
R-422A,48,Bubble,23.9772222
R-422A,48,Dew,23.01204103
R-422A,49,Bubble,24.46795043
R-422A,49,Dew,23.49191381
R-422A,50,Bubble,24.96408311
R-422A,50,Dew,23.9772222
R-422A,51,Bubble,25.46560538
R-422A,51,Dew,24.46795043
R-422A,52,Bubble,25.97250304
R-422A,52,Dew,24.96408311
R-422A,53,Bubble,26.48476266
R-422A,53,Dew,25.46560538
R-422A,54,Bubble,27.00237174
R-422A,54,Dew,25.97250304
R-422A,55,Bubble,27.52531885
R-422A,55,Dew,26.48476266
R-422A,56,Bubble,28.05359375
R-422A,56,Dew,27.00237174
R-422A,57,Bubble,28.58718753
R-422A,57,Dew,27.52531885
R-422A,58,Bubble,29.12609281
R-422A,58,Dew,28.05359375
R-422A,59,Bubble,29.67030381
R-422A,59,Dew,28.58718753
R-422A,60,Bubble,30.21981653
R-422A,60,Dew,29.12609281
R-422A,61,Bubble,30.77462892
R-422A,61,Dew,29.67030381
R-422A,62,Bubble,31.33474101
R-422A,62,Dew,30.21981653
R-422A,63,Bubble,31.90015506
R-422A,63,Dew,30.77462892
R-422A,64,Bubble,32.47087572
R-422A,64,Dew,31.33474101
R-422A,65,Bubble,33.04691017
R-422A,65,Dew,31.90015506
R-422A,66,Bubble,33.6282683
R-422A,66,Dew,32.47087572
R-422A,67,Bubble,34.21496284
R-422A,67,Dew,33.04691017
R-422A,68,Bubble,34.80700953
R-422A,68,Dew,33.6282683
R-422A,69,Bubble,35.40442726
R-422A,69,Dew,34.21496284
R-422A,70,Bubble,36.00723826
R-422A,70,Dew,34.80700953
R-438A,-50,Bubble,0.7490425637
R-438A,-50,Dew,0.6748681048
R-438A,-49,Bubble,0.7885896256
R-438A,-49,Dew,0.7111530951
R-438A,-48,Bubble,0.8298483513
R-438A,-48,Dew,0.7490425637
R-438A,-47,Bubble,0.8728737521
R-438A,-47,Dew,0.7885896256
R-438A,-46,Bubble,0.9177217629
R-438A,-46,Dew,0.8298483513
R-438A,-45,Bubble,0.9644492237
R-438A,-45,Dew,0.8728737521
R-438A,-44,Bubble,1.01311386
R-438A,-44,Dew,0.9177217629
R-438A,-43,Bubble,1.063774262
R-438A,-43,Dew,0.9644492237
R-438A,-42,Bubble,1.116489861
R-438A,-42,Dew,1.01311386
R-438A,-41,Bubble,1.171320903
R-438A,-41,Dew,1.063774262
R-438A,-40,Bubble,1.22832843
R-438A,-40,Dew,1.116489861
R-438A,-39,Bubble,1.287574243
R-438A,-39,Dew,1.171320903
R-438A,-38,Bubble,1.34912088
R-438A,-38,Dew,1.22832843
R-438A,-37,Bubble,1.413031585
R-438A,-37,Dew,1.287574243
R-438A,-36,Bubble,1.479370273
R-438A,-36,Dew,1.34912088
R-438A,-35,Bubble,1.548201498
R-438A,-35,Dew,1.413031585
R-438A,-34,Bubble,1.619590422
R-438A,-34,Dew,1.479370273
R-438A,-33,Bubble,1.693602775
R-438A,-33,Dew,1.548201498
R-438A,-32,Bubble,1.770304818
R-438A,-32,Dew,1.619590422
R-438A,-31,Bubble,1.849763306
R-438A,-31,Dew,1.693602775
R-438A,-30,Bubble,1.932045445
R-438A,-30,Dew,1.770304818
R-438A,-29,Bubble,2.017218856
R-438A,-29,Dew,1.849763306
R-438A,-28,Bubble,2.105351527
R-438A,-28,Dew,1.932045445
R-438A,-27,Bubble,2.196511772
R-438A,-27,Dew,2.017218856
R-438A,-26,Bubble,2.290768184
R-438A,-26,Dew,2.105351527
R-438A,-25,Bubble,2.388189592
R-438A,-25,Dew,2.196511772
R-438A,-24,Bubble,2.488845012
R-438A,-24,Dew,2.290768184
R-438A,-23,Bubble,2.592803599
R-438A,-23,Dew,2.388189592
R-438A,-22,Bubble,2.700134597
R-438A,-22,Dew,2.488845012
R-438A,-21,Bubble,2.810907292
R-438A,-21,Dew,2.592803599
R-438A,-20,Bubble,2.925190957
R-438A,-20,Dew,2.700134597
R-438A,-19,Bubble,3.043054804
R-438A,-19,Dew,2.810907292
R-438A,-18,Bubble,3.164567931
R-438A,-18,Dew,2.925190957
R-438A,-17,Bubble,3.289799266
R-438A,-17,Dew,3.043054804
R-438A,-16,Bubble,3.418817517
R-438A,-16,Dew,3.164567931
R-438A,-15,Bubble,3.551691119
R-438A,-15,Dew,3.289799266
R-438A,-14,Bubble,3.688488173
R-438A,-14,Dew,3.418817517
R-438A,-13,Bubble,3.829276398
R-438A,-13,Dew,3.551691119
R-438A,-12,Bubble,3.974123074
R-438A,-12,Dew,3.688488173
R-438A,-11,Bubble,4.123094984
R-438A,-11,Dew,3.829276398
R-438A,-10,Bubble,4.276258362
R-438A,-10,Dew,3.974123074
R-438A,-9,Bubble,4.433678837
R-438A,-9,Dew,4.123094984
R-438A,-8,Bubble,4.595421376
R-438A,-8,Dew,4.276258362
R-438A,-7,Bubble,4.761550229
R-438A,-7,Dew,4.433678837
R-438A,-6,Bubble,4.932128876
R-438A,-6,Dew,4.595421376
R-438A,-5,Bubble,5.107219971
R-438A,-5,Dew,4.761550229
R-438A,-4,Bubble,5.286885289
R-438A,-4,Dew,4.932128876
R-438A,-3,Bubble,5.471185668
R-438A,-3,Dew,5.107219971
R-438A,-2,Bubble,5.660180964
R-438A,-2,Dew,5.286885289
R-438A,-1,Bubble,5.85392999
R-438A,-1,Dew,5.471185668
R-438A,0,Bubble,6.052490471
R-438A,0,Dew,5.660180964
R-438A,1,Bubble,6.255918989
R-438A,1,Dew,5.85392999
R-438A,2,Bubble,6.464270936
R-438A,2,Dew,6.052490471
R-438A,3,Bubble,6.677600465
R-438A,3,Dew,6.255918989
R-438A,4,Bubble,6.895960441
R-438A,4,Dew,6.464270936
R-438A,5,Bubble,7.119402398
R-438A,5,Dew,6.677600465
R-438A,6,Bubble,7.34797649
R-438A,6,Dew,6.895960441
R-438A,7,Bubble,7.581731453
R-438A,7,Dew,7.119402398
R-438A,8,Bubble,7.820714558
R-438A,8,Dew,7.34797649
R-438A,9,Bubble,8.064971576
R-438A,9,Dew,7.581731453
R-438A,10,Bubble,8.314546737
R-438A,10,Dew,7.820714558
R-438A,11,Bubble,8.569482693
R-438A,11,Dew,8.064971576
R-438A,12,Bubble,8.829820486
R-438A,12,Dew,8.314546737
R-438A,13,Bubble,9.095599515
R-438A,13,Dew,8.569482693
R-438A,14,Bubble,9.366857505
R-438A,14,Dew,8.829820486
R-438A,15,Bubble,9.643630478
R-438A,15,Dew,9.095599515
R-438A,16,Bubble,9.925952731
R-438A,16,Dew,9.366857505
R-438A,17,Bubble,10.21385681
R-438A,17,Dew,9.643630478
R-438A,18,Bubble,10.50737349
R-438A,18,Dew,9.925952731
R-438A,19,Bubble,10.80653175
R-438A,19,Dew,10.21385681
R-438A,20,Bubble,11.11135878
R-438A,20,Dew,10.50737349
R-438A,21,Bubble,11.42187995
R-438A,21,Dew,10.80653175
R-438A,22,Bubble,11.73811877
R-438A,22,Dew,11.11135878
R-438A,23,Bubble,12.06009696
R-438A,23,Dew,11.42187995
R-438A,24,Bubble,12.38783438
R-438A,24,Dew,11.73811877
R-438A,25,Bubble,12.72134904
R-438A,25,Dew,12.06009696
R-438A,26,Bubble,13.06065714
R-438A,26,Dew,12.38783438
R-438A,27,Bubble,13.40577301
R-438A,27,Dew,12.72134904
R-438A,28,Bubble,13.75670919
R-438A,28,Dew,13.06065714
R-438A,29,Bubble,14.11347639
R-438A,29,Dew,13.40577301
R-438A,30,Bubble,14.4760835
R-438A,30,Dew,13.75670919
R-438A,31,Bubble,14.84453767
R-438A,31,Dew,14.11347639
R-438A,32,Bubble,15.21884427
R-438A,32,Dew,14.4760835
R-438A,33,Bubble,15.59900691
R-438A,33,Dew,14.84453767
R-438A,34,Bubble,15.98502754
R-438A,34,Dew,15.21884427
R-438A,35,Bubble,16.37690641
R-438A,35,Dew,15.59900691
R-438A,36,Bubble,16.77464212
R-438A,36,Dew,15.98502754
R-438A,37,Bubble,17.17823167
R-438A,37,Dew,16.37690641
R-438A,38,Bubble,17.58767054
R-438A,38,Dew,16.77464212
R-438A,39,Bubble,18.00295263
R-438A,39,Dew,17.17823167
R-438A,40,Bubble,18.42407043
R-438A,40,Dew,17.58767054
R-438A,41,Bubble,18.851015
R-438A,41,Dew,18.00295263
R-438A,42,Bubble,19.28377603
R-438A,42,Dew,18.42407043
R-438A,43,Bubble,19.72234193
R-438A,43,Dew,18.851015
R-438A,44,Bubble,20.16669988
R-438A,44,Dew,19.28377603
R-438A,45,Bubble,20.61683589
R-438A,45,Dew,19.72234193
R-438A,46,Bubble,21.07273486
R-438A,46,Dew,20.16669988
R-438A,47,Bubble,21.53438069
R-438A,47,Dew,20.61683589
R-438A,48,Bubble,22.00175633
R-438A,48,Dew,21.07273486
R-438A,49,Bubble,22.47484387
R-438A,49,Dew,21.53438069
R-438A,50,Bubble,22.9536246
R-438A,50,Dew,22.00175633
R-438A,51,Bubble,23.43807915
R-438A,51,Dew,22.47484387
R-438A,52,Bubble,23.92818752
R-438A,52,Dew,22.9536246
R-438A,53,Bubble,24.42392922
R-438A,53,Dew,23.43807915
R-438A,54,Bubble,24.92528336
R-438A,54,Dew,23.92818752
R-438A,55,Bubble,25.43222871
R-438A,55,Dew,24.42392922
R-438A,56,Bubble,25.94474385
R-438A,56,Dew,24.92528336
R-438A,57,Bubble,26.46280726
R-438A,57,Dew,25.43222871
R-438A,58,Bubble,26.98639744
R-438A,58,Dew,25.94474385
R-438A,59,Bubble,27.51549297
R-438A,59,Dew,26.46280726
R-438A,60,Bubble,28.05007271
R-438A,60,Dew,26.98639744
R-438A,61,Bubble,28.59011585
R-438A,61,Dew,27.51549297
R-438A,62,Bubble,29.13560205
R-438A,62,Dew,28.05007271
R-438A,63,Bubble,29.68651157
R-438A,63,Dew,28.59011585
R-438A,64,Bubble,30.24282538
R-438A,64,Dew,29.13560205
R-438A,65,Bubble,30.80452529
R-438A,65,Dew,29.68651157
R-438A,66,Bubble,31.37159409
R-438A,66,Dew,30.24282538
R-438A,67,Bubble,31.94401568
R-438A,67,Dew,30.80452529
R-438A,68,Bubble,32.52177519
R-438A,68,Dew,31.37159409
R-438A,69,Bubble,33.10485909
R-438A,69,Dew,31.94401568
R-438A,70,Bubble,33.6932554
R-438A,70,Dew,32.52177519
R-453A,-50,Bubble,0.7178434633
R-453A,-50,Dew,0.6465263179
R-453A,-49,Bubble,0.7558799868
R-453A,-49,Dew,0.6814095234
R-453A,-48,Bubble,0.7955719057
R-453A,-48,Dew,0.7178434633
R-453A,-47,Bubble,0.8369729814
R-453A,-47,Dew,0.7558799868
R-453A,-46,Bubble,0.8801379097
R-453A,-46,Dew,0.7955719057
R-453A,-45,Bubble,0.9251223048
R-453A,-45,Dew,0.8369729814
R-453A,-44,Bubble,0.9719826813
R-453A,-44,Dew,0.8801379097
R-453A,-43,Bubble,1.020776435
R-453A,-43,Dew,0.9251223048
R-453A,-42,Bubble,1.071561822
R-453A,-42,Dew,0.9719826813
R-453A,-41,Bubble,1.124397938
R-453A,-41,Dew,1.020776435
R-453A,-40,Bubble,1.179344691
R-453A,-40,Dew,1.071561822
R-453A,-39,Bubble,1.236462782
R-453A,-39,Dew,1.124397938
R-453A,-38,Bubble,1.295813673
R-453A,-38,Dew,1.179344691
R-453A,-37,Bubble,1.357459561
R-453A,-37,Dew,1.236462782
R-453A,-36,Bubble,1.421463349
R-453A,-36,Dew,1.295813673
R-453A,-35,Bubble,1.487888616
R-453A,-35,Dew,1.357459561
R-453A,-34,Bubble,1.556799583
R-453A,-34,Dew,1.421463349
R-453A,-33,Bubble,1.628261079
R-453A,-33,Dew,1.487888616
R-453A,-32,Bubble,1.702338506
R-453A,-32,Dew,1.556799583
R-453A,-31,Bubble,1.779097807
R-453A,-31,Dew,1.628261079
R-453A,-30,Bubble,1.858605422
R-453A,-30,Dew,1.702338506
R-453A,-29,Bubble,1.94092825
R-453A,-29,Dew,1.779097807
R-453A,-28,Bubble,2.026133614
R-453A,-28,Dew,1.858605422
R-453A,-27,Bubble,2.114289213
R-453A,-27,Dew,1.94092825
R-453A,-26,Bubble,2.205463083
R-453A,-26,Dew,2.026133614
R-453A,-25,Bubble,2.299723551
R-453A,-25,Dew,2.114289213
R-453A,-24,Bubble,2.397139194
R-453A,-24,Dew,2.205463083
R-453A,-23,Bubble,2.497778787
R-453A,-23,Dew,2.299723551
R-453A,-22,Bubble,2.60171126
R-453A,-22,Dew,2.397139194
R-453A,-21,Bubble,2.70900565
R-453A,-21,Dew,2.497778787
R-453A,-20,Bubble,2.819731049
R-453A,-20,Dew,2.60171126
R-453A,-19,Bubble,2.933956558
R-453A,-19,Dew,2.70900565
R-453A,-18,Bubble,3.051751234
R-453A,-18,Dew,2.819731049
R-453A,-17,Bubble,3.17318404
R-453A,-17,Dew,2.933956558
R-453A,-16,Bubble,3.298323792
R-453A,-16,Dew,3.051751234
R-453A,-15,Bubble,3.427239108
R-453A,-15,Dew,3.17318404
R-453A,-14,Bubble,3.559998351
R-453A,-14,Dew,3.298323792
R-453A,-13,Bubble,3.696669582
R-453A,-13,Dew,3.427239108
R-453A,-12,Bubble,3.837320501
R-453A,-12,Dew,3.559998351
R-453A,-11,Bubble,3.982018393
R-453A,-11,Dew,3.696669582
R-453A,-10,Bubble,4.130830076
R-453A,-10,Dew,3.837320501
R-453A,-9,Bubble,4.283821846
R-453A,-9,Dew,3.982018393
R-453A,-8,Bubble,4.441059422
R-453A,-8,Dew,4.130830076
R-453A,-7,Bubble,4.602607888
R-453A,-7,Dew,4.283821846
R-453A,-6,Bubble,4.768531644
R-453A,-6,Dew,4.441059422
R-453A,-5,Bubble,4.938894349
R-453A,-5,Dew,4.602607888
R-453A,-4,Bubble,5.113758867
R-453A,-4,Dew,4.768531644
R-453A,-3,Bubble,5.293187214
R-453A,-3,Dew,4.938894349
R-453A,-2,Bubble,5.477240502
R-453A,-2,Dew,5.113758867
R-453A,-1,Bubble,5.665978892
R-453A,-1,Dew,5.293187214
R-453A,0,Bubble,5.859461536
R-453A,0,Dew,5.477240502
R-453A,1,Bubble,6.057746528
R-453A,1,Dew,5.665978892
R-453A,2,Bubble,6.260890857
R-453A,2,Dew,5.859461536
R-453A,3,Bubble,6.468950351
R-453A,3,Dew,6.057746528
R-453A,4,Bubble,6.681979633
R-453A,4,Dew,6.260890857
R-453A,5,Bubble,6.900032071
R-453A,5,Dew,6.468950351
R-453A,6,Bubble,7.123159736
R-453A,6,Dew,6.681979633
R-453A,7,Bubble,7.35141335
R-453A,7,Dew,6.900032071
R-453A,8,Bubble,7.58484225
R-453A,8,Dew,7.123159736
R-453A,9,Bubble,7.82349434
R-453A,9,Dew,7.35141335
R-453A,10,Bubble,8.067416055
R-453A,10,Dew,7.58484225
R-453A,11,Bubble,8.316652319
R-453A,11,Dew,7.82349434
R-453A,12,Bubble,8.571246509
R-453A,12,Dew,8.067416055
R-453A,13,Bubble,8.831240419
R-453A,13,Dew,8.316652319
R-453A,14,Bubble,9.09667423
R-453A,14,Dew,8.571246509
R-453A,15,Bubble,9.367586474
R-453A,15,Dew,8.831240419
R-453A,16,Bubble,9.644014008
R-453A,16,Dew,9.09667423
R-453A,17,Bubble,9.925991986
R-453A,17,Dew,9.367586474
R-453A,18,Bubble,10.21355384
R-453A,18,Dew,9.644014008
R-453A,19,Bubble,10.50673123
R-453A,19,Dew,9.925991986
R-453A,20,Bubble,10.80555409
R-453A,20,Dew,10.21355384
R-453A,21,Bubble,11.11005052
R-453A,21,Dew,10.50673123
R-453A,22,Bubble,11.42024684
R-453A,22,Dew,10.80555409
R-453A,23,Bubble,11.73616757
R-453A,23,Dew,11.11005052
R-453A,24,Bubble,12.05783538
R-453A,24,Dew,11.42024684
R-453A,25,Bubble,12.38527112
R-453A,25,Dew,11.73616757
R-453A,26,Bubble,12.71849382
R-453A,26,Dew,12.05783538
R-453A,27,Bubble,13.05752067
R-453A,27,Dew,12.38527112
R-453A,28,Bubble,13.40236702
R-453A,28,Dew,12.71849382
R-453A,29,Bubble,13.75304639
R-453A,29,Dew,13.05752067
R-453A,30,Bubble,14.1095705
R-453A,30,Dew,13.40236702
R-453A,31,Bubble,14.47194926
R-453A,31,Dew,13.75304639
R-453A,32,Bubble,14.84019078
R-453A,32,Dew,14.1095705
R-453A,33,Bubble,15.21430141
R-453A,33,Dew,14.47194926
R-453A,34,Bubble,15.59428573
R-453A,34,Dew,14.84019078
R-453A,35,Bubble,15.98014661
R-453A,35,Dew,15.21430141
R-453A,36,Bubble,16.37188522
R-453A,36,Dew,15.59428573
R-453A,37,Bubble,16.76950105
R-453A,37,Dew,15.98014661
R-453A,38,Bubble,17.17299198
R-453A,38,Dew,16.37188522
R-453A,39,Bubble,17.58235427
R-453A,39,Dew,16.76950105
R-453A,40,Bubble,17.99758265
R-453A,40,Dew,17.17299198
R-453A,41,Bubble,18.41867033
R-453A,41,Dew,17.58235427
R-453A,42,Bubble,18.84560907
R-453A,42,Dew,17.99758265
R-453A,43,Bubble,19.27838922
R-453A,43,Dew,18.41867033
R-453A,44,Bubble,19.71699977
R-453A,44,Dew,18.84560907
R-453A,45,Bubble,20.16142845
R-453A,45,Dew,19.27838922
R-453A,46,Bubble,20.61166172
R-453A,46,Dew,19.71699977
R-453A,47,Bubble,21.0676849
R-453A,47,Dew,20.16142845
R-453A,48,Bubble,21.52948223
R-453A,48,Dew,20.61166172
R-453A,49,Bubble,21.99703689
R-453A,49,Dew,21.0676849
R-453A,50,Bubble,22.47033115
R-453A,50,Dew,21.52948223
R-453A,51,Bubble,22.9493464
R-453A,51,Dew,21.99703689
R-453A,52,Bubble,23.43406326
R-453A,52,Dew,22.47033115
R-453A,53,Bubble,23.92446162
R-453A,53,Dew,22.9493464
R-453A,54,Bubble,24.4205208
R-453A,54,Dew,23.43406326
R-453A,55,Bubble,24.9222196
R-453A,55,Dew,23.92446162
R-453A,56,Bubble,25.42953637
R-453A,56,Dew,24.4205208
R-453A,57,Bubble,25.94244916
R-453A,57,Dew,24.9222196
R-453A,58,Bubble,26.46093581
R-453A,58,Dew,25.42953637
R-453A,59,Bubble,26.98497402
R-453A,59,Dew,25.94244916
R-453A,60,Bubble,27.5145415
R-453A,60,Dew,26.46093581
R-453A,61,Bubble,28.04961604
R-453A,61,Dew,26.98497402
R-453A,62,Bubble,28.59017567
R-453A,62,Dew,27.5145415
R-453A,63,Bubble,29.13619871
R-453A,63,Dew,28.04961604
R-453A,64,Bubble,29.68766397
R-453A,64,Dew,28.59017567
R-453A,65,Bubble,30.24455078
R-453A,65,Dew,29.13619871
R-453A,66,Bubble,30.80683918
R-453A,66,Dew,29.68766397
R-453A,67,Bubble,31.37451002
R-453A,67,Dew,30.24455078
R-453A,68,Bubble,31.94754508
R-453A,68,Dew,30.80683918
R-453A,69,Bubble,32.52592721
R-453A,69,Dew,31.37451002
R-453A,70,Bubble,33.10964045
R-453A,70,Dew,31.94754508
R-502,-50,Bubble,0.838767378
R-502,-50,Dew,0.838767378
R-502,-49,Bubble,0.8826105117
R-502,-49,Dew,0.8826105117
R-502,-48,Bubble,0.9283261645
R-502,-48,Dew,0.9283261645
R-502,-47,Bubble,0.9759732314
R-502,-47,Dew,0.9759732314
R-502,-46,Bubble,1.025611535
R-502,-46,Dew,1.025611535
R-502,-45,Bubble,1.077301801
R-502,-45,Dew,1.077301801
R-502,-44,Bubble,1.131105639
R-502,-44,Dew,1.131105639
R-502,-43,Bubble,1.187085511
R-502,-43,Dew,1.187085511
R-502,-42,Bubble,1.245304709
R-502,-42,Dew,1.245304709
R-502,-41,Bubble,1.305827325
R-502,-41,Dew,1.305827325
R-502,-40,Bubble,1.368718219
R-502,-40,Dew,1.368718219
R-502,-39,Bubble,1.43404299
R-502,-39,Dew,1.43404299
R-502,-38,Bubble,1.501867939
R-502,-38,Dew,1.501867939
R-502,-37,Bubble,1.572260038
R-502,-37,Dew,1.572260038
R-502,-36,Bubble,1.645286893
R-502,-36,Dew,1.645286893
R-502,-35,Bubble,1.721016702
R-502,-35,Dew,1.721016702
R-502,-34,Bubble,1.799518222
R-502,-34,Dew,1.799518222
R-502,-33,Bubble,1.880860721
R-502,-33,Dew,1.880860721
R-502,-32,Bubble,1.965113943
R-502,-32,Dew,1.965113943
R-502,-31,Bubble,2.052348059
R-502,-31,Dew,2.052348059
R-502,-30,Bubble,2.142633626
R-502,-30,Dew,2.142633626
R-502,-29,Bubble,2.236041537
R-502,-29,Dew,2.236041537
R-502,-28,Bubble,2.332642977
R-502,-28,Dew,2.332642977
R-502,-27,Bubble,2.432509374
R-502,-27,Dew,2.432509374
R-502,-26,Bubble,2.535712347
R-502,-26,Dew,2.535712347
R-502,-25,Bubble,2.642323658
R-502,-25,Dew,2.642323658
R-502,-24,Bubble,2.752415156
R-502,-24,Dew,2.752415156
R-502,-23,Bubble,2.866058731
R-502,-23,Dew,2.866058731
R-502,-22,Bubble,2.983326255
R-502,-22,Dew,2.983326255
R-502,-21,Bubble,3.104289529
R-502,-21,Dew,3.104289529
R-502,-20,Bubble,3.229020228
R-502,-20,Dew,3.229020228
R-502,-19,Bubble,3.357589846
R-502,-19,Dew,3.357589846
R-502,-18,Bubble,3.490069636
R-502,-18,Dew,3.490069636
R-502,-17,Bubble,3.626530558
R-502,-17,Dew,3.626530558
R-502,-16,Bubble,3.767043219
R-502,-16,Dew,3.767043219
R-502,-15,Bubble,3.911677815
R-502,-15,Dew,3.911677815
R-502,-14,Bubble,4.060504072
R-502,-14,Dew,4.060504072
R-502,-13,Bubble,4.213591191
R-502,-13,Dew,4.213591191
R-502,-12,Bubble,4.371007784
R-502,-12,Dew,4.371007784
R-502,-11,Bubble,4.532821824
R-502,-11,Dew,4.532821824
R-502,-10,Bubble,4.699100577
R-502,-10,Dew,4.699100577
R-502,-9,Bubble,4.869910552
R-502,-9,Dew,4.869910552
R-502,-8,Bubble,5.045317437
R-502,-8,Dew,5.045317437
R-502,-7,Bubble,5.225386045
R-502,-7,Dew,5.225386045
R-502,-6,Bubble,5.410180257
R-502,-6,Dew,5.410180257
R-502,-5,Bubble,5.599762962
R-502,-5,Dew,5.599762962
R-502,-4,Bubble,5.794196008
R-502,-4,Dew,5.794196008
R-502,-3,Bubble,5.993540137
R-502,-3,Dew,5.993540137
R-502,-2,Bubble,6.19785494
R-502,-2,Dew,6.19785494
R-502,-1,Bubble,6.407198799
R-502,-1,Dew,6.407198799
R-502,0,Bubble,6.621628836
R-502,0,Dew,6.621628836
R-502,1,Bubble,6.841200862
R-502,1,Dew,6.841200862
R-502,2,Bubble,7.065969327
R-502,2,Dew,7.065969327
R-502,3,Bubble,7.295987272
R-502,3,Dew,7.295987272
R-502,4,Bubble,7.531306281
R-502,4,Dew,7.531306281
R-502,5,Bubble,7.771976438
R-502,5,Dew,7.771976438
R-502,6,Bubble,8.018046283
R-502,6,Dew,8.018046283
R-502,7,Bubble,8.269562766
R-502,7,Dew,8.269562766
R-502,8,Bubble,8.526571214
R-502,8,Dew,8.526571214
R-502,9,Bubble,8.789115289
R-502,9,Dew,8.789115289
R-502,10,Bubble,9.057236951
R-502,10,Dew,9.057236951
R-502,11,Bubble,9.330976429
R-502,11,Dew,9.330976429
R-502,12,Bubble,9.610372184
R-502,12,Dew,9.610372184
R-502,13,Bubble,9.895460887
R-502,13,Dew,9.895460887
R-502,14,Bubble,10.18627739
R-502,14,Dew,10.18627739
R-502,15,Bubble,10.48285468
R-502,15,Dew,10.48285468
R-502,16,Bubble,10.78522392
R-502,16,Dew,10.78522392
R-502,17,Bubble,11.09341435
R-502,17,Dew,11.09341435
R-502,18,Bubble,11.40745333
R-502,18,Dew,11.40745333
R-502,19,Bubble,11.7273663
R-502,19,Dew,11.7273663
R-502,20,Bubble,12.05317679
R-502,20,Dew,12.05317679
R-502,21,Bubble,12.38490639
R-502,21,Dew,12.38490639
R-502,22,Bubble,12.72257475
R-502,22,Dew,12.72257475
R-502,23,Bubble,13.0661996
R-502,23,Dew,13.0661996
R-502,24,Bubble,13.41579675
R-502,24,Dew,13.41579675
R-502,25,Bubble,13.77138006
R-502,25,Dew,13.77138006
R-502,26,Bubble,14.13296149
R-502,26,Dew,14.13296149
R-502,27,Bubble,14.50055111
R-502,27,Dew,14.50055111
R-502,28,Bubble,14.87415709
R-502,28,Dew,14.87415709
R-502,29,Bubble,15.25378573
R-502,29,Dew,15.25378573
R-502,30,Bubble,15.63944151
R-502,30,Dew,15.63944151
R-502,31,Bubble,16.03112708
R-502,31,Dew,16.03112708
R-502,32,Bubble,16.4288433
R-502,32,Dew,16.4288433
R-502,33,Bubble,16.83258932
R-502,33,Dew,16.83258932
R-502,34,Bubble,17.24236253
R-502,34,Dew,17.24236253
R-502,35,Bubble,17.65815868
R-502,35,Dew,17.65815868
R-502,36,Bubble,18.0799719
R-502,36,Dew,18.0799719
R-502,37,Bubble,18.50779474
R-502,37,Dew,18.50779474
R-502,38,Bubble,18.94161822
R-502,38,Dew,18.94161822
R-502,39,Bubble,19.38143192
R-502,39,Dew,19.38143192
R-502,40,Bubble,19.827224
R-502,40,Dew,19.827224
R-502,41,Bubble,20.27898129
R-502,41,Dew,20.27898129
R-502,42,Bubble,20.73668935
R-502,42,Dew,20.73668935
R-502,43,Bubble,21.20033253
R-502,43,Dew,21.20033253
R-502,44,Bubble,21.66989409
R-502,44,Dew,21.66989409
R-502,45,Bubble,22.14535622
R-502,45,Dew,22.14535622
R-502,46,Bubble,22.62670015
R-502,46,Dew,22.62670015
R-502,47,Bubble,23.11390625
R-502,47,Dew,23.11390625
R-502,48,Bubble,23.60695411
R-502,48,Dew,23.60695411
R-502,49,Bubble,24.10582261
R-502,49,Dew,24.10582261
R-502,50,Bubble,24.61049007
R-502,50,Dew,24.61049007
R-502,51,Bubble,25.12093427
R-502,51,Dew,25.12093427
R-502,52,Bubble,25.63713265
R-502,52,Dew,25.63713265
R-502,53,Bubble,26.15906234
R-502,53,Dew,26.15906234
R-502,54,Bubble,26.68670031
R-502,54,Dew,26.68670031
R-502,55,Bubble,27.22002346
R-502,55,Dew,27.22002346
R-502,56,Bubble,27.75900875
R-502,56,Dew,27.75900875
R-502,57,Bubble,28.30363334
R-502,57,Dew,28.30363334
R-502,58,Bubble,28.85387465
R-502,58,Dew,28.85387465
R-502,59,Bubble,29.40971055
R-502,59,Dew,29.40971055
R-502,60,Bubble,29.97111945
R-502,60,Dew,29.97111945
R-502,61,Bubble,30.53808044
R-502,61,Dew,30.53808044
R-502,62,Bubble,31.11057341
R-502,62,Dew,31.11057341
R-502,63,Bubble,31.68857922
R-502,63,Dew,31.68857922
R-502,64,Bubble,32.27207979
R-502,64,Dew,32.27207979
R-502,65,Bubble,32.86105826
R-502,65,Dew,32.86105826
R-502,66,Bubble,33.45549915
R-502,66,Dew,33.45549915
R-502,67,Bubble,34.05538845
R-502,67,Dew,34.05538845
R-502,68,Bubble,34.66071383
R-502,68,Dew,34.66071383
R-502,69,Bubble,35.27146472
R-502,69,Dew,35.27146472
R-502,70,Bubble,35.8876325
R-502,70,Dew,35.8876325
R-454B,-50,Bubble,1.102868567
R-454B,-50,Dew,0.9971095144
R-454B,-49,Bubble,1.159097092
R-454B,-49,Dew,1.048895145
R-454B,-48,Bubble,1.217649004
R-454B,-48,Dew,1.102868567
R-454B,-47,Bubble,1.278593531
R-454B,-47,Dew,1.159097092
R-454B,-46,Bubble,1.342000815
R-454B,-46,Dew,1.217649004
R-454B,-45,Bubble,1.407941877
R-454B,-45,Dew,1.278593531
R-454B,-44,Bubble,1.476488581
R-454B,-44,Dew,1.342000815
R-454B,-43,Bubble,1.547713599
R-454B,-43,Dew,1.407941877
R-454B,-42,Bubble,1.621690372
R-454B,-42,Dew,1.476488581
R-454B,-41,Bubble,1.698493067
R-454B,-41,Dew,1.547713599
R-454B,-40,Bubble,1.778196538
R-454B,-40,Dew,1.621690372
R-454B,-39,Bubble,1.860876279
R-454B,-39,Dew,1.698493067
R-454B,-38,Bubble,1.946608383
R-454B,-38,Dew,1.778196538
R-454B,-37,Bubble,2.035469487
R-454B,-37,Dew,1.860876279
R-454B,-36,Bubble,2.127536731
R-454B,-36,Dew,1.946608383
R-454B,-35,Bubble,2.222887703
R-454B,-35,Dew,2.035469487
R-454B,-34,Bubble,2.321600388
R-454B,-34,Dew,2.127536731
R-454B,-33,Bubble,2.423753116
R-454B,-33,Dew,2.222887703
R-454B,-32,Bubble,2.529424504
R-454B,-32,Dew,2.321600388
R-454B,-31,Bubble,2.638693403
R-454B,-31,Dew,2.423753116
R-454B,-30,Bubble,2.751638839
R-454B,-30,Dew,2.529424504
R-454B,-29,Bubble,2.868339956
R-454B,-29,Dew,2.638693403
R-454B,-28,Bubble,2.988875954
R-454B,-28,Dew,2.751638839
R-454B,-27,Bubble,3.11332603
R-454B,-27,Dew,2.868339956
R-454B,-26,Bubble,3.241769313
R-454B,-26,Dew,2.988875954
R-454B,-25,Bubble,3.374284807
R-454B,-25,Dew,3.11332603
R-454B,-24,Bubble,3.510951322
R-454B,-24,Dew,3.241769313
R-454B,-23,Bubble,3.651847413
R-454B,-23,Dew,3.374284807
R-454B,-22,Bubble,3.797051314
R-454B,-22,Dew,3.510951322
R-454B,-21,Bubble,3.94664087
R-454B,-21,Dew,3.651847413
R-454B,-20,Bubble,4.100693477
R-454B,-20,Dew,3.797051314
R-454B,-19,Bubble,4.25928601
R-454B,-19,Dew,3.94664087
R-454B,-18,Bubble,4.42249476
R-454B,-18,Dew,4.100693477
R-454B,-17,Bubble,4.590395364
R-454B,-17,Dew,4.25928601
R-454B,-16,Bubble,4.763062742
R-454B,-16,Dew,4.42249476
R-454B,-15,Bubble,4.940571028
R-454B,-15,Dew,4.590395364
R-454B,-14,Bubble,5.122993503
R-454B,-14,Dew,4.763062742
R-454B,-13,Bubble,5.310402531
R-454B,-13,Dew,4.940571028
R-454B,-12,Bubble,5.502869489
R-454B,-12,Dew,5.122993503
R-454B,-11,Bubble,5.700464708
R-454B,-11,Dew,5.310402531
R-454B,-10,Bubble,5.903257402
R-454B,-10,Dew,5.502869489
R-454B,-9,Bubble,6.111315607
R-454B,-9,Dew,5.700464708
R-454B,-8,Bubble,6.324706117
R-454B,-8,Dew,5.903257402
R-454B,-7,Bubble,6.543494423
R-454B,-7,Dew,6.111315607
R-454B,-6,Bubble,6.76774465
R-454B,-6,Dew,6.324706117
R-454B,-5,Bubble,6.997519498
R-454B,-5,Dew,6.543494423
R-454B,-4,Bubble,7.232880184
R-454B,-4,Dew,6.76774465
R-454B,-3,Bubble,7.473886385
R-454B,-3,Dew,6.997519498
R-454B,-2,Bubble,7.720596181
R-454B,-2,Dew,7.232880184
R-454B,-1,Bubble,7.973066001
R-454B,-1,Dew,7.473886385
R-454B,0,Bubble,8.231350574
R-454B,0,Dew,7.720596181
R-454B,1,Bubble,8.495502876
R-454B,1,Dew,7.973066001
R-454B,2,Bubble,8.765574082
R-454B,2,Dew,8.231350574
R-454B,3,Bubble,9.041613522
R-454B,3,Dew,8.495502876
R-454B,4,Bubble,9.323668637
R-454B,4,Dew,8.765574082
R-454B,5,Bubble,9.611784935
R-454B,5,Dew,9.041613522
R-454B,6,Bubble,9.906005958
R-454B,6,Dew,9.323668637
R-454B,7,Bubble,10.20637324
R-454B,7,Dew,9.611784935
R-454B,8,Bubble,10.51292627
R-454B,8,Dew,9.906005958
R-454B,9,Bubble,10.82570249
R-454B,9,Dew,10.20637324
R-454B,10,Bubble,11.14473722
R-454B,10,Dew,10.51292627
R-454B,11,Bubble,11.47006367
R-454B,11,Dew,10.82570249
R-454B,12,Bubble,11.80171291
R-454B,12,Dew,11.14473722
R-454B,13,Bubble,12.13971384
R-454B,13,Dew,11.47006367
R-454B,14,Bubble,12.4840932
R-454B,14,Dew,11.80171291
R-454B,15,Bubble,12.83487553
R-454B,15,Dew,12.13971384
R-454B,16,Bubble,13.19208319
R-454B,16,Dew,12.4840932
R-454B,17,Bubble,13.55573632
R-454B,17,Dew,12.83487553
R-454B,18,Bubble,13.92585289
R-454B,18,Dew,13.19208319
R-454B,19,Bubble,14.30244864
R-454B,19,Dew,13.55573632
R-454B,20,Bubble,14.68553716
R-454B,20,Dew,13.92585289
R-454B,21,Bubble,15.07512984
R-454B,21,Dew,14.30244864
R-454B,22,Bubble,15.47123591
R-454B,22,Dew,14.68553716
R-454B,23,Bubble,15.87386246
R-454B,23,Dew,15.07512984
R-454B,24,Bubble,16.28301447
R-454B,24,Dew,15.47123591
R-454B,25,Bubble,16.6986948
R-454B,25,Dew,15.87386246
R-454B,26,Bubble,17.12090427
R-454B,26,Dew,16.28301447
R-454B,27,Bubble,17.54964169
R-454B,27,Dew,16.6986948
R-454B,28,Bubble,17.98490384
R-454B,28,Dew,17.12090427
R-454B,29,Bubble,18.4266856
R-454B,29,Dew,17.54964169
R-454B,30,Bubble,18.87497993
R-454B,30,Dew,17.98490384
R-454B,31,Bubble,19.32977797
R-454B,31,Dew,18.4266856
R-454B,32,Bubble,19.79106905
R-454B,32,Dew,18.87497993
R-454B,33,Bubble,20.25884081
R-454B,33,Dew,19.32977797
R-454B,34,Bubble,20.7330792
R-454B,34,Dew,19.79106905
R-454B,35,Bubble,21.21376862
R-454B,35,Dew,20.25884081
R-454B,36,Bubble,21.70089191
R-454B,36,Dew,20.7330792
R-454B,37,Bubble,22.19443053
R-454B,37,Dew,21.21376862
R-454B,38,Bubble,22.69436454
R-454B,38,Dew,21.70089191
R-454B,39,Bubble,23.20067277
R-454B,39,Dew,22.19443053
R-454B,40,Bubble,23.71333285
R-454B,40,Dew,22.69436454
R-454B,41,Bubble,24.23232136
R-454B,41,Dew,23.20067277
R-454B,42,Bubble,24.75761387
R-454B,42,Dew,23.71333285
R-454B,43,Bubble,25.28918511
R-454B,43,Dew,24.23232136
R-454B,44,Bubble,25.82700901
R-454B,44,Dew,24.75761387
R-454B,45,Bubble,26.37105886
R-454B,45,Dew,25.28918511
R-454B,46,Bubble,26.9213074
R-454B,46,Dew,25.82700901
R-454B,47,Bubble,27.47772696
R-454B,47,Dew,26.37105886
R-454B,48,Bubble,28.04028956
R-454B,48,Dew,26.9213074
R-454B,49,Bubble,28.60896705
R-454B,49,Dew,27.47772696
R-454B,50,Bubble,29.18373123
R-454B,50,Dew,28.04028956
R-454B,51,Bubble,29.76455399
R-454B,51,Dew,28.60896705
R-454B,52,Bubble,30.35140746
R-454B,52,Dew,29.18373123
R-454B,53,Bubble,30.9442641
R-454B,53,Dew,29.76455399
R-454B,54,Bubble,31.54309692
R-454B,54,Dew,30.35140746
R-454B,55,Bubble,32.14787955
R-454B,55,Dew,30.9442641
R-454B,56,Bubble,32.75858643
R-454B,56,Dew,31.54309692
R-454B,57,Bubble,33.37519295
R-454B,57,Dew,32.14787955
R-454B,58,Bubble,33.9976756
R-454B,58,Dew,32.75858643
R-454B,59,Bubble,34.62601214
R-454B,59,Dew,33.37519295
R-454B,60,Bubble,35.26018173
R-454B,60,Dew,33.9976756
R-454B,61,Bubble,35.90016513
R-454B,61,Dew,34.62601214
R-454B,62,Bubble,36.54594481
R-454B,62,Dew,35.26018173
R-454B,63,Bubble,37.19750516
R-454B,63,Dew,35.90016513
R-454B,64,Bubble,37.85483264
R-454B,64,Dew,36.54594481
R-454B,65,Bubble,38.51791592
R-454B,65,Dew,37.19750516
R-454B,66,Bubble,39.18674608
R-454B,66,Dew,37.85483264
R-454B,67,Bubble,39.86131678
R-454B,67,Dew,38.51791592
R-454B,68,Bubble,40.54162439
R-454B,68,Dew,39.18674608
R-454B,69,Bubble,41.22766821
R-454B,69,Dew,39.86131678
R-454B,70,Bubble,41.91945061
R-454B,70,Dew,40.54162439
R-454C,-50,Bubble,0.8448613892
R-454C,-50,Dew,0.762034669
R-454C,-49,Bubble,0.8889870478
R-454C,-49,Dew,0.8025631435
R-454C,-48,Bubble,0.9349987642
R-454C,-48,Dew,0.8448613892
R-454C,-47,Bubble,0.9829561684
R-454C,-47,Dew,0.8889870478
R-454C,-46,Bubble,1.032919857
R-454C,-46,Dew,0.9349987642
R-454C,-45,Bubble,1.084951371
R-454C,-45,Dew,0.9829561684
R-454C,-44,Bubble,1.139113175
R-454C,-44,Dew,1.032919857
R-454C,-43,Bubble,1.195468632
R-454C,-43,Dew,1.084951371
R-454C,-42,Bubble,1.254081976
R-454C,-42,Dew,1.139113175
R-454C,-41,Bubble,1.315018289
R-454C,-41,Dew,1.195468632
R-454C,-40,Bubble,1.378343468
R-454C,-40,Dew,1.254081976
R-454C,-39,Bubble,1.444124197
R-454C,-39,Dew,1.315018289
R-454C,-38,Bubble,1.512427913
R-454C,-38,Dew,1.378343468
R-454C,-37,Bubble,1.583322776
R-454C,-37,Dew,1.444124197
R-454C,-36,Bubble,1.656877628
R-454C,-36,Dew,1.512427913
R-454C,-35,Bubble,1.733161961
R-454C,-35,Dew,1.583322776
R-454C,-34,Bubble,1.812245879
R-454C,-34,Dew,1.656877628
R-454C,-33,Bubble,1.894200056
R-454C,-33,Dew,1.733161961
R-454C,-32,Bubble,1.979095694
R-454C,-32,Dew,1.812245879
R-454C,-31,Bubble,2.067004484
R-454C,-31,Dew,1.894200056
R-454C,-30,Bubble,2.157998562
R-454C,-30,Dew,1.979095694
R-454C,-29,Bubble,2.252150459
R-454C,-29,Dew,2.067004484
R-454C,-28,Bubble,2.34953306
R-454C,-28,Dew,2.157998562
R-454C,-27,Bubble,2.450219554
R-454C,-27,Dew,2.252150459
R-454C,-26,Bubble,2.554283383
R-454C,-26,Dew,2.34953306
R-454C,-25,Bubble,2.661798197
R-454C,-25,Dew,2.450219554
R-454C,-24,Bubble,2.772837798
R-454C,-24,Dew,2.554283383
R-454C,-23,Bubble,2.887476089
R-454C,-23,Dew,2.661798197
R-454C,-22,Bubble,3.005787024
R-454C,-22,Dew,2.772837798
R-454C,-21,Bubble,3.127844547
R-454C,-21,Dew,2.887476089
R-454C,-20,Bubble,3.253722546
R-454C,-20,Dew,3.005787024
R-454C,-19,Bubble,3.383494789
R-454C,-19,Dew,3.127844547
R-454C,-18,Bubble,3.517234872
R-454C,-18,Dew,3.253722546
R-454C,-17,Bubble,3.655016161
R-454C,-17,Dew,3.383494789
R-454C,-16,Bubble,3.796911734
R-454C,-16,Dew,3.517234872
R-454C,-15,Bubble,3.942994321
R-454C,-15,Dew,3.655016161
R-454C,-14,Bubble,4.093336252
R-454C,-14,Dew,3.796911734
R-454C,-13,Bubble,4.248009387
R-454C,-13,Dew,3.942994321
R-454C,-12,Bubble,4.407085069
R-454C,-12,Dew,4.093336252
R-454C,-11,Bubble,4.570634054
R-454C,-11,Dew,4.248009387
R-454C,-10,Bubble,4.73872646
R-454C,-10,Dew,4.407085069
R-454C,-9,Bubble,4.911431702
R-454C,-9,Dew,4.570634054
R-454C,-8,Bubble,5.088818435
R-454C,-8,Dew,4.73872646
R-454C,-7,Bubble,5.270954496
R-454C,-7,Dew,4.911431702
R-454C,-6,Bubble,5.457906842
R-454C,-6,Dew,5.088818435
R-454C,-5,Bubble,5.649741494
R-454C,-5,Dew,5.270954496
R-454C,-4,Bubble,5.84652348
R-454C,-4,Dew,5.457906842
R-454C,-3,Bubble,6.048316776
R-454C,-3,Dew,5.649741494
R-454C,-2,Bubble,6.255184249
R-454C,-2,Dew,5.84652348
R-454C,-1,Bubble,6.467187603
R-454C,-1,Dew,6.048316776
R-454C,0,Bubble,6.684387323
R-454C,0,Dew,6.255184249
R-454C,1,Bubble,6.906842622
R-454C,1,Dew,6.467187603
R-454C,2,Bubble,7.134611388
R-454C,2,Dew,6.684387323
R-454C,3,Bubble,7.36775013
R-454C,3,Dew,6.906842622
R-454C,4,Bubble,7.606313933
R-454C,4,Dew,7.134611388
R-454C,5,Bubble,7.850356405
R-454C,5,Dew,7.36775013
R-454C,6,Bubble,8.099929629
R-454C,6,Dew,7.606313933
R-454C,7,Bubble,8.355084122
R-454C,7,Dew,7.850356405
R-454C,8,Bubble,8.615868787
R-454C,8,Dew,8.099929629
R-454C,9,Bubble,8.882330871
R-454C,9,Dew,8.355084122
R-454C,10,Bubble,9.154515928
R-454C,10,Dew,8.615868787
R-454C,11,Bubble,9.432467775
R-454C,11,Dew,8.882330871
R-454C,12,Bubble,9.716228464
R-454C,12,Dew,9.154515928
R-454C,13,Bubble,10.00583824
R-454C,13,Dew,9.432467775
R-454C,14,Bubble,10.30133551
R-454C,14,Dew,9.716228464
R-454C,15,Bubble,10.60275683
R-454C,15,Dew,10.00583824
R-454C,16,Bubble,10.91013685
R-454C,16,Dew,10.30133551
R-454C,17,Bubble,11.2235083
R-454C,17,Dew,10.60275683
R-454C,18,Bubble,11.542902
R-454C,18,Dew,10.91013685
R-454C,19,Bubble,11.86834679
R-454C,19,Dew,11.2235083
R-454C,20,Bubble,12.19986954
R-454C,20,Dew,11.542902
R-454C,21,Bubble,12.53749515
R-454C,21,Dew,11.86834679
R-454C,22,Bubble,12.88124651
R-454C,22,Dew,12.19986954
R-454C,23,Bubble,13.23114452
R-454C,23,Dew,12.53749515
R-454C,24,Bubble,13.58720806
R-454C,24,Dew,12.88124651
R-454C,25,Bubble,13.94945403
R-454C,25,Dew,13.23114452
R-454C,26,Bubble,14.31789729
R-454C,26,Dew,13.58720806
R-454C,27,Bubble,14.69255073
R-454C,27,Dew,13.94945403
R-454C,28,Bubble,15.07342523
R-454C,28,Dew,14.31789729
R-454C,29,Bubble,15.46052973
R-454C,29,Dew,14.69255073
R-454C,30,Bubble,15.85387116
R-454C,30,Dew,15.07342523
R-454C,31,Bubble,16.25345455
R-454C,31,Dew,15.46052973
R-454C,32,Bubble,16.65928299
R-454C,32,Dew,15.85387116
R-454C,33,Bubble,17.0713577
R-454C,33,Dew,16.25345455
R-454C,34,Bubble,17.48967801
R-454C,34,Dew,16.65928299
R-454C,35,Bubble,17.91424146
R-454C,35,Dew,17.0713577
R-454C,36,Bubble,18.34504377
R-454C,36,Dew,17.48967801
R-454C,37,Bubble,18.78207894
R-454C,37,Dew,17.91424146
R-454C,38,Bubble,19.22533924
R-454C,38,Dew,18.34504377
R-454C,39,Bubble,19.67481532
R-454C,39,Dew,18.78207894
R-454C,40,Bubble,20.13049621
R-454C,40,Dew,19.22533924
R-454C,41,Bubble,20.5923694
R-454C,41,Dew,19.67481532
R-454C,42,Bubble,21.06042089
R-454C,42,Dew,20.13049621
R-454C,43,Bubble,21.53463528
R-454C,43,Dew,20.5923694
R-454C,44,Bubble,22.01499581
R-454C,44,Dew,21.06042089
R-454C,45,Bubble,22.50148443
R-454C,45,Dew,21.53463528
R-454C,46,Bubble,22.9940819
R-454C,46,Dew,22.01499581
R-454C,47,Bubble,23.49276783
R-454C,47,Dew,22.50148443
R-454C,48,Bubble,23.99752082
R-454C,48,Dew,22.9940819
R-454C,49,Bubble,24.50831849
R-454C,49,Dew,23.49276783
R-454C,50,Bubble,25.02513759
R-454C,50,Dew,23.99752082
R-454C,51,Bubble,25.5479541
R-454C,51,Dew,24.50831849
R-454C,52,Bubble,26.07674332
R-454C,52,Dew,25.02513759
R-454C,53,Bubble,26.61147997
R-454C,53,Dew,25.5479541
R-454C,54,Bubble,27.1521383
R-454C,54,Dew,26.07674332
R-454C,55,Bubble,27.69869216
R-454C,55,Dew,26.61147997
R-454C,56,Bubble,28.25111518
R-454C,56,Dew,27.1521383
R-454C,57,Bubble,28.80938081
R-454C,57,Dew,27.69869216
R-454C,58,Bubble,29.37346248
R-454C,58,Dew,28.25111518
R-454C,59,Bubble,29.9433337
R-454C,59,Dew,28.80938081
R-454C,60,Bubble,30.51896819
R-454C,60,Dew,29.37346248
R-454C,61,Bubble,31.10034
R-454C,61,Dew,29.9433337
R-454C,62,Bubble,31.68742363
R-454C,62,Dew,30.51896819
R-454C,63,Bubble,32.28019418
R-454C,63,Dew,31.10034
R-454C,64,Bubble,32.87862745
R-454C,64,Dew,31.68742363
R-454C,65,Bubble,33.48270009
R-454C,65,Dew,32.28019418
R-454C,66,Bubble,34.09238976
R-454C,66,Dew,32.87862745
R-454C,67,Bubble,34.70767523
R-454C,67,Dew,33.48270009
R-454C,68,Bubble,35.32853652
R-454C,68,Dew,34.09238976
R-454C,69,Bubble,35.95495508
R-454C,69,Dew,34.70767523
R-454C,70,Bubble,36.5869139
R-454C,70,Dew,35.32853652
R-455A,-50,Bubble,1.141971517
R-455A,-50,Dew,0.6162430504
R-455A,-49,Bubble,1.200000816
R-455A,-49,Dew,0.6490298555
R-455A,-48,Bubble,1.260429575
R-455A,-48,Dew,0.6832286629
R-455A,-47,Bubble,1.323330171
R-455A,-47,Dew,0.7188846362
R-455A,-46,Bubble,1.388776015
R-455A,-46,Dew,0.7560437932
R-455A,-45,Bubble,1.456841528
R-455A,-45,Dew,0.7971017502
R-455A,-44,Bubble,1.527602104
R-455A,-44,Dew,0.8402687682
R-455A,-43,Bubble,1.601134081
R-455A,-43,Dew,0.8853597908
R-455A,-42,Bubble,1.6775147
R-455A,-42,Dew,0.9324392488
R-455A,-41,Bubble,1.756822074
R-455A,-41,Dew,0.9815727683
R-455A,-40,Bubble,1.839135141
R-455A,-40,Dew,1.032827154
R-455A,-39,Bubble,1.924533632
R-455A,-39,Dew,1.086270369
R-455A,-38,Bubble,2.01309802
R-455A,-38,Dew,1.141971517
R-455A,-37,Bubble,2.104909481
R-455A,-37,Dew,1.200000816
R-455A,-36,Bubble,2.200049844
R-455A,-36,Dew,1.260429575
R-455A,-35,Bubble,2.298601546
R-455A,-35,Dew,1.323330171
R-455A,-34,Bubble,2.40064758
R-455A,-34,Dew,1.388776015
R-455A,-33,Bubble,2.506271446
R-455A,-33,Dew,1.456841528
R-455A,-32,Bubble,2.615557095
R-455A,-32,Dew,1.527602104
R-455A,-31,Bubble,2.728588878
R-455A,-31,Dew,1.601134081
R-455A,-30,Bubble,2.845451487
R-455A,-30,Dew,1.6775147
R-455A,-29,Bubble,2.966229902
R-455A,-29,Dew,1.756822074
R-455A,-28,Bubble,3.091009327
R-455A,-28,Dew,1.839135141
R-455A,-27,Bubble,3.219875135
R-455A,-27,Dew,1.924533632
R-455A,-26,Bubble,3.352912802
R-455A,-26,Dew,2.01309802
R-455A,-25,Bubble,3.490207851
R-455A,-25,Dew,2.104909481
R-455A,-24,Bubble,3.631845781
R-455A,-24,Dew,2.200049844
R-455A,-23,Bubble,3.777912009
R-455A,-23,Dew,2.298601546
R-455A,-22,Bubble,3.9284918
R-455A,-22,Dew,2.40064758
R-455A,-21,Bubble,4.083670205
R-455A,-21,Dew,2.506271446
R-455A,-20,Bubble,4.24353199
R-455A,-20,Dew,2.615557095
R-455A,-19,Bubble,4.408161569
R-455A,-19,Dew,2.728588878
R-455A,-18,Bubble,4.577642939
R-455A,-18,Dew,2.845451487
R-455A,-17,Bubble,4.752059606
R-455A,-17,Dew,2.966229902
R-455A,-16,Bubble,4.931494521
R-455A,-16,Dew,3.091009327
R-455A,-15,Bubble,5.116030004
R-455A,-15,Dew,3.219875135
R-455A,-14,Bubble,5.30574768
R-455A,-14,Dew,3.352912802
R-455A,-13,Bubble,5.500728408
R-455A,-13,Dew,3.490207851
R-455A,-12,Bubble,5.701052208
R-455A,-12,Dew,3.631845781
R-455A,-11,Bubble,5.906798192
R-455A,-11,Dew,3.777912009
R-455A,-10,Bubble,6.118044497
R-455A,-10,Dew,3.9284918
R-455A,-9,Bubble,6.334868213
R-455A,-9,Dew,4.083670205
R-455A,-8,Bubble,6.557345315
R-455A,-8,Dew,4.24353199
R-455A,-7,Bubble,6.785550594
R-455A,-7,Dew,4.408161569
R-455A,-6,Bubble,7.019557588
R-455A,-6,Dew,4.577642939
R-455A,-5,Bubble,7.25943852
R-455A,-5,Dew,4.752059606
R-455A,-4,Bubble,7.505264223
R-455A,-4,Dew,4.931494521
R-455A,-3,Bubble,7.757104085
R-455A,-3,Dew,5.116030004
R-455A,-2,Bubble,8.015025975
R-455A,-2,Dew,5.30574768
R-455A,-1,Bubble,8.27909619
R-455A,-1,Dew,5.500728408
R-455A,0,Bubble,8.549379383
R-455A,0,Dew,5.701052208
R-455A,1,Bubble,8.825938511
R-455A,1,Dew,5.906798192
R-455A,2,Bubble,9.108834774
R-455A,2,Dew,6.118044497
R-455A,3,Bubble,9.398127556
R-455A,3,Dew,6.334868213
R-455A,4,Bubble,9.693874374
R-455A,4,Dew,6.557345315
R-455A,5,Bubble,9.99613082
R-455A,5,Dew,6.785550594
R-455A,6,Bubble,10.30495051
R-455A,6,Dew,7.019557588
R-455A,7,Bubble,10.62038505
R-455A,7,Dew,7.25943852
R-455A,8,Bubble,10.94248396
R-455A,8,Dew,7.505264223
R-455A,9,Bubble,11.27129466
R-455A,9,Dew,7.757104085
R-455A,10,Bubble,11.60686241
R-455A,10,Dew,8.015025975
R-455A,11,Bubble,11.94923027
R-455A,11,Dew,8.27909619
R-455A,12,Bubble,12.29843908
R-455A,12,Dew,8.549379383
R-455A,13,Bubble,12.6545274
R-455A,13,Dew,8.825938511
R-455A,14,Bubble,13.01753152
R-455A,14,Dew,9.108834774
R-455A,15,Bubble,13.38748538
R-455A,15,Dew,9.398127556
R-455A,16,Bubble,13.76442058
R-455A,16,Dew,9.693874374
R-455A,17,Bubble,14.14836636
R-455A,17,Dew,9.99613082
R-455A,18,Bubble,14.53934957
R-455A,18,Dew,10.30495051
R-455A,19,Bubble,14.93739465
R-455A,19,Dew,10.62038505
R-455A,20,Bubble,15.34252364
R-455A,20,Dew,10.94248396
R-455A,21,Bubble,15.75475613
R-455A,21,Dew,11.27129466
R-455A,22,Bubble,16.17410932
R-455A,22,Dew,11.60686241
R-455A,23,Bubble,16.60059797
R-455A,23,Dew,11.94923027
R-455A,24,Bubble,17.03423441
R-455A,24,Dew,12.29843908
R-455A,25,Bubble,17.47502856
R-455A,25,Dew,12.6545274
R-455A,26,Bubble,17.92298794
R-455A,26,Dew,13.01753152
R-455A,27,Bubble,18.37811768
R-455A,27,Dew,13.38748538
R-455A,28,Bubble,18.84042053
R-455A,28,Dew,13.76442058
R-455A,29,Bubble,19.30989691
R-455A,29,Dew,14.14836636
R-455A,30,Bubble,19.78654491
R-455A,30,Dew,14.53934957
R-455A,31,Bubble,20.27036033
R-455A,31,Dew,14.93739465
R-455A,32,Bubble,20.76133672
R-455A,32,Dew,15.34252364
R-455A,33,Bubble,21.25946542
R-455A,33,Dew,15.75475613
R-455A,34,Bubble,21.7647356
R-455A,34,Dew,16.17410932
R-455A,35,Bubble,22.27713431
R-455A,35,Dew,16.60059797
R-455A,36,Bubble,22.79664653
R-455A,36,Dew,17.03423441
R-455A,37,Bubble,23.32325524
R-455A,37,Dew,17.47502856
R-455A,38,Bubble,23.85694146
R-455A,38,Dew,17.92298794
R-455A,39,Bubble,24.39768432
R-455A,39,Dew,18.37811768
R-455A,40,Bubble,24.94546116
R-455A,40,Dew,18.84042053
R-455A,41,Bubble,25.50024755
R-455A,41,Dew,19.30989691
R-455A,42,Bubble,26.06201742
R-455A,42,Dew,19.78654491
R-455A,43,Bubble,26.63074311
R-455A,43,Dew,20.27036033
R-455A,44,Bubble,27.20639549
R-455A,44,Dew,20.76133672
R-455A,45,Bubble,27.78894399
R-455A,45,Dew,21.25946542
R-455A,46,Bubble,28.37835676
R-455A,46,Dew,21.7647356
R-455A,47,Bubble,28.97460076
R-455A,47,Dew,22.27713431
R-455A,48,Bubble,29.5776418
R-455A,48,Dew,22.79664653
R-455A,49,Bubble,30.18744473
R-455A,49,Dew,23.32325524
R-455A,50,Bubble,30.8039735
R-455A,50,Dew,23.85694146
R-455A,51,Bubble,31.42719131
R-455A,51,Dew,24.39768432
R-455A,52,Bubble,32.05706068
R-455A,52,Dew,24.94546116
R-455A,53,Bubble,32.69354361
R-455A,53,Dew,25.50024755
R-455A,54,Bubble,33.33660171
R-455A,54,Dew,26.06201742
R-455A,55,Bubble,33.98619631
R-455A,55,Dew,26.63074311
R-455A,56,Bubble,34.64228858
R-455A,56,Dew,27.20639549
R-455A,57,Bubble,35.30483973
R-455A,57,Dew,27.78894399
R-455A,58,Bubble,35.97381106
R-455A,58,Dew,28.37835676
R-455A,59,Bubble,36.64916417
R-455A,59,Dew,28.97460076
R-455A,60,Bubble,37.33086109
R-455A,60,Dew,29.5776418
R-455A,61,Bubble,38.0188644
R-455A,61,Dew,30.18744473
R-455A,62,Bubble,38.71313742
R-455A,62,Dew,30.8039735
R-455A,63,Bubble,39.41364434
R-455A,63,Dew,31.42719131
R-455A,64,Bubble,40.12035038
R-455A,64,Dew,32.05706068
R-455A,65,Bubble,40.83322197
R-455A,65,Dew,32.69354361
R-455A,66,Bubble,41.55222686
R-455A,66,Dew,33.33660171
R-455A,67,Bubble,42.27733434
R-455A,67,Dew,33.98619631
R-455A,68,Bubble,43.00851537
R-455A,68,Dew,34.64228858
R-455A,69,Bubble,43.74574274
R-455A,69,Dew,35.30483973
R-455A,70,Bubble,44.48899128
R-455A,70,Dew,35.97381106
R-458A,-50,Bubble,0.711398191
R-458A,-50,Dew,0.6406676276
R-458A,-49,Bubble,0.7491239814
R-458A,-49,Dew,0.6752632464
R-458A,-48,Bubble,0.788493096
R-458A,-48,Dew,0.711398191
R-458A,-47,Bubble,0.8295589577
R-458A,-47,Dew,0.7491239814
R-458A,-46,Bubble,0.87237592
R-458A,-46,Dew,0.788493096
R-458A,-45,Bubble,0.9169992499
R-458A,-45,Dew,0.8295589577
R-458A,-44,Bubble,0.9634851109
R-458A,-44,Dew,0.87237592
R-458A,-43,Bubble,1.011890544
R-458A,-43,Dew,0.9169992499
R-458A,-42,Bubble,1.062273445
R-458A,-42,Dew,0.9634851109
R-458A,-41,Bubble,1.114692548
R-458A,-41,Dew,1.011890544
R-458A,-40,Bubble,1.169207395
R-458A,-40,Dew,1.062273445
R-458A,-39,Bubble,1.225878316
R-458A,-39,Dew,1.114692548
R-458A,-38,Bubble,1.284766399
R-458A,-38,Dew,1.169207395
R-458A,-37,Bubble,1.345933466
R-458A,-37,Dew,1.225878316
R-458A,-36,Bubble,1.409442042
R-458A,-36,Dew,1.284766399
R-458A,-35,Bubble,1.475355321
R-458A,-35,Dew,1.345933466
R-458A,-34,Bubble,1.543737142
R-458A,-34,Dew,1.409442042
R-458A,-33,Bubble,1.614651945
R-458A,-33,Dew,1.475355321
R-458A,-32,Bubble,1.688164747
R-458A,-32,Dew,1.543737142
R-458A,-31,Bubble,1.764341095
R-458A,-31,Dew,1.614651945
R-458A,-30,Bubble,1.843247038
R-458A,-30,Dew,1.688164747
R-458A,-29,Bubble,1.924949083
R-458A,-29,Dew,1.764341095
R-458A,-28,Bubble,2.009514155
R-458A,-28,Dew,1.843247038
R-458A,-27,Bubble,2.097009558
R-458A,-27,Dew,1.924949083
R-458A,-26,Bubble,2.18750293
R-458A,-26,Dew,2.009514155
R-458A,-25,Bubble,2.281062202
R-458A,-25,Dew,2.097009558
R-458A,-24,Bubble,2.377755549
R-458A,-24,Dew,2.18750293
R-458A,-23,Bubble,2.477651351
R-458A,-23,Dew,2.281062202
R-458A,-22,Bubble,2.58081814
R-458A,-22,Dew,2.377755549
R-458A,-21,Bubble,2.687324554
R-458A,-21,Dew,2.477651351
R-458A,-20,Bubble,2.79723929
R-458A,-20,Dew,2.58081814
R-458A,-19,Bubble,2.910631052
R-458A,-19,Dew,2.687324554
R-458A,-18,Bubble,3.027568503
R-458A,-18,Dew,2.79723929
R-458A,-17,Bubble,3.148120214
R-458A,-17,Dew,2.910631052
R-458A,-16,Bubble,3.272354609
R-458A,-16,Dew,3.027568503
R-458A,-15,Bubble,3.400339917
R-458A,-15,Dew,3.148120214
R-458A,-14,Bubble,3.532144117
R-458A,-14,Dew,3.272354609
R-458A,-13,Bubble,3.667834885
R-458A,-13,Dew,3.400339917
R-458A,-12,Bubble,3.807479539
R-458A,-12,Dew,3.532144117
R-458A,-11,Bubble,3.951144989
R-458A,-11,Dew,3.667834885
R-458A,-10,Bubble,4.09889768
R-458A,-10,Dew,3.807479539
R-458A,-9,Bubble,4.250803537
R-458A,-9,Dew,3.951144989
R-458A,-8,Bubble,4.406927914
R-458A,-8,Dew,4.09889768
R-458A,-7,Bubble,4.567335534
R-458A,-7,Dew,4.250803537
R-458A,-6,Bubble,4.732090443
R-458A,-6,Dew,4.406927914
R-458A,-5,Bubble,4.901255948
R-458A,-5,Dew,4.567335534
R-458A,-4,Bubble,5.074894568
R-458A,-4,Dew,4.732090443
R-458A,-3,Bubble,5.25306798
R-458A,-3,Dew,4.901255948
R-458A,-2,Bubble,5.435836963
R-458A,-2,Dew,5.074894568
R-458A,-1,Bubble,5.623261351
R-458A,-1,Dew,5.25306798
R-458A,0,Bubble,5.815399977
R-458A,0,Dew,5.435836963
R-458A,1,Bubble,6.012310622
R-458A,1,Dew,5.623261351
R-458A,2,Bubble,6.214049969
R-458A,2,Dew,5.815399977
R-458A,3,Bubble,6.420673549
R-458A,3,Dew,6.012310622
R-458A,4,Bubble,6.632235694
R-458A,4,Dew,6.214049969
R-458A,5,Bubble,6.848789493
R-458A,5,Dew,6.420673549
R-458A,6,Bubble,7.070386743
R-458A,6,Dew,6.632235694
R-458A,7,Bubble,7.297077902
R-458A,7,Dew,6.848789493
R-458A,8,Bubble,7.528912053
R-458A,8,Dew,7.070386743
R-458A,9,Bubble,7.765936855
R-458A,9,Dew,7.297077902
R-458A,10,Bubble,8.008198508
R-458A,10,Dew,7.528912053
R-458A,11,Bubble,8.255741709
R-458A,11,Dew,7.765936855
R-458A,12,Bubble,8.508609623
R-458A,12,Dew,8.008198508
R-458A,13,Bubble,8.766843839
R-458A,13,Dew,8.255741709
R-458A,14,Bubble,9.030484344
R-458A,14,Dew,8.508609623
R-458A,15,Bubble,9.29956949
R-458A,15,Dew,8.766843839
R-458A,16,Bubble,9.574135962
R-458A,16,Dew,9.030484344
R-458A,17,Bubble,9.854218757
R-458A,17,Dew,9.29956949
R-458A,18,Bubble,10.13985116
R-458A,18,Dew,9.574135962
R-458A,19,Bubble,10.4310647
R-458A,19,Dew,9.854218757
R-458A,20,Bubble,10.72788917
R-458A,20,Dew,10.13985116
R-458A,21,Bubble,11.03035259
R-458A,21,Dew,10.4310647
R-458A,22,Bubble,11.33848118
R-458A,22,Dew,10.72788917
R-458A,23,Bubble,11.65229935
R-458A,23,Dew,11.03035259
R-458A,24,Bubble,11.97182973
R-458A,24,Dew,11.33848118
R-458A,25,Bubble,12.29709311
R-458A,25,Dew,11.65229935
R-458A,26,Bubble,12.62810847
R-458A,26,Dew,11.97182973
R-458A,27,Bubble,12.96489296
R-458A,27,Dew,12.29709311
R-458A,28,Bubble,13.30746193
R-458A,28,Dew,12.62810847
R-458A,29,Bubble,13.65582891
R-458A,29,Dew,12.96489296
R-458A,30,Bubble,14.01000563
R-458A,30,Dew,13.30746193
R-458A,31,Bubble,14.37000202
R-458A,31,Dew,13.65582891
R-458A,32,Bubble,14.73582625
R-458A,32,Dew,14.01000563
R-458A,33,Bubble,15.10748471
R-458A,33,Dew,14.37000202
R-458A,34,Bubble,15.48498207
R-458A,34,Dew,14.73582625
R-458A,35,Bubble,15.86832128
R-458A,35,Dew,15.10748471
R-458A,36,Bubble,16.25750363
R-458A,36,Dew,15.48498207
R-458A,37,Bubble,16.65252873
R-458A,37,Dew,15.86832128
R-458A,38,Bubble,17.05339457
R-458A,38,Dew,16.25750363
R-458A,39,Bubble,17.4600976
R-458A,39,Dew,16.65252873
R-458A,40,Bubble,17.87263269
R-458A,40,Dew,17.05339457
R-458A,41,Bubble,18.29099324
R-458A,41,Dew,17.4600976
R-458A,42,Bubble,18.71517122
R-458A,42,Dew,17.87263269
R-458A,43,Bubble,19.14515718
R-458A,43,Dew,18.29099324
R-458A,44,Bubble,19.58094036
R-458A,44,Dew,18.71517122
R-458A,45,Bubble,20.0225087
R-458A,45,Dew,19.14515718
R-458A,46,Bubble,20.46984896
R-458A,46,Dew,19.58094036
R-458A,47,Bubble,20.92294672
R-458A,47,Dew,20.0225087
R-458A,48,Bubble,21.38178651
R-458A,48,Dew,20.46984896
R-458A,49,Bubble,21.84635183
R-458A,49,Dew,20.92294672
R-458A,50,Bubble,22.31662527
R-458A,50,Dew,21.38178651
R-458A,51,Bubble,22.79258855
R-458A,51,Dew,21.84635183
R-458A,52,Bubble,23.27422264
R-458A,52,Dew,22.31662527
R-458A,53,Bubble,23.76150783
R-458A,53,Dew,22.79258855
R-458A,54,Bubble,24.25442381
R-458A,54,Dew,23.27422264
R-458A,55,Bubble,24.75294975
R-458A,55,Dew,23.76150783
R-458A,56,Bubble,25.25706446
R-458A,56,Dew,24.25442381
R-458A,57,Bubble,25.7667464
R-458A,57,Dew,24.75294975
R-458A,58,Bubble,26.28197384
R-458A,58,Dew,25.25706446
R-458A,59,Bubble,26.80272496
R-458A,59,Dew,25.7667464
R-458A,60,Bubble,27.32897793
R-458A,60,Dew,26.28197384
R-458A,61,Bubble,27.86071102
R-458A,61,Dew,26.80272496
R-458A,62,Bubble,28.39790276
R-458A,62,Dew,27.32897793
R-458A,63,Bubble,28.94053199
R-458A,63,Dew,27.86071102
R-458A,64,Bubble,29.48857803
R-458A,64,Dew,28.39790276
R-458A,65,Bubble,30.04202076
R-458A,65,Dew,28.94053199
R-458A,66,Bubble,30.60084077
R-458A,66,Dew,29.48857803
R-458A,67,Bubble,31.16501945
R-458A,67,Dew,30.04202076
R-458A,68,Bubble,31.73453918
R-458A,68,Dew,30.60084077
R-458A,69,Bubble,32.30938336
R-458A,69,Dew,31.16501945
R-458A,70,Bubble,32.88953665
R-458A,70,Dew,31.73453918
R-466A,-50,Bubble,1.128879175
R-466A,-50,Dew,1.020842032
R-466A,-49,Bubble,1.186314654
R-466A,-49,Dew,1.073744556
R-466A,-48,Bubble,1.246120771
R-466A,-48,Dew,1.128879175
R-466A,-47,Bubble,1.308368286
R-466A,-47,Dew,1.186314654
R-466A,-46,Bubble,1.373128911
R-466A,-46,Dew,1.246120771
R-466A,-45,Bubble,1.440475277
R-466A,-45,Dew,1.308368286
R-466A,-44,Bubble,1.5104809
R-466A,-44,Dew,1.373128911
R-466A,-43,Bubble,1.583220141
R-466A,-43,Dew,1.440475277
R-466A,-42,Bubble,1.658768173
R-466A,-42,Dew,1.5104809
R-466A,-41,Bubble,1.737200936
R-466A,-41,Dew,1.583220141
R-466A,-40,Bubble,1.818595099
R-466A,-40,Dew,1.658768173
R-466A,-39,Bubble,1.903028011
R-466A,-39,Dew,1.737200936
R-466A,-38,Bubble,1.990577662
R-466A,-38,Dew,1.818595099
R-466A,-37,Bubble,2.081322632
R-466A,-37,Dew,1.903028011
R-466A,-36,Bubble,2.175342043
R-466A,-36,Dew,1.990577662
R-466A,-35,Bubble,2.272715507
R-466A,-35,Dew,2.081322632
R-466A,-34,Bubble,2.373523079
R-466A,-34,Dew,2.175342043
R-466A,-33,Bubble,2.477845197
R-466A,-33,Dew,2.272715507
R-466A,-32,Bubble,2.585762634
R-466A,-32,Dew,2.373523079
R-466A,-31,Bubble,2.697356434
R-466A,-31,Dew,2.477845197
R-466A,-30,Bubble,2.812707863
R-466A,-30,Dew,2.585762634
R-466A,-29,Bubble,2.931898342
R-466A,-29,Dew,2.697356434
R-466A,-28,Bubble,3.055009392
R-466A,-28,Dew,2.812707863
R-466A,-27,Bubble,3.182122573
R-466A,-27,Dew,2.931898342
R-466A,-26,Bubble,3.313319416
R-466A,-26,Dew,3.055009392
R-466A,-25,Bubble,3.448681368
R-466A,-25,Dew,3.182122573
R-466A,-24,Bubble,3.588289721
R-466A,-24,Dew,3.313319416
R-466A,-23,Bubble,3.73222555
R-466A,-23,Dew,3.448681368
R-466A,-22,Bubble,3.880569647
R-466A,-22,Dew,3.588289721
R-466A,-21,Bubble,4.033402454
R-466A,-21,Dew,3.73222555
R-466A,-20,Bubble,4.190803997
R-466A,-20,Dew,3.880569647
R-466A,-19,Bubble,4.352853817
R-466A,-19,Dew,4.033402454
R-466A,-18,Bubble,4.519630903
R-466A,-18,Dew,4.190803997
R-466A,-17,Bubble,4.691213626
R-466A,-17,Dew,4.352853817
R-466A,-16,Bubble,4.867679666
R-466A,-16,Dew,4.519630903
R-466A,-15,Bubble,5.04910595
R-466A,-15,Dew,4.691213626
R-466A,-14,Bubble,5.235568578
R-466A,-14,Dew,4.867679666
R-466A,-13,Bubble,5.427142758
R-466A,-13,Dew,5.04910595
R-466A,-12,Bubble,5.623902738
R-466A,-12,Dew,5.235568578
R-466A,-11,Bubble,5.82592174
R-466A,-11,Dew,5.427142758
R-466A,-10,Bubble,6.033271888
R-466A,-10,Dew,5.623902738
R-466A,-9,Bubble,6.246024149
R-466A,-9,Dew,5.82592174
R-466A,-8,Bubble,6.464248261
R-466A,-8,Dew,6.033271888
R-466A,-7,Bubble,6.688012673
R-466A,-7,Dew,6.246024149
R-466A,-6,Bubble,6.917384478
R-466A,-6,Dew,6.464248261
R-466A,-5,Bubble,7.152429355
R-466A,-5,Dew,6.688012673
R-466A,-4,Bubble,7.393211501
R-466A,-4,Dew,6.917384478
R-466A,-3,Bubble,7.639793578
R-466A,-3,Dew,7.152429355
R-466A,-2,Bubble,7.892236649
R-466A,-2,Dew,7.393211501
R-466A,-1,Bubble,8.150600123
R-466A,-1,Dew,7.639793578
R-466A,0,Bubble,8.414941703
R-466A,0,Dew,7.892236649
R-466A,1,Bubble,8.685317325
R-466A,1,Dew,8.150600123
R-466A,2,Bubble,8.961781115
R-466A,2,Dew,8.414941703
R-466A,3,Bubble,9.244385333
R-466A,3,Dew,8.685317325
R-466A,4,Bubble,9.53318033
R-466A,4,Dew,8.961781115
R-466A,5,Bubble,9.828214501
R-466A,5,Dew,9.244385333
R-466A,6,Bubble,10.12953424
R-466A,6,Dew,9.53318033
R-466A,7,Bubble,10.43718391
R-466A,7,Dew,9.828214501
R-466A,8,Bubble,10.75120579
R-466A,8,Dew,10.12953424
R-466A,9,Bubble,11.07164005
R-466A,9,Dew,10.43718391
R-466A,10,Bubble,11.39852472
R-466A,10,Dew,10.75120579
R-466A,11,Bubble,11.73189566
R-466A,11,Dew,11.07164005
R-466A,12,Bubble,12.07178653
R-466A,12,Dew,11.39852472
R-466A,13,Bubble,12.41822878
R-466A,13,Dew,11.73189566
R-466A,14,Bubble,12.7712516
R-466A,14,Dew,12.07178653
R-466A,15,Bubble,13.13088194
R-466A,15,Dew,12.41822878
R-466A,16,Bubble,13.49714449
R-466A,16,Dew,12.7712516
R-466A,17,Bubble,13.87006164
R-466A,17,Dew,13.13088194
R-466A,18,Bubble,14.24965351
R-466A,18,Dew,13.49714449
R-466A,19,Bubble,14.63593795
R-466A,19,Dew,13.87006164
R-466A,20,Bubble,15.02893051
R-466A,20,Dew,14.24965351
R-466A,21,Bubble,15.42864445
R-466A,21,Dew,14.63593795
R-466A,22,Bubble,15.8350908
R-466A,22,Dew,15.02893051
R-466A,23,Bubble,16.24827831
R-466A,23,Dew,15.42864445
R-466A,24,Bubble,16.6682135
R-466A,24,Dew,15.8350908
R-466A,25,Bubble,17.09490067
R-466A,25,Dew,16.24827831
R-466A,26,Bubble,17.52834195
R-466A,26,Dew,16.6682135
R-466A,27,Bubble,17.96853731
R-466A,27,Dew,17.09490067
R-466A,28,Bubble,18.41548456
R-466A,28,Dew,17.52834195
R-466A,29,Bubble,18.86917948
R-466A,29,Dew,17.96853731
R-466A,30,Bubble,19.32961577
R-466A,30,Dew,18.41548456
R-466A,31,Bubble,19.79678515
R-466A,31,Dew,18.86917948
R-466A,32,Bubble,20.27067738
R-466A,32,Dew,19.32961577
R-466A,33,Bubble,20.75128035
R-466A,33,Dew,19.79678515
R-466A,34,Bubble,21.23858012
R-466A,34,Dew,20.27067738
R-466A,35,Bubble,21.73256097
R-466A,35,Dew,20.75128035
R-466A,36,Bubble,22.23320551
R-466A,36,Dew,21.23858012
R-466A,37,Bubble,22.7404947
R-466A,37,Dew,21.73256097
R-466A,38,Bubble,23.25440798
R-466A,38,Dew,22.23320551
R-466A,39,Bubble,23.77492332
R-466A,39,Dew,22.7404947
R-466A,40,Bubble,24.30201731
R-466A,40,Dew,23.25440798
R-466A,41,Bubble,24.83566524
R-466A,41,Dew,23.77492332
R-466A,42,Bubble,25.37584124
R-466A,42,Dew,24.30201731
R-466A,43,Bubble,25.92251831
R-466A,43,Dew,24.83566524
R-466A,44,Bubble,26.4756685
R-466A,44,Dew,25.37584124
R-466A,45,Bubble,27.03526292
R-466A,45,Dew,25.92251831
R-466A,46,Bubble,27.60127196
R-466A,46,Dew,26.4756685
R-466A,47,Bubble,28.17366532
R-466A,47,Dew,27.03526292
R-466A,48,Bubble,28.75241216
R-466A,48,Dew,27.60127196
R-466A,49,Bubble,29.33748123
R-466A,49,Dew,28.17366532
R-466A,50,Bubble,29.92884098
R-466A,50,Dew,28.75241216
R-466A,51,Bubble,30.5264597
R-466A,51,Dew,29.33748123
R-466A,52,Bubble,31.13030563
R-466A,52,Dew,29.92884098
R-466A,53,Bubble,31.74034714
R-466A,53,Dew,30.5264597
R-466A,54,Bubble,32.35655282
R-466A,54,Dew,31.13030563
R-466A,55,Bubble,32.97889165
R-466A,55,Dew,31.74034714
R-466A,56,Bubble,33.60733316
R-466A,56,Dew,32.35655282
R-466A,57,Bubble,34.24184753
R-466A,57,Dew,32.97889165
R-466A,58,Bubble,34.88240578
R-466A,58,Dew,33.60733316
R-466A,59,Bubble,35.52897992
R-466A,59,Dew,34.24184753
R-466A,60,Bubble,36.18154308
R-466A,60,Dew,34.88240578
R-466A,61,Bubble,36.84006969
R-466A,61,Dew,35.52897992
R-466A,62,Bubble,37.50453566
R-466A,62,Dew,36.18154308
R-466A,63,Bubble,38.17491849
R-466A,63,Dew,36.84006969
R-466A,64,Bubble,38.85119748
R-466A,64,Dew,37.50453566
R-466A,65,Bubble,39.53335386
R-466A,65,Dew,38.17491849
R-466A,66,Bubble,40.22137099
R-466A,66,Dew,38.85119748
R-466A,67,Bubble,40.91523451
R-466A,67,Dew,39.53335386
R-466A,68,Bubble,41.6149325
R-466A,68,Dew,40.22137099
R-466A,69,Bubble,42.32045569
R-466A,69,Dew,40.91523451
R-466A,70,Bubble,43.03179758
R-466A,70,Dew,41.6149325
R-407B,-50,Bubble,0.8792241775
R-407B,-50,Dew,0.7932882029
R-407B,-49,Bubble,0.924979627
R-407B,-49,Dew,0.8353462986
R-407B,-48,Bubble,0.9726713365
R-407B,-48,Dew,0.8792241775
R-407B,-47,Bubble,1.022358873
R-407B,-47,Dew,0.924979627
R-407B,-46,Bubble,1.074102657
R-407B,-46,Dew,0.9726713365
R-407B,-45,Bubble,1.127963933
R-407B,-45,Dew,1.022358873
R-407B,-44,Bubble,1.184004744
R-407B,-44,Dew,1.074102657
R-407B,-43,Bubble,1.2422879
R-407B,-43,Dew,1.127963933
R-407B,-42,Bubble,1.302876944
R-407B,-42,Dew,1.184004744
R-407B,-41,Bubble,1.365836123
R-407B,-41,Dew,1.2422879
R-407B,-40,Bubble,1.43123035
R-407B,-40,Dew,1.302876944
R-407B,-39,Bubble,1.499125167
R-407B,-39,Dew,1.365836123
R-407B,-38,Bubble,1.569586709
R-407B,-38,Dew,1.43123035
R-407B,-37,Bubble,1.642681663
R-407B,-37,Dew,1.499125167
R-407B,-36,Bubble,1.718477228
R-407B,-36,Dew,1.569586709
R-407B,-35,Bubble,1.797041072
R-407B,-35,Dew,1.642681663
R-407B,-34,Bubble,1.878441289
R-407B,-34,Dew,1.718477228
R-407B,-33,Bubble,1.962746352
R-407B,-33,Dew,1.797041072
R-407B,-32,Bubble,2.050025068
R-407B,-32,Dew,1.878441289
R-407B,-31,Bubble,2.140346531
R-407B,-31,Dew,1.962746352
R-407B,-30,Bubble,2.233780071
R-407B,-30,Dew,2.050025068
R-407B,-29,Bubble,2.330395206
R-407B,-29,Dew,2.140346531
R-407B,-28,Bubble,2.430261589
R-407B,-28,Dew,2.233780071
R-407B,-27,Bubble,2.533448959
R-407B,-27,Dew,2.330395206
R-407B,-26,Bubble,2.640027083
R-407B,-26,Dew,2.430261589
R-407B,-25,Bubble,2.750065708
R-407B,-25,Dew,2.533448959
R-407B,-24,Bubble,2.863634502
R-407B,-24,Dew,2.640027083
R-407B,-23,Bubble,2.980802998
R-407B,-23,Dew,2.750065708
R-407B,-22,Bubble,3.101640543
R-407B,-22,Dew,2.863634502
R-407B,-21,Bubble,3.226216236
R-407B,-21,Dew,2.980802998
R-407B,-20,Bubble,3.354598872
R-407B,-20,Dew,3.101640543
R-407B,-19,Bubble,3.486856887
R-407B,-19,Dew,3.226216236
R-407B,-18,Bubble,3.623058296
R-407B,-18,Dew,3.354598872
R-407B,-17,Bubble,3.76327064
R-407B,-17,Dew,3.486856887
R-407B,-16,Bubble,3.907560923
R-407B,-16,Dew,3.623058296
R-407B,-15,Bubble,4.055995555
R-407B,-15,Dew,3.76327064
R-407B,-14,Bubble,4.208640294
R-407B,-14,Dew,3.907560923
R-407B,-13,Bubble,4.365560191
R-407B,-13,Dew,4.055995555
R-407B,-12,Bubble,4.526819526
R-407B,-12,Dew,4.208640294
R-407B,-11,Bubble,4.692481755
R-407B,-11,Dew,4.365560191
R-407B,-10,Bubble,4.862609452
R-407B,-10,Dew,4.526819526
R-407B,-9,Bubble,5.037264253
R-407B,-9,Dew,4.692481755
R-407B,-8,Bubble,5.216506798
R-407B,-8,Dew,4.862609452
R-407B,-7,Bubble,5.400396677
R-407B,-7,Dew,5.037264253
R-407B,-6,Bubble,5.588992381
R-407B,-6,Dew,5.216506798
R-407B,-5,Bubble,5.782351238
R-407B,-5,Dew,5.400396677
R-407B,-4,Bubble,5.980529372
R-407B,-4,Dew,5.588992381
R-407B,-3,Bubble,6.183581647
R-407B,-3,Dew,5.782351238
R-407B,-2,Bubble,6.391561616
R-407B,-2,Dew,5.980529372
R-407B,-1,Bubble,6.604521477
R-407B,-1,Dew,6.183581647
R-407B,0,Bubble,6.822512026
R-407B,0,Dew,6.391561616
R-407B,1,Bubble,7.045582607
R-407B,1,Dew,6.604521477
R-407B,2,Bubble,7.273781077
R-407B,2,Dew,6.822512026
R-407B,3,Bubble,7.507153759
R-407B,3,Dew,7.045582607
R-407B,4,Bubble,7.745745403
R-407B,4,Dew,7.273781077
R-407B,5,Bubble,7.989599154
R-407B,5,Dew,7.507153759
R-407B,6,Bubble,8.238756512
R-407B,6,Dew,7.745745403
R-407B,7,Bubble,8.493257299
R-407B,7,Dew,7.989599154
R-407B,8,Bubble,8.753139634
R-407B,8,Dew,8.238756512
R-407B,9,Bubble,9.018439899
R-407B,9,Dew,8.493257299
R-407B,10,Bubble,9.289192721
R-407B,10,Dew,8.753139634
R-407B,11,Bubble,9.56543094
R-407B,11,Dew,9.018439899
R-407B,12,Bubble,9.847185599
R-407B,12,Dew,9.289192721
R-407B,13,Bubble,10.13448592
R-407B,13,Dew,9.56543094
R-407B,14,Bubble,10.4273593
R-407B,14,Dew,9.847185599
R-407B,15,Bubble,10.72583128
R-407B,15,Dew,10.13448592
R-407B,16,Bubble,11.02992557
R-407B,16,Dew,10.4273593
R-407B,17,Bubble,11.339664
R-407B,17,Dew,10.72583128
R-407B,18,Bubble,11.65506656
R-407B,18,Dew,11.02992557
R-407B,19,Bubble,11.9761514
R-407B,19,Dew,11.339664
R-407B,20,Bubble,12.30293478
R-407B,20,Dew,11.65506656
R-407B,21,Bubble,12.63543116
R-407B,21,Dew,11.9761514
R-407B,22,Bubble,12.97365316
R-407B,22,Dew,12.30293478
R-407B,23,Bubble,13.31761158
R-407B,23,Dew,12.63543116
R-407B,24,Bubble,13.66731545
R-407B,24,Dew,12.97365316
R-407B,25,Bubble,14.022772
R-407B,25,Dew,13.31761158
R-407B,26,Bubble,14.38398676
R-407B,26,Dew,13.66731545
R-407B,27,Bubble,14.75096352
R-407B,27,Dew,14.022772
R-407B,28,Bubble,15.1237044
R-407B,28,Dew,14.38398676
R-407B,29,Bubble,15.5022099
R-407B,29,Dew,14.75096352
R-407B,30,Bubble,15.8864789
R-407B,30,Dew,15.1237044
R-407B,31,Bubble,16.27650877
R-407B,31,Dew,15.5022099
R-407B,32,Bubble,16.67229535
R-407B,32,Dew,15.8864789
R-407B,33,Bubble,17.07383306
R-407B,33,Dew,16.27650877
R-407B,34,Bubble,17.48111491
R-407B,34,Dew,16.67229535
R-407B,35,Bubble,17.89413261
R-407B,35,Dew,17.07383306
R-407B,36,Bubble,18.31287661
R-407B,36,Dew,17.48111491
R-407B,37,Bubble,18.73733615
R-407B,37,Dew,17.89413261
R-407B,38,Bubble,19.1674994
R-407B,38,Dew,18.31287661
R-407B,39,Bubble,19.60335345
R-407B,39,Dew,18.73733615
R-407B,40,Bubble,20.04488445
R-407B,40,Dew,19.1674994
R-407B,41,Bubble,20.4920777
R-407B,41,Dew,19.60335345
R-407B,42,Bubble,20.94491769
R-407B,42,Dew,20.04488445
R-407B,43,Bubble,21.40338822
R-407B,43,Dew,20.4920777
R-407B,44,Bubble,21.86747252
R-407B,44,Dew,20.94491769
R-407B,45,Bubble,22.33715332
R-407B,45,Dew,21.40338822
R-407B,46,Bubble,22.81241294
R-407B,46,Dew,21.86747252
R-407B,47,Bubble,23.29323342
R-407B,47,Dew,22.33715332
R-407B,48,Bubble,23.77959665
R-407B,48,Dew,22.81241294
R-407B,49,Bubble,24.27148443
R-407B,49,Dew,23.29323342
R-407B,50,Bubble,24.76887863
R-407B,50,Dew,23.77959665
R-407B,51,Bubble,25.27176128
R-407B,51,Dew,24.27148443
R-407B,52,Bubble,25.78011471
R-407B,52,Dew,24.76887863
R-407B,53,Bubble,26.29392167
R-407B,53,Dew,25.27176128
R-407B,54,Bubble,26.81316547
R-407B,54,Dew,25.78011471
R-407B,55,Bubble,27.33783008
R-407B,55,Dew,26.29392167
R-407B,56,Bubble,27.86790029
R-407B,56,Dew,26.81316547
R-407B,57,Bubble,28.40336185
R-407B,57,Dew,27.33783008
R-407B,58,Bubble,28.94420156
R-407B,58,Dew,27.86790029
R-407B,59,Bubble,29.49040747
R-407B,59,Dew,28.40336185
R-407B,60,Bubble,30.041969
R-407B,60,Dew,28.94420156
R-407B,61,Bubble,30.59887706
R-407B,61,Dew,29.49040747
R-407B,62,Bubble,31.16112424
R-407B,62,Dew,30.041969
R-407B,63,Bubble,31.72870489
R-407B,63,Dew,30.59887706
R-407B,64,Bubble,32.30161536
R-407B,64,Dew,31.16112424
R-407B,65,Bubble,32.87985405
R-407B,65,Dew,31.72870489
R-407B,66,Bubble,33.46342166
R-407B,66,Dew,32.30161536
R-407B,67,Bubble,34.05232125
R-407B,67,Dew,32.87985405
R-407B,68,Bubble,34.64655844
R-407B,68,Dew,33.46342166
R-407B,69,Bubble,35.24614158
R-407B,69,Dew,34.05232125
R-407B,70,Bubble,35.85108185
R-407B,70,Dew,34.64655844
R-717,-50,Bubble,0.3887737615
R-717,-50,Dew,0.3887737615
R-717,-49,Bubble,0.4133835158
R-717,-49,Dew,0.4133835158
R-717,-48,Bubble,0.4393115043
R-717,-48,Dew,0.4393115043
R-717,-47,Bubble,0.4666146319
R-717,-47,Dew,0.4666146319
R-717,-46,Bubble,0.4953516004
R-717,-46,Dew,0.4953516004
R-717,-45,Bubble,0.5255829403
R-717,-45,Dew,0.5255829403
R-717,-44,Bubble,0.5573710416
R-717,-44,Dew,0.5573710416
R-717,-43,Bubble,0.5907801843
R-717,-43,Dew,0.5907801843
R-717,-42,Bubble,0.6258765692
R-717,-42,Dew,0.6258765692
R-717,-41,Bubble,0.6627283481
R-717,-41,Dew,0.6627283481
R-717,-40,Bubble,0.7014056532
R-717,-40,Dew,0.7014056532
R-717,-39,Bubble,0.7419806274
R-717,-39,Dew,0.7419806274
R-717,-38,Bubble,0.7845274528
R-717,-38,Dew,0.7845274528
R-717,-37,Bubble,0.8291223801
R-717,-37,Dew,0.8291223801
R-717,-36,Bubble,0.8758437568
R-717,-36,Dew,0.8758437568
R-717,-35,Bubble,0.9247720557
R-717,-35,Dew,0.9247720557
R-717,-34,Bubble,0.975989902
R-717,-34,Dew,0.975989902
R-717,-33,Bubble,1.029582101
R-717,-33,Dew,1.029582101
R-717,-32,Bubble,1.085635665
R-717,-32,Dew,1.085635665
R-717,-31,Bubble,1.14423984
R-717,-31,Dew,1.14423984
R-717,-30,Bubble,1.205486129
R-717,-30,Dew,1.205486129
R-717,-29,Bubble,1.272714165
R-717,-29,Dew,1.272714165
R-717,-28,Bubble,1.343580522
R-717,-28,Dew,1.343580522
R-717,-27,Bubble,1.417787083
R-717,-27,Dew,1.417787083
R-717,-26,Bubble,1.49545925
R-717,-26,Dew,1.49545925
R-717,-25,Bubble,1.576725645
R-717,-25,Dew,1.576725645
R-717,-24,Bubble,1.661718132
R-717,-24,Dew,1.661718132
R-717,-23,Bubble,1.750571829
R-717,-23,Dew,1.750571829
R-717,-22,Bubble,1.843425134
R-717,-22,Dew,1.843425134
R-717,-21,Bubble,1.940419734
R-717,-21,Dew,1.940419734
R-717,-20,Bubble,2.041700615
R-717,-20,Dew,2.041700615
R-717,-19,Bubble,2.147416077
R-717,-19,Dew,2.147416077
R-717,-18,Bubble,2.257717734
R-717,-18,Dew,2.257717734
R-717,-17,Bubble,2.37276052
R-717,-17,Dew,2.37276052
R-717,-16,Bubble,2.492702689
R-717,-16,Dew,2.492702689
R-717,-15,Bubble,2.617705813
R-717,-15,Dew,2.617705813
R-717,-14,Bubble,2.747934776
R-717,-14,Dew,2.747934776
R-717,-13,Bubble,2.883557765
R-717,-13,Dew,2.883557765
R-717,-12,Bubble,3.024746259
R-717,-12,Dew,3.024746259
R-717,-11,Bubble,3.171675012
R-717,-11,Dew,3.171675012
R-717,-10,Bubble,3.324522037
R-717,-10,Dew,3.324522037
R-717,-9,Bubble,3.483468583
R-717,-9,Dew,3.483468583
R-717,-8,Bubble,3.64869911
R-717,-8,Dew,3.64869911
R-717,-7,Bubble,3.820401263
R-717,-7,Dew,3.820401263
R-717,-6,Bubble,3.998765834
R-717,-6,Dew,3.998765834
R-717,-5,Bubble,4.183986734
R-717,-5,Dew,4.183986734
R-717,-4,Bubble,4.376260949
R-717,-4,Dew,4.376260949
R-717,-3,Bubble,4.575788501
R-717,-3,Dew,4.575788501
R-717,-2,Bubble,4.782772398
R-717,-2,Dew,4.782772398
R-717,-1,Bubble,4.997418589
R-717,-1,Dew,4.997418589
R-717,0,Bubble,5.219935907
R-717,0,Dew,5.219935907
R-717,1,Bubble,5.450536015
R-717,1,Dew,5.450536015
R-717,2,Bubble,5.689433345
R-717,2,Dew,5.689433345
R-717,3,Bubble,5.936845033
R-717,3,Dew,5.936845033
R-717,4,Bubble,6.192990852
R-717,4,Dew,6.192990852
R-717,5,Bubble,6.458093144
R-717,5,Dew,6.458093144
R-717,6,Bubble,6.73237674
R-717,6,Dew,6.73237674
R-717,7,Bubble,7.016068885
R-717,7,Dew,7.016068885
R-717,8,Bubble,7.309399158
R-717,8,Dew,7.309399158
R-717,9,Bubble,7.612599383
R-717,9,Dew,7.612599383
R-717,10,Bubble,7.925903546
R-717,10,Dew,7.925903546
R-717,11,Bubble,8.249547696
R-717,11,Dew,8.249547696
R-717,12,Bubble,8.583769858
R-717,12,Dew,8.583769858
R-717,13,Bubble,8.928809928
R-717,13,Dew,8.928809928
R-717,14,Bubble,9.284909577
R-717,14,Dew,9.284909577
R-717,15,Bubble,9.652312141
R-717,15,Dew,9.652312141
R-717,16,Bubble,10.03126252
R-717,16,Dew,10.03126252
R-717,17,Bubble,10.42200706
R-717,17,Dew,10.42200706
R-717,18,Bubble,10.82479345
R-717,18,Dew,10.82479345
R-717,19,Bubble,11.23987059
R-717,19,Dew,11.23987059
R-717,20,Bubble,11.66748849
R-717,20,Dew,11.66748849
R-717,21,Bubble,12.10789814
R-717,21,Dew,12.10789814
R-717,22,Bubble,12.56135139
R-717,22,Dew,12.56135139
R-717,23,Bubble,13.02810081
R-717,23,Dew,13.02810081
R-717,24,Bubble,13.50839958
R-717,24,Dew,13.50839958
R-717,25,Bubble,14.00250135
R-717,25,Dew,14.00250135
R-717,26,Bubble,14.51066013
R-717,26,Dew,14.51066013
R-717,27,Bubble,15.03313011
R-717,27,Dew,15.03313011
R-717,28,Bubble,15.57016557
R-717,28,Dew,15.57016557
R-717,29,Bubble,16.12202072
R-717,29,Dew,16.12202072
R-717,30,Bubble,16.68894956
R-717,30,Dew,16.68894956
R-717,31,Bubble,17.27120575
R-717,31,Dew,17.27120575
R-717,32,Bubble,17.86904249
R-717,32,Dew,17.86904249
R-717,33,Bubble,18.48271232
R-717,33,Dew,18.48271232
R-717,34,Bubble,19.11246704
R-717,34,Dew,19.11246704
R-717,35,Bubble,19.75855753
R-717,35,Dew,19.75855753
R-717,36,Bubble,20.42123363
R-717,36,Dew,20.42123363
R-717,37,Bubble,21.10074397
R-717,37,Dew,21.10074397
R-717,38,Bubble,21.79733587
R-717,38,Dew,21.79733587
R-717,39,Bubble,22.51125515
R-717,39,Dew,22.51125515
R-717,40,Bubble,23.24274602
R-717,40,Dew,23.24274602
R-717,41,Bubble,23.99205094
R-717,41,Dew,23.99205094
R-717,42,Bubble,24.75941045
R-717,42,Dew,24.75941045
R-717,43,Bubble,25.54506306
R-717,43,Dew,25.54506306
R-717,44,Bubble,26.34924512
R-717,44,Dew,26.34924512
R-717,45,Bubble,27.17219064
R-717,45,Dew,27.17219064
R-717,46,Bubble,28.01413119
R-717,46,Dew,28.01413119
R-717,47,Bubble,28.87529578
R-717,47,Dew,28.87529578
R-717,48,Bubble,29.7559107
R-717,48,Dew,29.7559107
R-717,49,Bubble,30.65619939
R-717,49,Dew,30.65619939
R-717,50,Bubble,31.57638235
R-717,50,Dew,31.57638235
R-717,51,Bubble,32.51667697
R-717,51,Dew,32.51667697
R-717,52,Bubble,33.47729747
R-717,52,Dew,33.47729747
R-717,53,Bubble,34.45845473
R-717,53,Dew,34.45845473
R-717,54,Bubble,35.46035619
R-717,54,Dew,35.46035619
R-717,55,Bubble,36.48320576
R-717,55,Dew,36.48320576
R-717,56,Bubble,37.52720372
R-717,56,Dew,37.52720372
R-717,57,Bubble,38.59254659
R-717,57,Dew,38.59254659
R-717,58,Bubble,39.67942703
R-717,58,Dew,39.67942703
R-717,59,Bubble,40.78803381
R-717,59,Dew,40.78803381
R-717,60,Bubble,41.91855163
R-717,60,Dew,41.91855163
R-717,61,Bubble,43.07116114
R-717,61,Dew,43.07116114
R-717,62,Bubble,44.24603877
R-717,62,Dew,44.24603877
R-717,63,Bubble,45.44335673
R-717,63,Dew,45.44335673
R-717,64,Bubble,46.66328289
R-717,64,Dew,46.66328289
R-717,65,Bubble,47.90598077
R-717,65,Dew,47.90598077
R-717,66,Bubble,49.17160945
R-717,66,Dew,49.17160945
R-717,67,Bubble,50.46032354
R-717,67,Dew,50.46032354
R-717,68,Bubble,51.77227313
R-717,68,Dew,51.77227313
R-717,69,Bubble,53.10760377
R-717,69,Dew,53.10760377
R-717,70,Bubble,54.46645643
R-717,70,Dew,54.46645643
R-744,-50,Bubble,4.412318507
R-744,-50,Dew,4.412318507
R-744,-49,Bubble,4.60592016
R-744,-49,Dew,4.60592016
R-744,-48,Bubble,4.805868361
R-744,-48,Dew,4.805868361
R-744,-47,Bubble,5.012277042
R-744,-47,Dew,5.012277042
R-744,-46,Bubble,5.225258644
R-744,-46,Dew,5.225258644
R-744,-45,Bubble,5.44492399
R-744,-45,Dew,5.44492399
R-744,-44,Bubble,5.67138215
R-744,-44,Dew,5.67138215
R-744,-43,Bubble,5.904740312
R-744,-43,Dew,5.904740312
R-744,-42,Bubble,6.145103651
R-744,-42,Dew,6.145103651
R-744,-41,Bubble,6.392575208
R-744,-41,Dew,6.392575208
R-744,-40,Bubble,6.64725576
R-744,-40,Dew,6.64725576
R-744,-39,Bubble,6.909243701
R-744,-39,Dew,6.909243701
R-744,-38,Bubble,7.178634926
R-744,-38,Dew,7.178634926
R-744,-37,Bubble,7.45552271
R-744,-37,Dew,7.45552271
R-744,-36,Bubble,7.739997603
R-744,-36,Dew,7.739997603
R-744,-35,Bubble,8.032147316
R-744,-35,Dew,8.032147316
R-744,-34,Bubble,8.332056624
R-744,-34,Dew,8.332056624
R-744,-33,Bubble,8.639807263
R-744,-33,Dew,8.639807263
R-744,-32,Bubble,8.955477836
R-744,-32,Dew,8.955477836
R-744,-31,Bubble,9.279143729
R-744,-31,Dew,9.279143729
R-744,-30,Bubble,9.610877022
R-744,-30,Dew,9.610877022
R-744,-29,Bubble,9.950746418
R-744,-29,Dew,9.950746418
R-744,-28,Bubble,10.29881717
R-744,-28,Dew,10.29881717
R-744,-27,Bubble,10.655151
R-744,-27,Dew,10.655151
R-744,-26,Bubble,11.01980609
R-744,-26,Dew,11.01980609
R-744,-25,Bubble,11.39283697
R-744,-25,Dew,11.39283697
R-744,-24,Bubble,11.77429451
R-744,-24,Dew,11.77429451
R-744,-23,Bubble,12.16422587
R-744,-23,Dew,12.16422587
R-744,-22,Bubble,12.56267451
R-744,-22,Dew,12.56267451
R-744,-21,Bubble,12.9696801
R-744,-21,Dew,12.9696801
R-744,-20,Bubble,13.38527857
R-744,-20,Dew,13.38527857
R-744,-19,Bubble,13.80950209
R-744,-19,Dew,13.80950209
R-744,-18,Bubble,14.24237905
R-744,-18,Dew,14.24237905
R-744,-17,Bubble,14.68393411
R-744,-17,Dew,14.68393411
R-744,-16,Bubble,15.13418821
R-744,-16,Dew,15.13418821
R-744,-15,Bubble,15.59315859
R-744,-15,Dew,15.59315859
R-744,-14,Bubble,16.06085887
R-744,-14,Dew,16.06085887
R-744,-13,Bubble,16.53729905
R-744,-13,Dew,16.53729905
R-744,-12,Bubble,17.02248562
R-744,-12,Dew,17.02248562
R-744,-11,Bubble,17.51642159
R-744,-11,Dew,17.51642159
R-744,-10,Bubble,18.01910661
R-744,-10,Dew,18.01910661
R-744,-9,Bubble,18.53053704
R-744,-9,Dew,18.53053704
R-744,-8,Bubble,19.05070606
R-744,-8,Dew,19.05070606
R-744,-7,Bubble,19.57960376
R-744,-7,Dew,19.57960376
R-744,-6,Bubble,20.1172173
R-744,-6,Dew,20.1172173
R-744,-5,Bubble,20.66353102
R-744,-5,Dew,20.66353102
R-744,-4,Bubble,21.21852658
R-744,-4,Dew,21.21852658
R-744,-3,Bubble,21.78218311
R-744,-3,Dew,21.78218311
R-744,-2,Bubble,22.35447739
R-744,-2,Dew,22.35447739
R-744,-1,Bubble,22.935384
R-744,-1,Dew,22.935384
R-744,0,Bubble,23.52487554
R-744,0,Dew,23.52487554
R-744,1,Bubble,24.12292276
R-744,1,Dew,24.12292276
R-744,2,Bubble,24.72949483
R-744,2,Dew,24.72949483
R-744,3,Bubble,25.34455949
R-744,3,Dew,25.34455949
R-744,4,Bubble,25.96808333
R-744,4,Dew,25.96808333
R-744,5,Bubble,26.60003197
R-744,5,Dew,26.60003197
R-744,6,Bubble,27.24037033
R-744,6,Dew,27.24037033
R-744,7,Bubble,27.88906284
R-744,7,Dew,27.88906284
R-744,8,Bubble,28.54607376
R-744,8,Dew,28.54607376
R-744,9,Bubble,29.21136738
R-744,9,Dew,29.21136738
R-744,10,Bubble,29.88490833
R-744,10,Dew,29.88490833
R-744,11,Bubble,30.56666185
R-744,11,Dew,30.56666185
R-744,12,Bubble,31.25659405
R-744,12,Dew,31.25659405
R-744,13,Bubble,31.95467227
R-744,13,Dew,31.95467227
R-744,14,Bubble,32.66086531
R-744,14,Dew,32.66086531
R-744,15,Bubble,33.37514379
R-744,15,Dew,33.37514379
R-744,16,Bubble,34.09748041
R-744,16,Dew,34.09748041
R-744,17,Bubble,34.82785033
R-744,17,Dew,34.82785033
R-744,18,Bubble,35.56623146
R-744,18,Dew,35.56623146
R-744,19,Bubble,36.31260476
R-744,19,Dew,36.31260476
R-744,20,Bubble,37.06695465
R-744,20,Dew,37.06695465
R-744,21,Bubble,37.82926925
R-744,21,Dew,37.82926925
R-744,22,Bubble,38.59954082
R-744,22,Dew,38.59954082
R-744,23,Bubble,39.37776601
R-744,23,Dew,39.37776601
R-744,24,Bubble,40.16394625
R-744,24,Dew,40.16394625
R-744,25,Bubble,40.95808812
R-744,25,Dew,40.95808812
R-744,26,Bubble,41.76020365
R-744,26,Dew,41.76020365
R-744,27,Bubble,42.57031066
R-744,27,Dew,42.57031066
R-744,28,Bubble,43.38843319
R-744,28,Dew,43.38843319
R-744,29,Bubble,44.21460173
R-744,29,Dew,44.21460173
R-744,30,Bubble,45.04885367
R-744,30,Dew,45.04885367
R-744,31,Bubble,45.89123359
R-744,31,Dew,45.89123359
R-744,32,Bubble,73.8
R-744,32,Dew,73.8
R-744,33,Bubble,73.8
R-744,33,Dew,73.8
R-744,34,Bubble,73.8
R-744,34,Dew,73.8
R-744,35,Bubble,73.8
R-744,35,Dew,73.8
R-744,36,Bubble,73.8
R-744,36,Dew,73.8
R-744,37,Bubble,73.8
R-744,37,Dew,73.8
R-744,38,Bubble,73.8
R-744,38,Dew,73.8
R-744,39,Bubble,73.8
R-744,39,Dew,73.8
R-744,40,Bubble,73.8
R-744,40,Dew,73.8
R-744,41,Bubble,73.8
R-744,41,Dew,73.8
R-744,42,Bubble,73.8
R-744,42,Dew,73.8
R-744,43,Bubble,73.8
R-744,43,Dew,73.8
R-744,44,Bubble,73.8
R-744,44,Dew,73.8
R-744,45,Bubble,73.8
R-744,45,Dew,73.8
R-744,46,Bubble,73.8
R-744,46,Dew,73.8
R-744,47,Bubble,73.8
R-744,47,Dew,73.8
R-744,48,Bubble,73.8
R-744,48,Dew,73.8
R-744,49,Bubble,73.8
R-744,49,Dew,73.8
R-744,50,Bubble,73.8
R-744,50,Dew,73.8
R-744,51,Bubble,73.8
R-744,51,Dew,73.8
R-744,52,Bubble,73.8
R-744,52,Dew,73.8
R-744,53,Bubble,73.8
R-744,53,Dew,73.8
R-744,54,Bubble,73.8
R-744,54,Dew,73.8
R-744,55,Bubble,73.8
R-744,55,Dew,73.8
R-744,56,Bubble,73.8
R-744,56,Dew,73.8
R-744,57,Bubble,73.8
R-744,57,Dew,73.8
R-744,58,Bubble,73.8
R-744,58,Dew,73.8
R-744,59,Bubble,73.8
R-744,59,Dew,73.8
R-744,60,Bubble,73.8
R-744,60,Dew,73.8
R-744,61,Bubble,73.8
R-744,61,Dew,73.8
R-744,62,Bubble,73.8
R-744,62,Dew,73.8
R-744,63,Bubble,73.8
R-744,63,Dew,73.8
R-744,64,Bubble,73.8
R-744,64,Dew,73.8
R-744,65,Bubble,73.8
R-744,65,Dew,73.8
R-744,66,Bubble,73.8
R-744,66,Dew,73.8
R-744,67,Bubble,73.8
R-744,67,Dew,73.8
R-744,68,Bubble,73.8
R-744,68,Dew,73.8
R-744,69,Bubble,73.8
R-744,69,Dew,73.8
R-744,70,Bubble,73.8
R-744,70,Dew,73.8
R-123,-50,Bubble,0.02629983526
R-123,-50,Dew,0.02629983526
R-123,-49,Bubble,0.0280137677
R-123,-49,Dew,0.0280137677
R-123,-48,Bubble,0.02982266571
R-123,-48,Dew,0.02982266571
R-123,-47,Bubble,0.03173080361
R-123,-47,Dew,0.03173080361
R-123,-46,Bubble,0.03374259887
R-123,-46,Dew,0.03374259887
R-123,-45,Bubble,0.03586261492
R-123,-45,Dew,0.03586261492
R-123,-44,Bubble,0.0380955639
R-123,-44,Dew,0.0380955639
R-123,-43,Bubble,0.04044630946
R-123,-43,Dew,0.04044630946
R-123,-42,Bubble,0.04291986954
R-123,-42,Dew,0.04291986954
R-123,-41,Bubble,0.04552141912
R-123,-41,Dew,0.04552141912
R-123,-40,Bubble,0.04825629295
R-123,-40,Dew,0.04825629295
R-123,-39,Bubble,0.0511299883
R-123,-39,Dew,0.0511299883
R-123,-38,Bubble,0.05414816763
R-123,-38,Dew,0.05414816763
R-123,-37,Bubble,0.0573166613
R-123,-37,Dew,0.0573166613
R-123,-36,Bubble,0.06064147025
R-123,-36,Dew,0.06064147025
R-123,-35,Bubble,0.0641287686
R-123,-35,Dew,0.0641287686
R-123,-34,Bubble,0.0677849063
R-123,-34,Dew,0.0677849063
R-123,-33,Bubble,0.07161641173
R-123,-33,Dew,0.07161641173
R-123,-32,Bubble,0.07562999422
R-123,-32,Dew,0.07562999422
R-123,-31,Bubble,0.07983254664
R-123,-31,Dew,0.07983254664
R-123,-30,Bubble,0.08423114787
R-123,-30,Dew,0.08423114787
R-123,-29,Bubble,0.08883306526
R-123,-29,Dew,0.08883306526
R-123,-28,Bubble,0.09364575712
R-123,-28,Dew,0.09364575712
R-123,-27,Bubble,0.09867687507
R-123,-27,Dew,0.09867687507
R-123,-26,Bubble,0.1039342664
R-123,-26,Dew,0.1039342664
R-123,-25,Bubble,0.1094259766
R-123,-25,Dew,0.1094259766
R-123,-24,Bubble,0.1151602512
R-123,-24,Dew,0.1151602512
R-123,-23,Bubble,0.1211455386
R-123,-23,Dew,0.1211455386
R-123,-22,Bubble,0.1273904917
R-123,-22,Dew,0.1273904917
R-123,-21,Bubble,0.1339039706
R-123,-21,Dew,0.1339039706
R-123,-20,Bubble,0.1406950443
R-123,-20,Dew,0.1406950443
R-123,-19,Bubble,0.1477729931
R-123,-19,Dew,0.1477729931
R-123,-18,Bubble,0.1551473105
R-123,-18,Dew,0.1551473105
R-123,-17,Bubble,0.1628277049
R-123,-17,Dew,0.1628277049
R-123,-16,Bubble,0.1708241021
R-123,-16,Dew,0.1708241021
R-123,-15,Bubble,0.1791466469
R-123,-15,Dew,0.1791466469
R-123,-14,Bubble,0.1878057048
R-123,-14,Dew,0.1878057048
R-123,-13,Bubble,0.196811864
R-123,-13,Dew,0.196811864
R-123,-12,Bubble,0.2061759371
R-123,-12,Dew,0.2061759371
R-123,-11,Bubble,0.2159089628
R-123,-11,Dew,0.2159089628
R-123,-10,Bubble,0.2260222073
R-123,-10,Dew,0.2260222073
R-123,-9,Bubble,0.2365271663
R-123,-9,Dew,0.2365271663
R-123,-8,Bubble,0.2474355662
R-123,-8,Dew,0.2474355662
R-123,-7,Bubble,0.2587593657
R-123,-7,Dew,0.2587593657
R-123,-6,Bubble,0.270510757
R-123,-6,Dew,0.270510757
R-123,-5,Bubble,0.2827021676
R-123,-5,Dew,0.2827021676
R-123,-4,Bubble,0.2953462611
R-123,-4,Dew,0.2953462611
R-123,-3,Bubble,0.3084559389
R-123,-3,Dew,0.3084559389
R-123,-2,Bubble,0.322044341
R-123,-2,Dew,0.322044341
R-123,-1,Bubble,0.3361248472
R-123,-1,Dew,0.3361248472
R-123,0,Bubble,0.3507110786
R-123,0,Dew,0.3507110786
R-123,1,Bubble,0.3658546317
R-123,1,Dew,0.3658546317
R-123,2,Bubble,0.38247938
R-123,2,Dew,0.38247938
R-123,3,Bubble,0.3997353953
R-123,3,Dew,0.3997353953
R-123,4,Bubble,0.4176412699
R-123,4,Dew,0.4176412699
R-123,5,Bubble,0.4362159397
R-123,5,Dew,0.4362159397
R-123,6,Bubble,0.4554786827
R-123,6,Dew,0.4554786827
R-123,7,Bubble,0.4754491188
R-123,7,Dew,0.4754491188
R-123,8,Bubble,0.4961472084
R-123,8,Dew,0.4961472084
R-123,9,Bubble,0.5175932508
R-123,9,Dew,0.5175932508
R-123,10,Bubble,0.5398078829
R-123,10,Dew,0.5398078829
R-123,11,Bubble,0.562812077
R-123,11,Dew,0.562812077
R-123,12,Bubble,0.5866271388
R-123,12,Dew,0.5866271388
R-123,13,Bubble,0.6112747046
R-123,13,Dew,0.6112747046
R-123,14,Bubble,0.6367767387
R-123,14,Dew,0.6367767387
R-123,15,Bubble,0.6631555303
R-123,15,Dew,0.6631555303
R-123,16,Bubble,0.6904336899
R-123,16,Dew,0.6904336899
R-123,17,Bubble,0.7186341462
R-123,17,Dew,0.7186341462
R-123,18,Bubble,0.7477801414
R-123,18,Dew,0.7477801414
R-123,19,Bubble,0.7778952274
R-123,19,Dew,0.7778952274
R-123,20,Bubble,0.8090032612
R-123,20,Dew,0.8090032612
R-123,21,Bubble,0.8411283998
R-123,21,Dew,0.8411283998
R-123,22,Bubble,0.8742950952
R-123,22,Dew,0.8742950952
R-123,23,Bubble,0.908528089
R-123,23,Dew,0.908528089
R-123,24,Bubble,0.9438524065
R-123,24,Dew,0.9438524065
R-123,25,Bubble,0.9802933504
R-123,25,Dew,0.9802933504
R-123,26,Bubble,1.017876495
R-123,26,Dew,1.017876495
R-123,27,Bubble,1.056627679
R-123,27,Dew,1.056627679
R-123,28,Bubble,1.096572998
R-123,28,Dew,1.096572998
R-123,29,Bubble,1.137738799
R-123,29,Dew,1.137738799
R-123,30,Bubble,1.180151672
R-123,30,Dew,1.180151672
R-123,31,Bubble,1.223838439
R-123,31,Dew,1.223838439
R-123,32,Bubble,1.268826153
R-123,32,Dew,1.268826153
R-123,33,Bubble,1.31514208
R-123,33,Dew,1.31514208
R-123,34,Bubble,1.3628137
R-123,34,Dew,1.3628137
R-123,35,Bubble,1.411868691
R-123,35,Dew,1.411868691
R-123,36,Bubble,1.462334922
R-123,36,Dew,1.462334922
R-123,37,Bubble,1.514240444
R-123,37,Dew,1.514240444
R-123,38,Bubble,1.567613478
R-123,38,Dew,1.567613478
R-123,39,Bubble,1.622482409
R-123,39,Dew,1.622482409
R-123,40,Bubble,1.678875771
R-123,40,Dew,1.678875771
R-123,41,Bubble,1.736822239
R-123,41,Dew,1.736822239
R-123,42,Bubble,1.796350616
R-123,42,Dew,1.796350616
R-123,43,Bubble,1.857489825
R-123,43,Dew,1.857489825
R-123,44,Bubble,1.920268895
R-123,44,Dew,1.920268895
R-123,45,Bubble,1.984716951
R-123,45,Dew,1.984716951
R-123,46,Bubble,2.050863198
R-123,46,Dew,2.050863198
R-123,47,Bubble,2.118736917
R-123,47,Dew,2.118736917
R-123,48,Bubble,2.188367444
R-123,48,Dew,2.188367444
R-123,49,Bubble,2.259784165
R-123,49,Dew,2.259784165
R-123,50,Bubble,2.333016496
R-123,50,Dew,2.333016496
R-123,51,Bubble,2.408093877
R-123,51,Dew,2.408093877
R-123,52,Bubble,2.485045754
R-123,52,Dew,2.485045754
R-123,53,Bubble,2.56390157
R-123,53,Dew,2.56390157
R-123,54,Bubble,2.644690748
R-123,54,Dew,2.644690748
R-123,55,Bubble,2.727442678
R-123,55,Dew,2.727442678
R-123,56,Bubble,2.812186707
R-123,56,Dew,2.812186707
R-123,57,Bubble,2.89895212
R-123,57,Dew,2.89895212
R-123,58,Bubble,2.987768132
R-123,58,Dew,2.987768132
R-123,59,Bubble,3.078663869
R-123,59,Dew,3.078663869
R-123,60,Bubble,3.171668356
R-123,60,Dew,3.171668356
R-123,61,Bubble,3.266810503
R-123,61,Dew,3.266810503
R-123,62,Bubble,3.364119093
R-123,62,Dew,3.364119093
R-123,63,Bubble,3.463622763
R-123,63,Dew,3.463622763
R-123,64,Bubble,3.565349995
R-123,64,Dew,3.565349995
R-123,65,Bubble,3.669329096
R-123,65,Dew,3.669329096
R-123,66,Bubble,3.775588192
R-123,66,Dew,3.775588192
R-123,67,Bubble,3.884155204
R-123,67,Dew,3.884155204
R-123,68,Bubble,3.995057843
R-123,68,Dew,3.995057843
R-123,69,Bubble,4.10832359
R-123,69,Dew,4.10832359
R-123,70,Bubble,4.223979682
R-123,70,Dew,4.223979682
R-124,-50,Bubble,0.1695051503
R-124,-50,Dew,0.1695051503
R-124,-49,Bubble,0.1790569479
R-124,-49,Dew,0.1790569479
R-124,-48,Bubble,0.1890549133
R-124,-48,Dew,0.1890549133
R-124,-47,Bubble,0.1995152409
R-124,-47,Dew,0.1995152409
R-124,-46,Bubble,0.2104545205
R-124,-46,Dew,0.2104545205
R-124,-45,Bubble,0.2218897402
R-124,-45,Dew,0.2218897402
R-124,-44,Bubble,0.23383829
R-124,-44,Dew,0.23383829
R-124,-43,Bubble,0.2463179646
R-124,-43,Dew,0.2463179646
R-124,-42,Bubble,0.2593469668
R-124,-42,Dew,0.2593469668
R-124,-41,Bubble,0.27294391
R-124,-41,Dew,0.27294391
R-124,-40,Bubble,0.2871278213
R-124,-40,Dew,0.2871278213
R-124,-39,Bubble,0.3019181438
R-124,-39,Dew,0.3019181438
R-124,-38,Bubble,0.3173347394
R-124,-38,Dew,0.3173347394
R-124,-37,Bubble,0.3333978907
R-124,-37,Dew,0.3333978907
R-124,-36,Bubble,0.3501283038
R-124,-36,Dew,0.3501283038
R-124,-35,Bubble,0.3685765831
R-124,-35,Dew,0.3685765831
R-124,-34,Bubble,0.3879048984
R-124,-34,Dew,0.3879048984
R-124,-33,Bubble,0.4080786375
R-124,-33,Dew,0.4080786375
R-124,-32,Bubble,0.4291263897
R-124,-32,Dew,0.4291263897
R-124,-31,Bubble,0.4510773441
R-124,-31,Dew,0.4510773441
R-124,-30,Bubble,0.4739612876
R-124,-30,Dew,0.4739612876
R-124,-29,Bubble,0.4978086029
R-124,-29,Dew,0.4978086029
R-124,-28,Bubble,0.5226502656
R-124,-28,Dew,0.5226502656
R-124,-27,Bubble,0.5485178402
R-124,-27,Dew,0.5485178402
R-124,-26,Bubble,0.5754434758
R-124,-26,Dew,0.5754434758
R-124,-25,Bubble,0.6034599018
R-124,-25,Dew,0.6034599018
R-124,-24,Bubble,0.6326004214
R-124,-24,Dew,0.6326004214
R-124,-23,Bubble,0.6628989063
R-124,-23,Dew,0.6628989063
R-124,-22,Bubble,0.6943897889
R-124,-22,Dew,0.6943897889
R-124,-21,Bubble,0.7271080552
R-124,-21,Dew,0.7271080552
R-124,-20,Bubble,0.7610892361
R-124,-20,Dew,0.7610892361
R-124,-19,Bubble,0.7963693988
R-124,-19,Dew,0.7963693988
R-124,-18,Bubble,0.8329851365
R-124,-18,Dew,0.8329851365
R-124,-17,Bubble,0.8709735584
R-124,-17,Dew,0.8709735584
R-124,-16,Bubble,0.9103722785
R-124,-16,Dew,0.9103722785
R-124,-15,Bubble,0.9512194033
R-124,-15,Dew,0.9512194033
R-124,-14,Bubble,0.9935535199
R-124,-14,Dew,0.9935535199
R-124,-13,Bubble,1.037413682
R-124,-13,Dew,1.037413682
R-124,-12,Bubble,1.082839397
R-124,-12,Dew,1.082839397
R-124,-11,Bubble,1.129870609
R-124,-11,Dew,1.129870609
R-124,-10,Bubble,1.178547687
R-124,-10,Dew,1.178547687
R-124,-9,Bubble,1.228911405
R-124,-9,Dew,1.228911405
R-124,-8,Bubble,1.281002928
R-124,-8,Dew,1.281002928
R-124,-7,Bubble,1.334863794
R-124,-7,Dew,1.334863794
R-124,-6,Bubble,1.390535894
R-124,-6,Dew,1.390535894
R-124,-5,Bubble,1.448061456
R-124,-5,Dew,1.448061456
R-124,-4,Bubble,1.507483024
R-124,-4,Dew,1.507483024
R-124,-3,Bubble,1.568843438
R-124,-3,Dew,1.568843438
R-124,-2,Bubble,1.632185812
R-124,-2,Dew,1.632185812
R-124,-1,Bubble,1.697553518
R-124,-1,Dew,1.697553518
R-124,0,Bubble,1.764990156
R-124,0,Dew,1.764990156
R-124,1,Bubble,1.83453954
R-124,1,Dew,1.83453954
R-124,2,Bubble,1.906245667
R-124,2,Dew,1.906245667
R-124,3,Bubble,1.980152701
R-124,3,Dew,1.980152701
R-124,4,Bubble,2.056304942
R-124,4,Dew,2.056304942
R-124,5,Bubble,2.134746807
R-124,5,Dew,2.134746807
R-124,6,Bubble,2.215522803
R-124,6,Dew,2.215522803
R-124,7,Bubble,2.298677499
R-124,7,Dew,2.298677499
R-124,8,Bubble,2.384255504
R-124,8,Dew,2.384255504
R-124,9,Bubble,2.47230144
R-124,9,Dew,2.47230144
R-124,10,Bubble,2.562859912
R-124,10,Dew,2.562859912
R-124,11,Bubble,2.655975485
R-124,11,Dew,2.655975485
R-124,12,Bubble,2.751692656
R-124,12,Dew,2.751692656
R-124,13,Bubble,2.850055823
R-124,13,Dew,2.850055823
R-124,14,Bubble,2.951109262
R-124,14,Dew,2.951109262
R-124,15,Bubble,3.054897096
R-124,15,Dew,3.054897096
R-124,16,Bubble,3.161463267
R-124,16,Dew,3.161463267
R-124,17,Bubble,3.27085151
R-124,17,Dew,3.27085151
R-124,18,Bubble,3.383105319
R-124,18,Dew,3.383105319
R-124,19,Bubble,3.498267925
R-124,19,Dew,3.498267925
R-124,20,Bubble,3.616382263
R-124,20,Dew,3.616382263
R-124,21,Bubble,3.737490946
R-124,21,Dew,3.737490946
R-124,22,Bubble,3.861636233
R-124,22,Dew,3.861636233
R-124,23,Bubble,3.988860003
R-124,23,Dew,3.988860003
R-124,24,Bubble,4.119203729
R-124,24,Dew,4.119203729
R-124,25,Bubble,4.252708443
R-124,25,Dew,4.252708443
R-124,26,Bubble,4.389414713
R-124,26,Dew,4.389414713
R-124,27,Bubble,4.529362614
R-124,27,Dew,4.529362614
R-124,28,Bubble,4.672591701
R-124,28,Dew,4.672591701
R-124,29,Bubble,4.81914098
R-124,29,Dew,4.81914098
R-124,30,Bubble,4.969048881
R-124,30,Dew,4.969048881
R-124,31,Bubble,5.122353233
R-124,31,Dew,5.122353233
R-124,32,Bubble,5.279091238
R-124,32,Dew,5.279091238
R-124,33,Bubble,5.439299444
R-124,33,Dew,5.439299444
R-124,34,Bubble,5.603013719
R-124,34,Dew,5.603013719
R-124,35,Bubble,5.770269229
R-124,35,Dew,5.770269229
R-124,36,Bubble,5.941100414
R-124,36,Dew,5.941100414
R-124,37,Bubble,6.115540959
R-124,37,Dew,6.115540959
R-124,38,Bubble,6.293623781
R-124,38,Dew,6.293623781
R-124,39,Bubble,6.475380999
R-124,39,Dew,6.475380999
R-124,40,Bubble,6.660843914
R-124,40,Dew,6.660843914
R-124,41,Bubble,6.850042993
R-124,41,Dew,6.850042993
R-124,42,Bubble,7.043007845
R-124,42,Dew,7.043007845
R-124,43,Bubble,7.239767205
R-124,43,Dew,7.239767205
R-124,44,Bubble,7.440348915
R-124,44,Dew,7.440348915
R-124,45,Bubble,7.644779907
R-124,45,Dew,7.644779907
R-124,46,Bubble,7.853086188
R-124,46,Dew,7.853086188
R-124,47,Bubble,8.065292826
R-124,47,Dew,8.065292826
R-124,48,Bubble,8.281423935
R-124,48,Dew,8.281423935
R-124,49,Bubble,8.501502664
R-124,49,Dew,8.501502664
R-124,50,Bubble,8.725551183
R-124,50,Dew,8.725551183
R-124,51,Bubble,8.953590677
R-124,51,Dew,8.953590677
R-124,52,Bubble,9.185641333
R-124,52,Dew,9.185641333
R-124,53,Bubble,9.421722338
R-124,53,Dew,9.421722338
R-124,54,Bubble,9.661851864
R-124,54,Dew,9.661851864
R-124,55,Bubble,9.906047073
R-124,55,Dew,9.906047073
R-124,56,Bubble,10.15432411
R-124,56,Dew,10.15432411
R-124,57,Bubble,10.40669808
R-124,57,Dew,10.40669808
R-124,58,Bubble,10.6631831
R-124,58,Dew,10.6631831
R-124,59,Bubble,10.92379225
R-124,59,Dew,10.92379225
R-124,60,Bubble,11.18853758
R-124,60,Dew,11.18853758
R-124,61,Bubble,11.45743014
R-124,61,Dew,11.45743014
R-124,62,Bubble,11.73047997
R-124,62,Dew,11.73047997
R-124,63,Bubble,12.00769611
R-124,63,Dew,12.00769611
R-124,64,Bubble,12.28908658
R-124,64,Dew,12.28908658
R-124,65,Bubble,12.57465846
R-124,65,Dew,12.57465846
R-124,66,Bubble,12.86441781
R-124,66,Dew,12.86441781
R-124,67,Bubble,13.15836977
R-124,67,Dew,13.15836977
R-124,68,Bubble,13.45651852
R-124,68,Dew,13.45651852
R-124,69,Bubble,13.7588673
R-124,69,Dew,13.7588673
R-124,70,Bubble,14.06541845
R-124,70,Dew,14.06541845
R-1233zd,-50,Bubble,0.04073797497
R-1233zd,-50,Dew,0.04073797497
R-1233zd,-49,Bubble,0.04330819447
R-1233zd,-49,Dew,0.04330819447
R-1233zd,-48,Bubble,0.04601555806
R-1233zd,-48,Dew,0.04601555806
R-1233zd,-47,Bubble,0.04886595755
R-1233zd,-47,Dew,0.04886595755
R-1233zd,-46,Bubble,0.05186546956
R-1233zd,-46,Dew,0.05186546956
R-1233zd,-45,Bubble,0.05502035872
R-1233zd,-45,Dew,0.05502035872
R-1233zd,-44,Bubble,0.05833708078
R-1233zd,-44,Dew,0.05833708078
R-1233zd,-43,Bubble,0.06182228571
R-1233zd,-43,Dew,0.06182228571
R-1233zd,-42,Bubble,0.06548282082
R-1233zd,-42,Dew,0.06548282082
R-1233zd,-41,Bubble,0.0693257338
R-1233zd,-41,Dew,0.0693257338
R-1233zd,-40,Bubble,0.07335827571
R-1233zd,-40,Dew,0.07335827571
R-1233zd,-39,Bubble,0.07758790402
R-1233zd,-39,Dew,0.07758790402
R-1233zd,-38,Bubble,0.08202228553
R-1233zd,-38,Dew,0.08202228553
R-1233zd,-37,Bubble,0.08666929926
R-1233zd,-37,Dew,0.08666929926
R-1233zd,-36,Bubble,0.09153703939
R-1233zd,-36,Dew,0.09153703939
R-1233zd,-35,Bubble,0.09663381803
R-1233zd,-35,Dew,0.09663381803
R-1233zd,-34,Bubble,0.101968168
R-1233zd,-34,Dew,0.101968168
R-1233zd,-33,Bubble,0.1075488458
R-1233zd,-33,Dew,0.1075488458
R-1233zd,-32,Bubble,0.1133848338
R-1233zd,-32,Dew,0.1133848338
R-1233zd,-31,Bubble,0.1194853434
R-1233zd,-31,Dew,0.1194853434
R-1233zd,-30,Bubble,0.1258598175
R-1233zd,-30,Dew,0.1258598175
R-1233zd,-29,Bubble,0.1325179329
R-1233zd,-29,Dew,0.1325179329
R-1233zd,-28,Bubble,0.1394696028
R-1233zd,-28,Dew,0.1394696028
R-1233zd,-27,Bubble,0.1467249796
R-1233zd,-27,Dew,0.1467249796
R-1233zd,-26,Bubble,0.1542944568
R-1233zd,-26,Dew,0.1542944568
R-1233zd,-25,Bubble,0.1621886715
R-1233zd,-25,Dew,0.1621886715
R-1233zd,-24,Bubble,0.1704185071
R-1233zd,-24,Dew,0.1704185071
R-1233zd,-23,Bubble,0.1789950947
R-1233zd,-23,Dew,0.1789950947
R-1233zd,-22,Bubble,0.187929816
R-1233zd,-22,Dew,0.187929816
R-1233zd,-21,Bubble,0.1972343051
R-1233zd,-21,Dew,0.1972343051
R-1233zd,-20,Bubble,0.2069204504
R-1233zd,-20,Dew,0.2069204504
R-1233zd,-19,Bubble,0.2170003968
R-1233zd,-19,Dew,0.2170003968
R-1233zd,-18,Bubble,0.2274865476
R-1233zd,-18,Dew,0.2274865476
R-1233zd,-17,Bubble,0.2383915659
R-1233zd,-17,Dew,0.2383915659
R-1233zd,-16,Bubble,0.2497283772
R-1233zd,-16,Dew,0.2497283772
R-1233zd,-15,Bubble,0.2615101704
R-1233zd,-15,Dew,0.2615101704
R-1233zd,-14,Bubble,0.2737503997
R-1233zd,-14,Dew,0.2737503997
R-1233zd,-13,Bubble,0.2864627862
R-1233zd,-13,Dew,0.2864627862
R-1233zd,-12,Bubble,0.2996613192
R-1233zd,-12,Dew,0.2996613192
R-1233zd,-11,Bubble,0.3133602579
R-1233zd,-11,Dew,0.3133602579
R-1233zd,-10,Bubble,0.3275741329
R-1233zd,-10,Dew,0.3275741329
R-1233zd,-9,Bubble,0.3431449594
R-1233zd,-9,Dew,0.3431449594
R-1233zd,-8,Bubble,0.3594302351
R-1233zd,-8,Dew,0.3594302351
R-1233zd,-7,Bubble,0.3763615039
R-1233zd,-7,Dew,0.3763615039
R-1233zd,-6,Bubble,0.3939586515
R-1233zd,-6,Dew,0.3939586515
R-1233zd,-5,Bubble,0.4122419485
R-1233zd,-5,Dew,0.4122419485
R-1233zd,-4,Bubble,0.4312320488
R-1233zd,-4,Dew,0.4312320488
R-1233zd,-3,Bubble,0.4509499893
R-1233zd,-3,Dew,0.4509499893
R-1233zd,-2,Bubble,0.4714171882
R-1233zd,-2,Dew,0.4714171882
R-1233zd,-1,Bubble,0.4926554437
R-1233zd,-1,Dew,0.4926554437
R-1233zd,0,Bubble,0.514686932
R-1233zd,0,Dew,0.514686932
R-1233zd,1,Bubble,0.5375342051
R-1233zd,1,Dew,0.5375342051
R-1233zd,2,Bubble,0.5612201878
R-1233zd,2,Dew,0.5612201878
R-1233zd,3,Bubble,0.5857681754
R-1233zd,3,Dew,0.5857681754
R-1233zd,4,Bubble,0.6112018301
R-1233zd,4,Dew,0.6112018301
R-1233zd,5,Bubble,0.6375451772
R-1233zd,5,Dew,0.6375451772
R-1233zd,6,Bubble,0.6648226014
R-1233zd,6,Dew,0.6648226014
R-1233zd,7,Bubble,0.6930588424
R-1233zd,7,Dew,0.6930588424
R-1233zd,8,Bubble,0.7222789901
R-1233zd,8,Dew,0.7222789901
R-1233zd,9,Bubble,0.7525084794
R-1233zd,9,Dew,0.7525084794
R-1233zd,10,Bubble,0.7837730853
R-1233zd,10,Dew,0.7837730853
R-1233zd,11,Bubble,0.8160989163
R-1233zd,11,Dew,0.8160989163
R-1233zd,12,Bubble,0.8495124091
R-1233zd,12,Dew,0.8495124091
R-1233zd,13,Bubble,0.8840403214
R-1233zd,13,Dew,0.8840403214
R-1233zd,14,Bubble,0.9197097253
R-1233zd,14,Dew,0.9197097253
R-1233zd,15,Bubble,0.956548
R-1233zd,15,Dew,0.956548
R-1233zd,16,Bubble,0.9945828242
R-1233zd,16,Dew,0.9945828242
R-1233zd,17,Bubble,1.033842168
R-1233zd,17,Dew,1.033842168
R-1233zd,18,Bubble,1.074354284
R-1233zd,18,Dew,1.074354284
R-1233zd,19,Bubble,1.116147701
R-1233zd,19,Dew,1.116147701
R-1233zd,20,Bubble,1.15925121
R-1233zd,20,Dew,1.15925121
R-1233zd,21,Bubble,1.203693861
R-1233zd,21,Dew,1.203693861
R-1233zd,22,Bubble,1.249504948
R-1233zd,22,Dew,1.249504948
R-1233zd,23,Bubble,1.296714002
R-1233zd,23,Dew,1.296714002
R-1233zd,24,Bubble,1.345350778
R-1233zd,24,Dew,1.345350778
R-1233zd,25,Bubble,1.395445247
R-1233zd,25,Dew,1.395445247
R-1233zd,26,Bubble,1.447027583
R-1233zd,26,Dew,1.447027583
R-1233zd,27,Bubble,1.500128151
R-1233zd,27,Dew,1.500128151
R-1233zd,28,Bubble,1.554777498
R-1233zd,28,Dew,1.554777498
R-1233zd,29,Bubble,1.611006336
R-1233zd,29,Dew,1.611006336
R-1233zd,30,Bubble,1.668845536
R-1233zd,30,Dew,1.668845536
R-1233zd,31,Bubble,1.728326108
R-1233zd,31,Dew,1.728326108
R-1233zd,32,Bubble,1.789479196
R-1233zd,32,Dew,1.789479196
R-1233zd,33,Bubble,1.852336056
R-1233zd,33,Dew,1.852336056
R-1233zd,34,Bubble,1.91692805
R-1233zd,34,Dew,1.91692805
R-1233zd,35,Bubble,1.983286628
R-1233zd,35,Dew,1.983286628
R-1233zd,36,Bubble,2.051443314
R-1233zd,36,Dew,2.051443314
R-1233zd,37,Bubble,2.121429693
R-1233zd,37,Dew,2.121429693
R-1233zd,38,Bubble,2.193277396
R-1233zd,38,Dew,2.193277396
R-1233zd,39,Bubble,2.267018087
R-1233zd,39,Dew,2.267018087
R-1233zd,40,Bubble,2.342683441
R-1233zd,40,Dew,2.342683441
R-1233zd,41,Bubble,2.42030514
R-1233zd,41,Dew,2.42030514
R-1233zd,42,Bubble,2.499914847
R-1233zd,42,Dew,2.499914847
R-1233zd,43,Bubble,2.581544196
R-1233zd,43,Dew,2.581544196
R-1233zd,44,Bubble,2.665224777
R-1233zd,44,Dew,2.665224777
R-1233zd,45,Bubble,2.750988116
R-1233zd,45,Dew,2.750988116
R-1233zd,46,Bubble,2.838865663
R-1233zd,46,Dew,2.838865663
R-1233zd,47,Bubble,2.928888773
R-1233zd,47,Dew,2.928888773
R-1233zd,48,Bubble,3.021088691
R-1233zd,48,Dew,3.021088691
R-1233zd,49,Bubble,3.115496537
R-1233zd,49,Dew,3.115496537
R-1233zd,50,Bubble,3.212143288
R-1233zd,50,Dew,3.212143288
R-1233zd,51,Bubble,3.311059761
R-1233zd,51,Dew,3.311059761
R-1233zd,52,Bubble,3.412276598
R-1233zd,52,Dew,3.412276598
R-1233zd,53,Bubble,3.51582425
R-1233zd,53,Dew,3.51582425
R-1233zd,54,Bubble,3.62173296
R-1233zd,54,Dew,3.62173296
R-1233zd,55,Bubble,3.730032745
R-1233zd,55,Dew,3.730032745
R-1233zd,56,Bubble,3.84075338
R-1233zd,56,Dew,3.84075338
R-1233zd,57,Bubble,3.953924386
R-1233zd,57,Dew,3.953924386
R-1233zd,58,Bubble,4.069575008
R-1233zd,58,Dew,4.069575008
R-1233zd,59,Bubble,4.187734202
R-1233zd,59,Dew,4.187734202
R-1233zd,60,Bubble,4.308430617
R-1233zd,60,Dew,4.308430617
R-1233zd,61,Bubble,4.431692581
R-1233zd,61,Dew,4.431692581
R-1233zd,62,Bubble,4.557548086
R-1233zd,62,Dew,4.557548086
R-1233zd,63,Bubble,4.686024768
R-1233zd,63,Dew,4.686024768
R-1233zd,64,Bubble,4.817149898
R-1233zd,64,Dew,4.817149898
R-1233zd,65,Bubble,4.950950361
R-1233zd,65,Dew,4.950950361
R-1233zd,66,Bubble,5.087452643
R-1233zd,66,Dew,5.087452643
R-1233zd,67,Bubble,5.226682819
R-1233zd,67,Dew,5.226682819
R-1233zd,68,Bubble,5.368666533
R-1233zd,68,Dew,5.368666533
R-1233zd,69,Bubble,5.513428991
R-1233zd,69,Dew,5.513428991
R-1233zd,70,Bubble,5.660994941
R-1233zd,70,Dew,5.660994941
R-1234ze,-50,Bubble,0.2356289145
R-1234ze,-50,Dew,0.2356289145
R-1234ze,-49,Bubble,0.2485413725
R-1234ze,-49,Dew,0.2485413725
R-1234ze,-48,Bubble,0.2620372196
R-1234ze,-48,Dew,0.2620372196
R-1234ze,-47,Bubble,0.2761367341
R-1234ze,-47,Dew,0.2761367341
R-1234ze,-46,Bubble,0.2908606555
R-1234ze,-46,Dew,0.2908606555
R-1234ze,-45,Bubble,0.3062301884
R-1234ze,-45,Dew,0.3062301884
R-1234ze,-44,Bubble,0.3222670044
R-1234ze,-44,Dew,0.3222670044
R-1234ze,-43,Bubble,0.3396404831
R-1234ze,-43,Dew,0.3396404831
R-1234ze,-42,Bubble,0.3582094115
R-1234ze,-42,Dew,0.3582094115
R-1234ze,-41,Bubble,0.3776259857
R-1234ze,-41,Dew,0.3776259857
R-1234ze,-40,Bubble,0.3979201946
R-1234ze,-40,Dew,0.3979201946
R-1234ze,-39,Bubble,0.4191226914
R-1234ze,-39,Dew,0.4191226914
R-1234ze,-38,Bubble,0.4412647923
R-1234ze,-38,Dew,0.4412647923
R-1234ze,-37,Bubble,0.4643784748
R-1234ze,-37,Dew,0.4643784748
R-1234ze,-36,Bubble,0.4884963744
R-1234ze,-36,Dew,0.4884963744
R-1234ze,-35,Bubble,0.5136517812
R-1234ze,-35,Dew,0.5136517812
R-1234ze,-34,Bubble,0.539878636
R-1234ze,-34,Dew,0.539878636
R-1234ze,-33,Bubble,0.5672115244
R-1234ze,-33,Dew,0.5672115244
R-1234ze,-32,Bubble,0.5956856719
R-1234ze,-32,Dew,0.5956856719
R-1234ze,-31,Bubble,0.6253369366
R-1234ze,-31,Dew,0.6253369366
R-1234ze,-30,Bubble,0.6562018018
R-1234ze,-30,Dew,0.6562018018
R-1234ze,-29,Bubble,0.6883173683
R-1234ze,-29,Dew,0.6883173683
R-1234ze,-28,Bubble,0.7217213445
R-1234ze,-28,Dew,0.7217213445
R-1234ze,-27,Bubble,0.7564520372
R-1234ze,-27,Dew,0.7564520372
R-1234ze,-26,Bubble,0.7925483406
R-1234ze,-26,Dew,0.7925483406
R-1234ze,-25,Bubble,0.8300497249
R-1234ze,-25,Dew,0.8300497249
R-1234ze,-24,Bubble,0.8689962235
R-1234ze,-24,Dew,0.8689962235
R-1234ze,-23,Bubble,0.9094284203
R-1234ze,-23,Dew,0.9094284203
R-1234ze,-22,Bubble,0.9513874355
R-1234ze,-22,Dew,0.9513874355
R-1234ze,-21,Bubble,0.9949149103
R-1234ze,-21,Dew,0.9949149103
R-1234ze,-20,Bubble,1.040052992
R-1234ze,-20,Dew,1.040052992
R-1234ze,-19,Bubble,1.086844316
R-1234ze,-19,Dew,1.086844316
R-1234ze,-18,Bubble,1.135331991
R-1234ze,-18,Dew,1.135331991
R-1234ze,-17,Bubble,1.185559578
R-1234ze,-17,Dew,1.185559578
R-1234ze,-16,Bubble,1.237571072
R-1234ze,-16,Dew,1.237571072
R-1234ze,-15,Bubble,1.291410884
R-1234ze,-15,Dew,1.291410884
R-1234ze,-14,Bubble,1.347123819
R-1234ze,-14,Dew,1.347123819
R-1234ze,-13,Bubble,1.404755053
R-1234ze,-13,Dew,1.404755053
R-1234ze,-12,Bubble,1.464350114
R-1234ze,-12,Dew,1.464350114
R-1234ze,-11,Bubble,1.525954858
R-1234ze,-11,Dew,1.525954858
R-1234ze,-10,Bubble,1.589615445
R-1234ze,-10,Dew,1.589615445
R-1234ze,-9,Bubble,1.655378313
R-1234ze,-9,Dew,1.655378313
R-1234ze,-8,Bubble,1.723290157
R-1234ze,-8,Dew,1.723290157
R-1234ze,-7,Bubble,1.793397899
R-1234ze,-7,Dew,1.793397899
R-1234ze,-6,Bubble,1.865748667
R-1234ze,-6,Dew,1.865748667
R-1234ze,-5,Bubble,1.940389761
R-1234ze,-5,Dew,1.940389761
R-1234ze,-4,Bubble,2.017368632
R-1234ze,-4,Dew,2.017368632
R-1234ze,-3,Bubble,2.096732849
R-1234ze,-3,Dew,2.096732849
R-1234ze,-2,Bubble,2.178530074
R-1234ze,-2,Dew,2.178530074
R-1234ze,-1,Bubble,2.262808031
R-1234ze,-1,Dew,2.262808031
R-1234ze,0,Bubble,2.349614476
R-1234ze,0,Dew,2.349614476
R-1234ze,1,Bubble,2.438997167
R-1234ze,1,Dew,2.438997167
R-1234ze,2,Bubble,2.531003835
R-1234ze,2,Dew,2.531003835
R-1234ze,3,Bubble,2.625682152
R-1234ze,3,Dew,2.625682152
R-1234ze,4,Bubble,2.723079699
R-1234ze,4,Dew,2.723079699
R-1234ze,5,Bubble,2.823243936
R-1234ze,5,Dew,2.823243936
R-1234ze,6,Bubble,2.926222168
R-1234ze,6,Dew,2.926222168
R-1234ze,7,Bubble,3.032061515
R-1234ze,7,Dew,3.032061515
R-1234ze,8,Bubble,3.140808879
R-1234ze,8,Dew,3.140808879
R-1234ze,9,Bubble,3.252510912
R-1234ze,9,Dew,3.252510912
R-1234ze,10,Bubble,3.367213982
R-1234ze,10,Dew,3.367213982
R-1234ze,11,Bubble,3.484964141
R-1234ze,11,Dew,3.484964141
R-1234ze,12,Bubble,3.605807096
R-1234ze,12,Dew,3.605807096
R-1234ze,13,Bubble,3.729788169
R-1234ze,13,Dew,3.729788169
R-1234ze,14,Bubble,3.856952272
R-1234ze,14,Dew,3.856952272
R-1234ze,15,Bubble,3.987343871
R-1234ze,15,Dew,3.987343871
R-1234ze,16,Bubble,4.121006952
R-1234ze,16,Dew,4.121006952
R-1234ze,17,Bubble,4.257984994
R-1234ze,17,Dew,4.257984994
R-1234ze,18,Bubble,4.398320933
R-1234ze,18,Dew,4.398320933
R-1234ze,19,Bubble,4.542057134
R-1234ze,19,Dew,4.542057134
R-1234ze,20,Bubble,4.689235355
R-1234ze,20,Dew,4.689235355
R-1234ze,21,Bubble,4.839896723
R-1234ze,21,Dew,4.839896723
R-1234ze,22,Bubble,4.994081698
R-1234ze,22,Dew,4.994081698
R-1234ze,23,Bubble,5.151830047
R-1234ze,23,Dew,5.151830047
R-1234ze,24,Bubble,5.313180815
R-1234ze,24,Dew,5.313180815
R-1234ze,25,Bubble,5.478172292
R-1234ze,25,Dew,5.478172292
R-1234ze,26,Bubble,5.646841993
R-1234ze,26,Dew,5.646841993
R-1234ze,27,Bubble,5.819226624
R-1234ze,27,Dew,5.819226624
R-1234ze,28,Bubble,5.995362059
R-1234ze,28,Dew,5.995362059
R-1234ze,29,Bubble,6.175283315
R-1234ze,29,Dew,6.175283315
R-1234ze,30,Bubble,6.359024525
R-1234ze,30,Dew,6.359024525
R-1234ze,31,Bubble,6.546618917
R-1234ze,31,Dew,6.546618917
R-1234ze,32,Bubble,6.738098791
R-1234ze,32,Dew,6.738098791
R-1234ze,33,Bubble,6.933495497
R-1234ze,33,Dew,6.933495497
R-1234ze,34,Bubble,7.132839413
R-1234ze,34,Dew,7.132839413
R-1234ze,35,Bubble,7.336159929
R-1234ze,35,Dew,7.336159929
R-1234ze,36,Bubble,7.543485425
R-1234ze,36,Dew,7.543485425
R-1234ze,37,Bubble,7.754843259
R-1234ze,37,Dew,7.754843259
R-1234ze,38,Bubble,7.970259745
R-1234ze,38,Dew,7.970259745
R-1234ze,39,Bubble,8.189760145
R-1234ze,39,Dew,8.189760145
R-1234ze,40,Bubble,8.413368651
R-1234ze,40,Dew,8.413368651
R-1234ze,41,Bubble,8.641108377
R-1234ze,41,Dew,8.641108377
R-1234ze,42,Bubble,8.873001348
R-1234ze,42,Dew,8.873001348
R-1234ze,43,Bubble,9.10906849
R-1234ze,43,Dew,9.10906849
R-1234ze,44,Bubble,9.349329624
R-1234ze,44,Dew,9.349329624
R-1234ze,45,Bubble,9.593803462
R-1234ze,45,Dew,9.593803462
R-1234ze,46,Bubble,9.842507598
R-1234ze,46,Dew,9.842507598
R-1234ze,47,Bubble,10.09545852
R-1234ze,47,Dew,10.09545852
R-1234ze,48,Bubble,10.35267157
R-1234ze,48,Dew,10.35267157
R-1234ze,49,Bubble,10.61416102
R-1234ze,49,Dew,10.61416102
R-1234ze,50,Bubble,10.87994
R-1234ze,50,Dew,10.87994
R-1234ze,51,Bubble,11.15002052
R-1234ze,51,Dew,11.15002052
R-1234ze,52,Bubble,11.42441353
R-1234ze,52,Dew,11.42441353
R-1234ze,53,Bubble,11.70312884
R-1234ze,53,Dew,11.70312884
R-1234ze,54,Bubble,11.98617521
R-1234ze,54,Dew,11.98617521
R-1234ze,55,Bubble,12.27356032
R-1234ze,55,Dew,12.27356032
R-1234ze,56,Bubble,12.5652908
R-1234ze,56,Dew,12.5652908
R-1234ze,57,Bubble,12.86137221
R-1234ze,57,Dew,12.86137221
R-1234ze,58,Bubble,13.16180914
R-1234ze,58,Dew,13.16180914
R-1234ze,59,Bubble,13.46660512
R-1234ze,59,Dew,13.46660512
R-1234ze,60,Bubble,13.77576275
R-1234ze,60,Dew,13.77576275
R-1234ze,61,Bubble,14.08928365
R-1234ze,61,Dew,14.08928365
R-1234ze,62,Bubble,14.40716851
R-1234ze,62,Dew,14.40716851
R-1234ze,63,Bubble,14.72941711
R-1234ze,63,Dew,14.72941711
R-1234ze,64,Bubble,15.05602837
R-1234ze,64,Dew,15.05602837
R-1234ze,65,Bubble,15.38700038
R-1234ze,65,Dew,15.38700038
R-1234ze,66,Bubble,15.7223304
R-1234ze,66,Dew,15.7223304
R-1234ze,67,Bubble,16.06201494
R-1234ze,67,Dew,16.06201494
R-1234ze,68,Bubble,16.40604975
R-1234ze,68,Dew,16.40604975
R-1234ze,69,Bubble,16.75442993
R-1234ze,69,Dew,16.75442993
R-1234ze,70,Bubble,17.1071499
R-1234ze,70,Dew,17.1071499
R-508B,-50,Bubble,6.757312248
R-508B,-50,Dew,6.757312248
R-508B,-49,Bubble,7.030153039
R-508B,-49,Dew,7.030153039
R-508B,-48,Bubble,7.310769101
R-508B,-48,Dew,7.310769101
R-508B,-47,Bubble,7.599250316
R-508B,-47,Dew,7.599250316
R-508B,-46,Bubble,7.89568309
R-508B,-46,Dew,7.89568309
R-508B,-45,Bubble,8.200150245
R-508B,-45,Dew,8.200150245
R-508B,-44,Bubble,8.512730915
R-508B,-44,Dew,8.512730915
R-508B,-43,Bubble,8.833500449
R-508B,-43,Dew,8.833500449
R-508B,-42,Bubble,9.162530324
R-508B,-42,Dew,9.162530324
R-508B,-41,Bubble,9.499888062
R-508B,-41,Dew,9.499888062
R-508B,-40,Bubble,9.84563716
R-508B,-40,Dew,9.84563716
R-508B,-39,Bubble,10.19983703
R-508B,-39,Dew,10.19983703
R-508B,-38,Bubble,10.56254293
R-508B,-38,Dew,10.56254293
R-508B,-37,Bubble,10.93380595
R-508B,-37,Dew,10.93380595
R-508B,-36,Bubble,11.31367294
R-508B,-36,Dew,11.31367294
R-508B,-35,Bubble,11.70218651
R-508B,-35,Dew,11.70218651
R-508B,-34,Bubble,12.09938503
R-508B,-34,Dew,12.09938503
R-508B,-33,Bubble,12.50530258
R-508B,-33,Dew,12.50530258
R-508B,-32,Bubble,12.919969
R-508B,-32,Dew,12.919969
R-508B,-31,Bubble,13.3434099
R-508B,-31,Dew,13.3434099
R-508B,-30,Bubble,13.77564669
R-508B,-30,Dew,13.77564669
R-508B,-29,Bubble,14.21669661
R-508B,-29,Dew,14.21669661
R-508B,-28,Bubble,14.6665728
R-508B,-28,Dew,14.6665728
R-508B,-27,Bubble,15.12528439
R-508B,-27,Dew,15.12528439
R-508B,-26,Bubble,15.59283652
R-508B,-26,Dew,15.59283652
R-508B,-25,Bubble,16.06923049
R-508B,-25,Dew,16.06923049
R-508B,-24,Bubble,16.55446385
R-508B,-24,Dew,16.55446385
R-508B,-23,Bubble,17.04853049
R-508B,-23,Dew,17.04853049
R-508B,-22,Bubble,17.55142082
R-508B,-22,Dew,17.55142082
R-508B,-21,Bubble,18.06312188
R-508B,-21,Dew,18.06312188
R-508B,-20,Bubble,18.58361749
R-508B,-20,Dew,18.58361749
R-508B,-19,Bubble,19.11288846
R-508B,-19,Dew,19.11288846
R-508B,-18,Bubble,19.65091274
R-508B,-18,Dew,19.65091274
R-508B,-17,Bubble,20.19766562
R-508B,-17,Dew,20.19766562
R-508B,-16,Bubble,20.75311994
R-508B,-16,Dew,20.75311994
R-508B,-15,Bubble,21.31724633
R-508B,-15,Dew,21.31724633
R-508B,-14,Bubble,21.89001342
R-508B,-14,Dew,21.89001342
R-508B,-13,Bubble,22.47138808
R-508B,-13,Dew,22.47138808
R-508B,-12,Bubble,23.06133571
R-508B,-12,Dew,23.06133571
R-508B,-11,Bubble,23.65982049
R-508B,-11,Dew,23.65982049
R-508B,-10,Bubble,24.26680564
R-508B,-10,Dew,24.26680564
R-508B,-9,Bubble,24.88225377
R-508B,-9,Dew,24.88225377
R-508B,-8,Bubble,25.50612711
R-508B,-8,Dew,25.50612711
R-508B,-7,Bubble,26.13838788
R-508B,-7,Dew,26.13838788
R-508B,-6,Bubble,26.77899861
R-508B,-6,Dew,26.77899861
R-508B,-5,Bubble,27.42792244
R-508B,-5,Dew,27.42792244
R-508B,-4,Bubble,28.08512349
R-508B,-4,Dew,28.08512349
R-508B,-3,Bubble,28.75056721
R-508B,-3,Dew,28.75056721
R-508B,-2,Bubble,29.42422072
R-508B,-2,Dew,29.42422072
R-508B,-1,Bubble,30.10605324
R-508B,-1,Dew,30.10605324
R-508B,0,Bubble,30.79603637
R-508B,0,Dew,30.79603637
R-508B,1,Bubble,31.49414456
R-508B,1,Dew,31.49414456
R-508B,2,Bubble,32.20035547
R-508B,2,Dew,32.20035547
R-508B,3,Bubble,32.91465035
R-508B,3,Dew,32.91465035
R-508B,4,Bubble,33.63701444
R-508B,4,Dew,33.63701444
R-508B,5,Bubble,34.36743743
R-508B,5,Dew,34.36743743
R-508B,6,Bubble,35.10591378
R-508B,6,Dew,35.10591378
R-508B,7,Bubble,35.85244322
R-508B,7,Dew,35.85244322
R-508B,8,Bubble,36.60703112
R-508B,8,Dew,36.60703112
R-508B,9,Bubble,37.36968888
R-508B,9,Dew,37.36968888
R-508B,10,Bubble,38.14043442
R-508B,10,Dew,38.14043442
R-508B,11,Bubble,38.91929253
R-508B,11,Dew,38.91929253
R-508B,12,Bubble,39.3
R-508B,12,Dew,39.3
R-508B,13,Bubble,39.3
R-508B,13,Dew,39.3
R-508B,14,Bubble,39.3
R-508B,14,Dew,39.3
R-508B,15,Bubble,39.3
R-508B,15,Dew,39.3
R-508B,16,Bubble,39.3
R-508B,16,Dew,39.3
R-508B,17,Bubble,39.3
R-508B,17,Dew,39.3
R-508B,18,Bubble,39.3
R-508B,18,Dew,39.3
R-508B,19,Bubble,39.3
R-508B,19,Dew,39.3
R-508B,20,Bubble,39.3
R-508B,20,Dew,39.3
R-508B,21,Bubble,39.3
R-508B,21,Dew,39.3
R-508B,22,Bubble,39.3
R-508B,22,Dew,39.3
R-508B,23,Bubble,39.3
R-508B,23,Dew,39.3
R-508B,24,Bubble,39.3
R-508B,24,Dew,39.3
R-508B,25,Bubble,39.3
R-508B,25,Dew,39.3
R-508B,26,Bubble,39.3
R-508B,26,Dew,39.3
R-508B,27,Bubble,39.3
R-508B,27,Dew,39.3
R-508B,28,Bubble,39.3
R-508B,28,Dew,39.3
R-508B,29,Bubble,39.3
R-508B,29,Dew,39.3
R-508B,30,Bubble,39.3
R-508B,30,Dew,39.3
R-508B,31,Bubble,39.3
R-508B,31,Dew,39.3
R-508B,32,Bubble,39.3
R-508B,32,Dew,39.3
R-508B,33,Bubble,39.3
R-508B,33,Dew,39.3
R-508B,34,Bubble,39.3
R-508B,34,Dew,39.3
R-508B,35,Bubble,39.3
R-508B,35,Dew,39.3
R-508B,36,Bubble,39.3
R-508B,36,Dew,39.3
R-508B,37,Bubble,39.3
R-508B,37,Dew,39.3
R-508B,38,Bubble,39.3
R-508B,38,Dew,39.3
R-508B,39,Bubble,39.3
R-508B,39,Dew,39.3
R-508B,40,Bubble,39.3
R-508B,40,Dew,39.3
R-508B,41,Bubble,39.3
R-508B,41,Dew,39.3
R-508B,42,Bubble,39.3
R-508B,42,Dew,39.3
R-508B,43,Bubble,39.3
R-508B,43,Dew,39.3
R-508B,44,Bubble,39.3
R-508B,44,Dew,39.3
R-508B,45,Bubble,39.3
R-508B,45,Dew,39.3
R-508B,46,Bubble,39.3
R-508B,46,Dew,39.3
R-508B,47,Bubble,39.3
R-508B,47,Dew,39.3
R-508B,48,Bubble,39.3
R-508B,48,Dew,39.3
R-508B,49,Bubble,39.3
R-508B,49,Dew,39.3
R-508B,50,Bubble,39.3
R-508B,50,Dew,39.3
R-508B,51,Bubble,39.3
R-508B,51,Dew,39.3
R-508B,52,Bubble,39.3
R-508B,52,Dew,39.3
R-508B,53,Bubble,39.3
R-508B,53,Dew,39.3
R-508B,54,Bubble,39.3
R-508B,54,Dew,39.3
R-508B,55,Bubble,39.3
R-508B,55,Dew,39.3
R-508B,56,Bubble,39.3
R-508B,56,Dew,39.3
R-508B,57,Bubble,39.3
R-508B,57,Dew,39.3
R-508B,58,Bubble,39.3
R-508B,58,Dew,39.3
R-508B,59,Bubble,39.3
R-508B,59,Dew,39.3
R-508B,60,Bubble,39.3
R-508B,60,Dew,39.3
R-508B,61,Bubble,39.3
R-508B,61,Dew,39.3
R-508B,62,Bubble,39.3
R-508B,62,Dew,39.3
R-508B,63,Bubble,39.3
R-508B,63,Dew,39.3
R-508B,64,Bubble,39.3
R-508B,64,Dew,39.3
R-508B,65,Bubble,39.3
R-508B,65,Dew,39.3
R-508B,66,Bubble,39.3
R-508B,66,Dew,39.3
R-508B,67,Bubble,39.3
R-508B,67,Dew,39.3
R-508B,68,Bubble,39.3
R-508B,68,Dew,39.3
R-508B,69,Bubble,39.3
R-508B,69,Dew,39.3
R-508B,70,Bubble,39.3
R-508B,70,Dew,39.3
R-23,-50,Bubble,5.216382295
R-23,-50,Dew,5.216382295
R-23,-49,Bubble,5.437328663
R-23,-49,Dew,5.437328663
R-23,-48,Bubble,5.665129651
R-23,-48,Dew,5.665129651
R-23,-47,Bubble,5.89989152
R-23,-47,Dew,5.89989152
R-23,-46,Bubble,6.141718312
R-23,-46,Dew,6.141718312
R-23,-45,Bubble,6.390711719
R-23,-45,Dew,6.390711719
R-23,-44,Bubble,6.646970952
R-23,-44,Dew,6.646970952
R-23,-43,Bubble,6.910592618
R-23,-43,Dew,6.910592618
R-23,-42,Bubble,7.181670593
R-23,-42,Dew,7.181670593
R-23,-41,Bubble,7.46029591
R-23,-41,Dew,7.46029591
R-23,-40,Bubble,7.746556638
R-23,-40,Dew,7.746556638
R-23,-39,Bubble,8.040537776
R-23,-39,Dew,8.040537776
R-23,-38,Bubble,8.342321147
R-23,-38,Dew,8.342321147
R-23,-37,Bubble,8.651985299
R-23,-37,Dew,8.651985299
R-23,-36,Bubble,8.969605408
R-23,-36,Dew,8.969605408
R-23,-35,Bubble,9.295253193
R-23,-35,Dew,9.295253193
R-23,-34,Bubble,9.628996831
R-23,-34,Dew,9.628996831
R-23,-33,Bubble,9.970900884
R-23,-33,Dew,9.970900884
R-23,-32,Bubble,10.32102623
R-23,-32,Dew,10.32102623
R-23,-31,Bubble,10.67942999
R-23,-31,Dew,10.67942999
R-23,-30,Bubble,11.04616551
R-23,-30,Dew,11.04616551
R-23,-29,Bubble,11.42128226
R-23,-29,Dew,11.42128226
R-23,-28,Bubble,11.80482584
R-23,-28,Dew,11.80482584
R-23,-27,Bubble,12.19683793
R-23,-27,Dew,12.19683793
R-23,-26,Bubble,12.59735627
R-23,-26,Dew,12.59735627
R-23,-25,Bubble,13.00641467
R-23,-25,Dew,13.00641467
R-23,-24,Bubble,13.42404297
R-23,-24,Dew,13.42404297
R-23,-23,Bubble,13.85026707
R-23,-23,Dew,13.85026707
R-23,-22,Bubble,14.28510893
R-23,-22,Dew,14.28510893
R-23,-21,Bubble,14.72858662
R-23,-21,Dew,14.72858662
R-23,-20,Bubble,15.18071433
R-23,-20,Dew,15.18071433
R-23,-19,Bubble,15.64150243
R-23,-19,Dew,15.64150243
R-23,-18,Bubble,16.11095751
R-23,-18,Dew,16.11095751
R-23,-17,Bubble,16.58908248
R-23,-17,Dew,16.58908248
R-23,-16,Bubble,17.0758766
R-23,-16,Dew,17.0758766
R-23,-15,Bubble,17.5713356
R-23,-15,Dew,17.5713356
R-23,-14,Bubble,18.07545176
R-23,-14,Dew,18.07545176
R-23,-13,Bubble,18.58821403
R-23,-13,Dew,18.58821403
R-23,-12,Bubble,19.10960816
R-23,-12,Dew,19.10960816
R-23,-11,Bubble,19.63961677
R-23,-11,Dew,19.63961677
R-23,-10,Bubble,20.17821959
R-23,-10,Dew,20.17821959
R-23,-9,Bubble,20.72539351
R-23,-9,Dew,20.72539351
R-23,-8,Bubble,21.28111283
R-23,-8,Dew,21.28111283
R-23,-7,Bubble,21.84534934
R-23,-7,Dew,21.84534934
R-23,-6,Bubble,22.4180726
R-23,-6,Dew,22.4180726
R-23,-5,Bubble,22.99925006
R-23,-5,Dew,22.99925006
R-23,-4,Bubble,23.58884731
R-23,-4,Dew,23.58884731
R-23,-3,Bubble,24.18682825
R-23,-3,Dew,24.18682825
R-23,-2,Bubble,24.79315537
R-23,-2,Dew,24.79315537
R-23,-1,Bubble,25.40778994
R-23,-1,Dew,25.40778994
R-23,0,Bubble,26.03069225
R-23,0,Dew,26.03069225
R-23,1,Bubble,26.6618219
R-23,1,Dew,26.6618219
R-23,2,Bubble,27.30113806
R-23,2,Dew,27.30113806
R-23,3,Bubble,27.94859968
R-23,3,Dew,27.94859968
R-23,4,Bubble,28.60416585
R-23,4,Dew,28.60416585
R-23,5,Bubble,29.26779603
R-23,5,Dew,29.26779603
R-23,6,Bubble,29.93945038
R-23,6,Dew,29.93945038
R-23,7,Bubble,30.61909005
R-23,7,Dew,30.61909005
R-23,8,Bubble,31.30667748
R-23,8,Dew,31.30667748
R-23,9,Bubble,32.00217675
R-23,9,Dew,32.00217675
R-23,10,Bubble,32.70555386
R-23,10,Dew,32.70555386
R-23,11,Bubble,33.41677709
R-23,11,Dew,33.41677709
R-23,12,Bubble,34.13581735
R-23,12,Dew,34.13581735
R-23,13,Bubble,34.86264846
R-23,13,Dew,34.86264846
R-23,14,Bubble,35.59724756
R-23,14,Dew,35.59724756
R-23,15,Bubble,36.33959544
R-23,15,Dew,36.33959544
R-23,16,Bubble,37.08967686
R-23,16,Dew,37.08967686
R-23,17,Bubble,37.84748095
R-23,17,Dew,37.84748095
R-23,18,Bubble,38.61300154
R-23,18,Dew,38.61300154
R-23,19,Bubble,39.38623755
R-23,19,Dew,39.38623755
R-23,20,Bubble,40.1671933
R-23,20,Dew,40.1671933
R-23,21,Bubble,40.95587893
R-23,21,Dew,40.95587893
R-23,22,Bubble,41.75231072
R-23,22,Dew,41.75231072
R-23,23,Bubble,42.55651149
R-23,23,Dew,42.55651149
R-23,24,Bubble,43.36851092
R-23,24,Dew,43.36851092
R-23,25,Bubble,44.18834594
R-23,25,Dew,44.18834594
R-23,26,Bubble,48.4
R-23,26,Dew,48.4
R-23,27,Bubble,48.4
R-23,27,Dew,48.4
R-23,28,Bubble,48.4
R-23,28,Dew,48.4
R-23,29,Bubble,48.4
R-23,29,Dew,48.4
R-23,30,Bubble,48.4
R-23,30,Dew,48.4
R-23,31,Bubble,48.4
R-23,31,Dew,48.4
R-23,32,Bubble,48.4
R-23,32,Dew,48.4
R-23,33,Bubble,48.4
R-23,33,Dew,48.4
R-23,34,Bubble,48.4
R-23,34,Dew,48.4
R-23,35,Bubble,48.4
R-23,35,Dew,48.4
R-23,36,Bubble,48.4
R-23,36,Dew,48.4
R-23,37,Bubble,48.4
R-23,37,Dew,48.4
R-23,38,Bubble,48.4
R-23,38,Dew,48.4
R-23,39,Bubble,48.4
R-23,39,Dew,48.4
R-23,40,Bubble,48.4
R-23,40,Dew,48.4
R-23,41,Bubble,48.4
R-23,41,Dew,48.4
R-23,42,Bubble,48.4
R-23,42,Dew,48.4
R-23,43,Bubble,48.4
R-23,43,Dew,48.4
R-23,44,Bubble,48.4
R-23,44,Dew,48.4
R-23,45,Bubble,48.4
R-23,45,Dew,48.4
R-23,46,Bubble,48.4
R-23,46,Dew,48.4
R-23,47,Bubble,48.4
R-23,47,Dew,48.4
R-23,48,Bubble,48.4
R-23,48,Dew,48.4
R-23,49,Bubble,48.4
R-23,49,Dew,48.4
R-23,50,Bubble,48.4
R-23,50,Dew,48.4
R-23,51,Bubble,48.4
R-23,51,Dew,48.4
R-23,52,Bubble,48.4
R-23,52,Dew,48.4
R-23,53,Bubble,48.4
R-23,53,Dew,48.4
R-23,54,Bubble,48.4
R-23,54,Dew,48.4
R-23,55,Bubble,48.4
R-23,55,Dew,48.4
R-23,56,Bubble,48.4
R-23,56,Dew,48.4
R-23,57,Bubble,48.4
R-23,57,Dew,48.4
R-23,58,Bubble,48.4
R-23,58,Dew,48.4
R-23,59,Bubble,48.4
R-23,59,Dew,48.4
R-23,60,Bubble,48.4
R-23,60,Dew,48.4
R-23,61,Bubble,48.4
R-23,61,Dew,48.4
R-23,62,Bubble,48.4
R-23,62,Dew,48.4
R-23,63,Bubble,48.4
R-23,63,Dew,48.4
R-23,64,Bubble,48.4
R-23,64,Dew,48.4
R-23,65,Bubble,48.4
R-23,65,Dew,48.4
R-23,66,Bubble,48.4
R-23,66,Dew,48.4
R-23,67,Bubble,48.4
R-23,67,Dew,48.4
R-23,68,Bubble,48.4
R-23,68,Dew,48.4
R-23,69,Bubble,48.4
R-23,69,Dew,48.4
R-23,70,Bubble,48.4
R-23,70,Dew,48.4
R-503,-50,Bubble,6.926343519
R-503,-50,Dew,6.926343519
R-503,-49,Bubble,7.207876654
R-503,-49,Dew,7.207876654
R-503,-48,Bubble,7.497575
R-503,-48,Dew,7.497575
R-503,-47,Bubble,7.795541062
R-503,-47,Dew,7.795541062
R-503,-46,Bubble,8.10187394
R-503,-46,Dew,8.10187394
R-503,-45,Bubble,8.416669202
R-503,-45,Dew,8.416669202
R-503,-44,Bubble,8.740018756
R-503,-44,Dew,8.740018756
R-503,-43,Bubble,9.072010728
R-503,-43,Dew,9.072010728
R-503,-42,Bubble,9.412729348
R-503,-42,Dew,9.412729348
R-503,-41,Bubble,9.762254849
R-503,-41,Dew,9.762254849
R-503,-40,Bubble,10.12066336
R-503,-40,Dew,10.12066336
R-503,-39,Bubble,10.48802682
R-503,-39,Dew,10.48802682
R-503,-38,Bubble,10.86441289
R-503,-38,Dew,10.86441289
R-503,-37,Bubble,11.24988489
R-503,-37,Dew,11.24988489
R-503,-36,Bubble,11.64450171
R-503,-36,Dew,11.64450171
R-503,-35,Bubble,12.04831777
R-503,-35,Dew,12.04831777
R-503,-34,Bubble,12.46138299
R-503,-34,Dew,12.46138299
R-503,-33,Bubble,12.88374269
R-503,-33,Dew,12.88374269
R-503,-32,Bubble,13.31543766
R-503,-32,Dew,13.31543766
R-503,-31,Bubble,13.75650404
R-503,-31,Dew,13.75650404
R-503,-30,Bubble,14.20697339
R-503,-30,Dew,14.20697339
R-503,-29,Bubble,14.66687266
R-503,-29,Dew,14.66687266
R-503,-28,Bubble,15.13622422
R-503,-28,Dew,15.13622422
R-503,-27,Bubble,15.61504588
R-503,-27,Dew,15.61504588
R-503,-26,Bubble,16.10335095
R-503,-26,Dew,16.10335095
R-503,-25,Bubble,16.60114825
R-503,-25,Dew,16.60114825
R-503,-24,Bubble,17.10844222
R-503,-24,Dew,17.10844222
R-503,-23,Bubble,17.62523298
R-503,-23,Dew,17.62523298
R-503,-22,Bubble,18.15151641
R-503,-22,Dew,18.15151641
R-503,-21,Bubble,18.68728428
R-503,-21,Dew,18.68728428
R-503,-20,Bubble,19.23252431
R-503,-20,Dew,19.23252431
R-503,-19,Bubble,19.78722036
R-503,-19,Dew,19.78722036
R-503,-18,Bubble,20.35135255
R-503,-18,Dew,20.35135255
R-503,-17,Bubble,20.92489739
R-503,-17,Dew,20.92489739
R-503,-16,Bubble,21.50782797
R-503,-16,Dew,21.50782797
R-503,-15,Bubble,22.10011413
R-503,-15,Dew,22.10011413
R-503,-14,Bubble,22.70172266
R-503,-14,Dew,22.70172266
R-503,-13,Bubble,23.3126175
R-503,-13,Dew,23.3126175
R-503,-12,Bubble,23.93275996
R-503,-12,Dew,23.93275996
R-503,-11,Bubble,24.56210893
R-503,-11,Dew,24.56210893
R-503,-10,Bubble,25.20062117
R-503,-10,Dew,25.20062117
R-503,-9,Bubble,25.84825148
R-503,-9,Dew,25.84825148
R-503,-8,Bubble,26.50495308
R-503,-8,Dew,26.50495308
R-503,-7,Bubble,27.17067779
R-503,-7,Dew,27.17067779
R-503,-6,Bubble,27.84537634
R-503,-6,Dew,27.84537634
R-503,-5,Bubble,28.52899874
R-503,-5,Dew,28.52899874
R-503,-4,Bubble,29.22149447
R-503,-4,Dew,29.22149447
R-503,-3,Bubble,29.92281292
R-503,-3,Dew,29.92281292
R-503,-2,Bubble,30.63290363
R-503,-2,Dew,30.63290363
R-503,-1,Bubble,31.3517167
R-503,-1,Dew,31.3517167
R-503,0,Bubble,32.0792031
R-503,0,Dew,32.0792031
R-503,1,Bubble,32.81531501
R-503,1,Dew,32.81531501
R-503,2,Bubble,33.56000626
R-503,2,Dew,33.56000626
R-503,3,Bubble,34.31323264
R-503,3,Dew,34.31323264
R-503,4,Bubble,35.07495229
R-503,4,Dew,35.07495229
R-503,5,Bubble,35.84512613
R-503,5,Dew,35.84512613
R-503,6,Bubble,36.62371822
R-503,6,Dew,36.62371822
R-503,7,Bubble,37.41069615
R-503,7,Dew,37.41069615
R-503,8,Bubble,38.20603149
R-503,8,Dew,38.20603149
R-503,9,Bubble,39.00970017
R-503,9,Dew,39.00970017
R-503,10,Bubble,39.8216829
R-503,10,Dew,39.8216829
R-503,11,Bubble,40.64196559
R-503,11,Dew,40.64196559
R-503,12,Bubble,41.47053977
R-503,12,Dew,41.47053977
R-503,13,Bubble,42.30740301
R-503,13,Dew,42.30740301
R-503,14,Bubble,43.15255934
R-503,14,Dew,43.15255934
R-503,15,Bubble,44
R-503,15,Dew,44
R-503,16,Bubble,44
R-503,16,Dew,44
R-503,17,Bubble,44
R-503,17,Dew,44
R-503,18,Bubble,44
R-503,18,Dew,44
R-503,19,Bubble,44
R-503,19,Dew,44
R-503,20,Bubble,44
R-503,20,Dew,44
R-503,21,Bubble,44
R-503,21,Dew,44
R-503,22,Bubble,44
R-503,22,Dew,44
R-503,23,Bubble,44
R-503,23,Dew,44
R-503,24,Bubble,44
R-503,24,Dew,44
R-503,25,Bubble,44
R-503,25,Dew,44
R-503,26,Bubble,44
R-503,26,Dew,44
R-503,27,Bubble,44
R-503,27,Dew,44
R-503,28,Bubble,44
R-503,28,Dew,44
R-503,29,Bubble,44
R-503,29,Dew,44
R-503,30,Bubble,44
R-503,30,Dew,44
R-503,31,Bubble,44
R-503,31,Dew,44
R-503,32,Bubble,44
R-503,32,Dew,44
R-503,33,Bubble,44
R-503,33,Dew,44
R-503,34,Bubble,44
R-503,34,Dew,44
R-503,35,Bubble,44
R-503,35,Dew,44
R-503,36,Bubble,44
R-503,36,Dew,44
R-503,37,Bubble,44
R-503,37,Dew,44
R-503,38,Bubble,44
R-503,38,Dew,44
R-503,39,Bubble,44
R-503,39,Dew,44
R-503,40,Bubble,44
R-503,40,Dew,44
R-503,41,Bubble,44
R-503,41,Dew,44
R-503,42,Bubble,44
R-503,42,Dew,44
R-503,43,Bubble,44
R-503,43,Dew,44
R-503,44,Bubble,44
R-503,44,Dew,44
R-503,45,Bubble,44
R-503,45,Dew,44
R-503,46,Bubble,44
R-503,46,Dew,44
R-503,47,Bubble,44
R-503,47,Dew,44
R-503,48,Bubble,44
R-503,48,Dew,44
R-503,49,Bubble,44
R-503,49,Dew,44
R-503,50,Bubble,44
R-503,50,Dew,44
R-503,51,Bubble,44
R-503,51,Dew,44
R-503,52,Bubble,44
R-503,52,Dew,44
R-503,53,Bubble,44
R-503,53,Dew,44
R-503,54,Bubble,44
R-503,54,Dew,44
R-503,55,Bubble,44
R-503,55,Dew,44
R-503,56,Bubble,44
R-503,56,Dew,44
R-503,57,Bubble,44
R-503,57,Dew,44
R-503,58,Bubble,44
R-503,58,Dew,44
R-503,59,Bubble,44
R-503,59,Dew,44
R-503,60,Bubble,44
R-503,60,Dew,44
R-503,61,Bubble,44
R-503,61,Dew,44
R-503,62,Bubble,44
R-503,62,Dew,44
R-503,63,Bubble,44
R-503,63,Dew,44
R-503,64,Bubble,44
R-503,64,Dew,44
R-503,65,Bubble,44
R-503,65,Dew,44
R-503,66,Bubble,44
R-503,66,Dew,44
R-503,67,Bubble,44
R-503,67,Dew,44
R-503,68,Bubble,44
R-503,68,Dew,44
R-503,69,Bubble,44
R-503,69,Dew,44
R-503,70,Bubble,44
R-503,70,Dew,44
R-718,-50,Bubble,0.005
R-718,-50,Dew,0.005
R-718,-49,Bubble,0.005
R-718,-49,Dew,0.005
R-718,-48,Bubble,0.005
R-718,-48,Dew,0.005
R-718,-47,Bubble,0.005
R-718,-47,Dew,0.005
R-718,-46,Bubble,0.005
R-718,-46,Dew,0.005
R-718,-45,Bubble,0.005
R-718,-45,Dew,0.005
R-718,-44,Bubble,0.005
R-718,-44,Dew,0.005
R-718,-43,Bubble,0.005
R-718,-43,Dew,0.005
R-718,-42,Bubble,0.005
R-718,-42,Dew,0.005
R-718,-41,Bubble,0.005
R-718,-41,Dew,0.005
R-718,-40,Bubble,0.005
R-718,-40,Dew,0.005
R-718,-39,Bubble,0.005
R-718,-39,Dew,0.005
R-718,-38,Bubble,0.005
R-718,-38,Dew,0.005
R-718,-37,Bubble,0.005
R-718,-37,Dew,0.005
R-718,-36,Bubble,0.005
R-718,-36,Dew,0.005
R-718,-35,Bubble,0.005
R-718,-35,Dew,0.005
R-718,-34,Bubble,0.005
R-718,-34,Dew,0.005
R-718,-33,Bubble,0.005
R-718,-33,Dew,0.005
R-718,-32,Bubble,0.005
R-718,-32,Dew,0.005
R-718,-31,Bubble,0.005
R-718,-31,Dew,0.005
R-718,-30,Bubble,0.005
R-718,-30,Dew,0.005
R-718,-29,Bubble,0.005
R-718,-29,Dew,0.005
R-718,-28,Bubble,0.005
R-718,-28,Dew,0.005
R-718,-27,Bubble,0.005
R-718,-27,Dew,0.005
R-718,-26,Bubble,0.005
R-718,-26,Dew,0.005
R-718,-25,Bubble,0.005
R-718,-25,Dew,0.005
R-718,-24,Bubble,0.00518298653
R-718,-24,Dew,0.00518298653
R-718,-23,Bubble,0.005522582025
R-718,-23,Dew,0.005522582025
R-718,-22,Bubble,0.005881455059
R-718,-22,Dew,0.005881455059
R-718,-21,Bubble,0.006260521551
R-718,-21,Dew,0.006260521551
R-718,-20,Bubble,0.006660731717
R-718,-20,Dew,0.006660731717
R-718,-19,Bubble,0.007083070946
R-718,-19,Dew,0.007083070946
R-718,-18,Bubble,0.007528560703
R-718,-18,Dew,0.007528560703
R-718,-17,Bubble,0.007998259422
R-718,-17,Dew,0.007998259422
R-718,-16,Bubble,0.008493263426
R-718,-16,Dew,0.008493263426
R-718,-15,Bubble,0.009014707842
R-718,-15,Dew,0.009014707842
R-718,-14,Bubble,0.009563767527
R-718,-14,Dew,0.009563767527
R-718,-13,Bubble,0.01014165801
R-718,-13,Dew,0.01014165801
R-718,-12,Bubble,0.01074963641
R-718,-12,Dew,0.01074963641
R-718,-11,Bubble,0.01138900244
R-718,-11,Dew,0.01138900244
R-718,-10,Bubble,0.01206109927
R-718,-10,Dew,0.01206109927
R-718,-9,Bubble,0.0127673146
R-718,-9,Dew,0.0127673146
R-718,-8,Bubble,0.01350908153
R-718,-8,Dew,0.01350908153
R-718,-7,Bubble,0.01428787958
R-718,-7,Dew,0.01428787958
R-718,-6,Bubble,0.01510523568
R-718,-6,Dew,0.01510523568
R-718,-5,Bubble,0.01596272509
R-718,-5,Dew,0.01596272509
R-718,-4,Bubble,0.01686197247
R-718,-4,Dew,0.01686197247
R-718,-3,Bubble,0.0178046528
R-718,-3,Dew,0.0178046528
R-718,-2,Bubble,0.01879249242
R-718,-2,Dew,0.01879249242
R-718,-1,Bubble,0.01982726998
R-718,-1,Dew,0.01982726998
R-718,0,Bubble,0.0209108175
R-718,0,Dew,0.0209108175
R-718,1,Bubble,0.02204502133
R-718,1,Dew,0.02204502133
R-718,2,Bubble,0.02323182316
R-718,2,Dew,0.02323182316
R-718,3,Bubble,0.02447322102
R-718,3,Dew,0.02447322102
R-718,4,Bubble,0.02577127033
R-718,4,Dew,0.02577127033
R-718,5,Bubble,0.02712808486
R-718,5,Dew,0.02712808486
R-718,6,Bubble,0.02854583773
R-718,6,Dew,0.02854583773
R-718,7,Bubble,0.03002676249
R-718,7,Dew,0.03002676249
R-718,8,Bubble,0.03157315404
R-718,8,Dew,0.03157315404
R-718,9,Bubble,0.03318736971
R-718,9,Dew,0.03318736971
R-718,10,Bubble,0.03487183022
R-718,10,Dew,0.03487183022
R-718,11,Bubble,0.0366290207
R-718,11,Dew,0.0366290207
R-718,12,Bubble,0.03846149171
R-718,12,Dew,0.03846149171
R-718,13,Bubble,0.04037186022
R-718,13,Dew,0.04037186022
R-718,14,Bubble,0.04236281059
R-718,14,Dew,0.04236281059
R-718,15,Bubble,0.04443709563
R-718,15,Dew,0.04443709563
R-718,16,Bubble,0.04659753751
R-718,16,Dew,0.04659753751
R-718,17,Bubble,0.04884702882
R-718,17,Dew,0.04884702882
R-718,18,Bubble,0.05118853351
R-718,18,Dew,0.05118853351
R-718,19,Bubble,0.05362508789
R-718,19,Dew,0.05362508789
R-718,20,Bubble,0.05615980157
R-718,20,Dew,0.05615980157
R-718,21,Bubble,0.05879585849
R-718,21,Dew,0.05879585849
R-718,22,Bubble,0.06153651784
R-718,22,Dew,0.06153651784
R-718,23,Bubble,0.064385115
R-718,23,Dew,0.064385115
R-718,24,Bubble,0.06734506254
R-718,24,Dew,0.06734506254
R-718,25,Bubble,0.07041985115
R-718,25,Dew,0.07041985115
R-718,26,Bubble,0.07361305053
R-718,26,Dew,0.07361305053
R-718,27,Bubble,0.07692831039
R-718,27,Dew,0.07692831039
R-718,28,Bubble,0.08036936133
R-718,28,Dew,0.08036936133
R-718,29,Bubble,0.08394001575
R-718,29,Dew,0.08394001575
R-718,30,Bubble,0.08764416877
R-718,30,Dew,0.08764416877
R-718,31,Bubble,0.09148579913
R-718,31,Dew,0.09148579913
R-718,32,Bubble,0.09546897006
R-718,32,Dew,0.09546897006
R-718,33,Bubble,0.09959783016
R-718,33,Dew,0.09959783016
R-718,34,Bubble,0.1038766143
R-718,34,Dew,0.1038766143
R-718,35,Bubble,0.1083096444
R-718,35,Dew,0.1083096444
R-718,36,Bubble,0.1129013303
R-718,36,Dew,0.1129013303
R-718,37,Bubble,0.1176561709
R-718,37,Dew,0.1176561709
R-718,38,Bubble,0.1225787542
R-718,38,Dew,0.1225787542
R-718,39,Bubble,0.127673759
R-718,39,Dew,0.127673759
R-718,40,Bubble,0.1329459553
R-718,40,Dew,0.1329459553
R-718,41,Bubble,0.138400205
R-718,41,Dew,0.138400205
R-718,42,Bubble,0.1440414628
R-718,42,Dew,0.1440414628
R-718,43,Bubble,0.149874777
R-718,43,Dew,0.149874777
R-718,44,Bubble,0.1559052902
R-718,44,Dew,0.1559052902
R-718,45,Bubble,0.1621382399
R-718,45,Dew,0.1621382399
R-718,46,Bubble,0.1685789597
R-718,46,Dew,0.1685789597
R-718,47,Bubble,0.1752328795
R-718,47,Dew,0.1752328795
R-718,48,Bubble,0.1821055262
R-718,48,Dew,0.1821055262
R-718,49,Bubble,0.1892025249
R-718,49,Dew,0.1892025249
R-718,50,Bubble,0.196529599
R-718,50,Dew,0.196529599
R-718,51,Bubble,0.2040925713
R-718,51,Dew,0.2040925713
R-718,52,Bubble,0.2118973643
R-718,52,Dew,0.2118973643
R-718,53,Bubble,0.219950001
R-718,53,Dew,0.219950001
R-718,54,Bubble,0.2282566055
R-718,54,Dew,0.2282566055
R-718,55,Bubble,0.2368234035
R-718,55,Dew,0.2368234035
R-718,56,Bubble,0.2456567232
R-718,56,Dew,0.2456567232
R-718,57,Bubble,0.2547629953
R-718,57,Dew,0.2547629953
R-718,58,Bubble,0.2641487541
R-718,58,Dew,0.2641487541
R-718,59,Bubble,0.2738206379
R-718,59,Dew,0.2738206379
R-718,60,Bubble,0.2837853892
R-718,60,Dew,0.2837853892
R-718,61,Bubble,0.2940498555
R-718,61,Dew,0.2940498555
R-718,62,Bubble,0.3046209898
R-718,62,Dew,0.3046209898
R-718,63,Bubble,0.3155058511
R-718,63,Dew,0.3155058511
R-718,64,Bubble,0.3267116045
R-718,64,Dew,0.3267116045
R-718,65,Bubble,0.3382455221
R-718,65,Dew,0.3382455221
R-718,66,Bubble,0.3501149832
R-718,66,Dew,0.3501149832
R-718,67,Bubble,0.3623274745
R-718,67,Dew,0.3623274745
R-718,68,Bubble,0.3748905911
R-718,68,Dew,0.3748905911
R-718,69,Bubble,0.387812036
R-718,69,Dew,0.387812036
R-718,70,Bubble,0.4010996214
R-718,70,Dew,0.4010996214
R-729,-50,Bubble,37.7
R-729,-50,Dew,37.7
R-729,-49,Bubble,37.7
R-729,-49,Dew,37.7
R-729,-48,Bubble,37.7
R-729,-48,Dew,37.7
R-729,-47,Bubble,37.7
R-729,-47,Dew,37.7
R-729,-46,Bubble,37.7
R-729,-46,Dew,37.7
R-729,-45,Bubble,37.7
R-729,-45,Dew,37.7
R-729,-44,Bubble,37.7
R-729,-44,Dew,37.7
R-729,-43,Bubble,37.7
R-729,-43,Dew,37.7
R-729,-42,Bubble,37.7
R-729,-42,Dew,37.7
R-729,-41,Bubble,37.7
R-729,-41,Dew,37.7
R-729,-40,Bubble,37.7
R-729,-40,Dew,37.7
R-729,-39,Bubble,37.7
R-729,-39,Dew,37.7
R-729,-38,Bubble,37.7
R-729,-38,Dew,37.7
R-729,-37,Bubble,37.7
R-729,-37,Dew,37.7
R-729,-36,Bubble,37.7
R-729,-36,Dew,37.7
R-729,-35,Bubble,37.7
R-729,-35,Dew,37.7
R-729,-34,Bubble,37.7
R-729,-34,Dew,37.7
R-729,-33,Bubble,37.7
R-729,-33,Dew,37.7
R-729,-32,Bubble,37.7
R-729,-32,Dew,37.7
R-729,-31,Bubble,37.7
R-729,-31,Dew,37.7
R-729,-30,Bubble,37.7
R-729,-30,Dew,37.7
R-729,-29,Bubble,37.7
R-729,-29,Dew,37.7
R-729,-28,Bubble,37.7
R-729,-28,Dew,37.7
R-729,-27,Bubble,37.7
R-729,-27,Dew,37.7
R-729,-26,Bubble,37.7
R-729,-26,Dew,37.7
R-729,-25,Bubble,37.7
R-729,-25,Dew,37.7
R-729,-24,Bubble,37.7
R-729,-24,Dew,37.7
R-729,-23,Bubble,37.7
R-729,-23,Dew,37.7
R-729,-22,Bubble,37.7
R-729,-22,Dew,37.7
R-729,-21,Bubble,37.7
R-729,-21,Dew,37.7
R-729,-20,Bubble,37.7
R-729,-20,Dew,37.7
R-729,-19,Bubble,37.7
R-729,-19,Dew,37.7
R-729,-18,Bubble,37.7
R-729,-18,Dew,37.7
R-729,-17,Bubble,37.7
R-729,-17,Dew,37.7
R-729,-16,Bubble,37.7
R-729,-16,Dew,37.7
R-729,-15,Bubble,37.7
R-729,-15,Dew,37.7
R-729,-14,Bubble,37.7
R-729,-14,Dew,37.7
R-729,-13,Bubble,37.7
R-729,-13,Dew,37.7
R-729,-12,Bubble,37.7
R-729,-12,Dew,37.7
R-729,-11,Bubble,37.7
R-729,-11,Dew,37.7
R-729,-10,Bubble,37.7
R-729,-10,Dew,37.7
R-729,-9,Bubble,37.7
R-729,-9,Dew,37.7
R-729,-8,Bubble,37.7
R-729,-8,Dew,37.7
R-729,-7,Bubble,37.7
R-729,-7,Dew,37.7
R-729,-6,Bubble,37.7
R-729,-6,Dew,37.7
R-729,-5,Bubble,37.7
R-729,-5,Dew,37.7
R-729,-4,Bubble,37.7
R-729,-4,Dew,37.7
R-729,-3,Bubble,37.7
R-729,-3,Dew,37.7
R-729,-2,Bubble,37.7
R-729,-2,Dew,37.7
R-729,-1,Bubble,37.7
R-729,-1,Dew,37.7
R-729,0,Bubble,37.7
R-729,0,Dew,37.7
R-729,1,Bubble,37.7
R-729,1,Dew,37.7
R-729,2,Bubble,37.7
R-729,2,Dew,37.7
R-729,3,Bubble,37.7
R-729,3,Dew,37.7
R-729,4,Bubble,37.7
R-729,4,Dew,37.7
R-729,5,Bubble,37.7
R-729,5,Dew,37.7
R-729,6,Bubble,37.7
R-729,6,Dew,37.7
R-729,7,Bubble,37.7
R-729,7,Dew,37.7
R-729,8,Bubble,37.7
R-729,8,Dew,37.7
R-729,9,Bubble,37.7
R-729,9,Dew,37.7
R-729,10,Bubble,37.7
R-729,10,Dew,37.7
R-729,11,Bubble,37.7
R-729,11,Dew,37.7
R-729,12,Bubble,37.7
R-729,12,Dew,37.7
R-729,13,Bubble,37.7
R-729,13,Dew,37.7
R-729,14,Bubble,37.7
R-729,14,Dew,37.7
R-729,15,Bubble,37.7
R-729,15,Dew,37.7
R-729,16,Bubble,37.7
R-729,16,Dew,37.7
R-729,17,Bubble,37.7
R-729,17,Dew,37.7
R-729,18,Bubble,37.7
R-729,18,Dew,37.7
R-729,19,Bubble,37.7
R-729,19,Dew,37.7
R-729,20,Bubble,37.7
R-729,20,Dew,37.7
R-729,21,Bubble,37.7
R-729,21,Dew,37.7
R-729,22,Bubble,37.7
R-729,22,Dew,37.7
R-729,23,Bubble,37.7
R-729,23,Dew,37.7
R-729,24,Bubble,37.7
R-729,24,Dew,37.7
R-729,25,Bubble,37.7
R-729,25,Dew,37.7
R-729,26,Bubble,37.7
R-729,26,Dew,37.7
R-729,27,Bubble,37.7
R-729,27,Dew,37.7
R-729,28,Bubble,37.7
R-729,28,Dew,37.7
R-729,29,Bubble,37.7
R-729,29,Dew,37.7
R-729,30,Bubble,37.7
R-729,30,Dew,37.7
R-729,31,Bubble,37.7
R-729,31,Dew,37.7
R-729,32,Bubble,37.7
R-729,32,Dew,37.7
R-729,33,Bubble,37.7
R-729,33,Dew,37.7
R-729,34,Bubble,37.7
R-729,34,Dew,37.7
R-729,35,Bubble,37.7
R-729,35,Dew,37.7
R-729,36,Bubble,37.7
R-729,36,Dew,37.7
R-729,37,Bubble,37.7
R-729,37,Dew,37.7
R-729,38,Bubble,37.7
R-729,38,Dew,37.7
R-729,39,Bubble,37.7
R-729,39,Dew,37.7
R-729,40,Bubble,37.7
R-729,40,Dew,37.7
R-729,41,Bubble,37.7
R-729,41,Dew,37.7
R-729,42,Bubble,37.7
R-729,42,Dew,37.7
R-729,43,Bubble,37.7
R-729,43,Dew,37.7
R-729,44,Bubble,37.7
R-729,44,Dew,37.7
R-729,45,Bubble,37.7
R-729,45,Dew,37.7
R-729,46,Bubble,37.7
R-729,46,Dew,37.7
R-729,47,Bubble,37.7
R-729,47,Dew,37.7
R-729,48,Bubble,37.7
R-729,48,Dew,37.7
R-729,49,Bubble,37.7
R-729,49,Dew,37.7
R-729,50,Bubble,37.7
R-729,50,Dew,37.7
R-729,51,Bubble,37.7
R-729,51,Dew,37.7
R-729,52,Bubble,37.7
R-729,52,Dew,37.7
R-729,53,Bubble,37.7
R-729,53,Dew,37.7
R-729,54,Bubble,37.7
R-729,54,Dew,37.7
R-729,55,Bubble,37.7
R-729,55,Dew,37.7
R-729,56,Bubble,37.7
R-729,56,Dew,37.7
R-729,57,Bubble,37.7
R-729,57,Dew,37.7
R-729,58,Bubble,37.7
R-729,58,Dew,37.7
R-729,59,Bubble,37.7
R-729,59,Dew,37.7
R-729,60,Bubble,37.7
R-729,60,Dew,37.7
R-729,61,Bubble,37.7
R-729,61,Dew,37.7
R-729,62,Bubble,37.7
R-729,62,Dew,37.7
R-729,63,Bubble,37.7
R-729,63,Dew,37.7
R-729,64,Bubble,37.7
R-729,64,Dew,37.7
R-729,65,Bubble,37.7
R-729,65,Dew,37.7
R-729,66,Bubble,37.7
R-729,66,Dew,37.7
R-729,67,Bubble,37.7
R-729,67,Dew,37.7
R-729,68,Bubble,37.7
R-729,68,Dew,37.7
R-729,69,Bubble,37.7
R-729,69,Dew,37.7
R-729,70,Bubble,37.7
R-729,70,Dew,37.7
R-1150,-50,Bubble,14.93024752
R-1150,-50,Dew,14.93024752
R-1150,-49,Bubble,15.47961291
R-1150,-49,Dew,15.47961291
R-1150,-48,Bubble,16.04245587
R-1150,-48,Dew,16.04245587
R-1150,-47,Bubble,16.6188547
R-1150,-47,Dew,16.6188547
R-1150,-46,Bubble,17.20888014
R-1150,-46,Dew,17.20888014
R-1150,-45,Bubble,17.81259523
R-1150,-45,Dew,17.81259523
R-1150,-44,Bubble,18.43005532
R-1150,-44,Dew,18.43005532
R-1150,-43,Bubble,19.06130797
R-1150,-43,Dew,19.06130797
R-1150,-42,Bubble,19.70639294
R-1150,-42,Dew,19.70639294
R-1150,-41,Bubble,20.36534217
R-1150,-41,Dew,20.36534217
R-1150,-40,Bubble,21.0381798
R-1150,-40,Dew,21.0381798
R-1150,-39,Bubble,21.72492218
R-1150,-39,Dew,21.72492218
R-1150,-38,Bubble,22.42557795
R-1150,-38,Dew,22.42557795
R-1150,-37,Bubble,23.14014806
R-1150,-37,Dew,23.14014806
R-1150,-36,Bubble,23.86862592
R-1150,-36,Dew,23.86862592
R-1150,-35,Bubble,24.61099744
R-1150,-35,Dew,24.61099744
R-1150,-34,Bubble,25.36724122
R-1150,-34,Dew,25.36724122
R-1150,-33,Bubble,26.13732865
R-1150,-33,Dew,26.13732865
R-1150,-32,Bubble,26.92122414
R-1150,-32,Dew,26.92122414
R-1150,-31,Bubble,27.71888525
R-1150,-31,Dew,27.71888525
R-1150,-30,Bubble,28.53026297
R-1150,-30,Dew,28.53026297
R-1150,-29,Bubble,29.35530189
R-1150,-29,Dew,29.35530189
R-1150,-28,Bubble,30.19394054
R-1150,-28,Dew,30.19394054
R-1150,-27,Bubble,31.04611159
R-1150,-27,Dew,31.04611159
R-1150,-26,Bubble,31.91174221
R-1150,-26,Dew,31.91174221
R-1150,-25,Bubble,32.79075436
R-1150,-25,Dew,32.79075436
R-1150,-24,Bubble,33.68306515
R-1150,-24,Dew,33.68306515
R-1150,-23,Bubble,34.58858723
R-1150,-23,Dew,34.58858723
R-1150,-22,Bubble,35.50722912
R-1150,-22,Dew,35.50722912
R-1150,-21,Bubble,36.43889566
R-1150,-21,Dew,36.43889566
R-1150,-20,Bubble,37.38348843
R-1150,-20,Dew,37.38348843
R-1150,-19,Bubble,38.34090619
R-1150,-19,Dew,38.34090619
R-1150,-18,Bubble,39.31104535
R-1150,-18,Dew,39.31104535
R-1150,-17,Bubble,40.29380046
R-1150,-17,Dew,40.29380046
R-1150,-16,Bubble,41.28906471
R-1150,-16,Dew,41.28906471
R-1150,-15,Bubble,42.29673043
R-1150,-15,Dew,42.29673043
R-1150,-14,Bubble,43.31668966
R-1150,-14,Dew,43.31668966
R-1150,-13,Bubble,44.34883469
R-1150,-13,Dew,44.34883469
R-1150,-12,Bubble,45.39305862
R-1150,-12,Dew,45.39305862
R-1150,-11,Bubble,46.44925596
R-1150,-11,Dew,46.44925596
R-1150,-10,Bubble,47.51732321
R-1150,-10,Dew,47.51732321
R-1150,-9,Bubble,48.59715948
R-1150,-9,Dew,48.59715948
R-1150,-8,Bubble,49.68866712
R-1150,-8,Dew,49.68866712
R-1150,-7,Bubble,50.4
R-1150,-7,Dew,50.4
R-1150,-6,Bubble,50.4
R-1150,-6,Dew,50.4
R-1150,-5,Bubble,50.4
R-1150,-5,Dew,50.4
R-1150,-4,Bubble,50.4
R-1150,-4,Dew,50.4
R-1150,-3,Bubble,50.4
R-1150,-3,Dew,50.4
R-1150,-2,Bubble,50.4
R-1150,-2,Dew,50.4
R-1150,-1,Bubble,50.4
R-1150,-1,Dew,50.4
R-1150,0,Bubble,50.4
R-1150,0,Dew,50.4
R-1150,1,Bubble,50.4
R-1150,1,Dew,50.4
R-1150,2,Bubble,50.4
R-1150,2,Dew,50.4
R-1150,3,Bubble,50.4
R-1150,3,Dew,50.4
R-1150,4,Bubble,50.4
R-1150,4,Dew,50.4
R-1150,5,Bubble,50.4
R-1150,5,Dew,50.4
R-1150,6,Bubble,50.4
R-1150,6,Dew,50.4
R-1150,7,Bubble,50.4
R-1150,7,Dew,50.4
R-1150,8,Bubble,50.4
R-1150,8,Dew,50.4
R-1150,9,Bubble,50.4
R-1150,9,Dew,50.4
R-1150,10,Bubble,50.4
R-1150,10,Dew,50.4
R-1150,11,Bubble,50.4
R-1150,11,Dew,50.4
R-1150,12,Bubble,50.4
R-1150,12,Dew,50.4
R-1150,13,Bubble,50.4
R-1150,13,Dew,50.4
R-1150,14,Bubble,50.4
R-1150,14,Dew,50.4
R-1150,15,Bubble,50.4
R-1150,15,Dew,50.4
R-1150,16,Bubble,50.4
R-1150,16,Dew,50.4
R-1150,17,Bubble,50.4
R-1150,17,Dew,50.4
R-1150,18,Bubble,50.4
R-1150,18,Dew,50.4
R-1150,19,Bubble,50.4
R-1150,19,Dew,50.4
R-1150,20,Bubble,50.4
R-1150,20,Dew,50.4
R-1150,21,Bubble,50.4
R-1150,21,Dew,50.4
R-1150,22,Bubble,50.4
R-1150,22,Dew,50.4
R-1150,23,Bubble,50.4
R-1150,23,Dew,50.4
R-1150,24,Bubble,50.4
R-1150,24,Dew,50.4
R-1150,25,Bubble,50.4
R-1150,25,Dew,50.4
R-1150,26,Bubble,50.4
R-1150,26,Dew,50.4
R-1150,27,Bubble,50.4
R-1150,27,Dew,50.4
R-1150,28,Bubble,50.4
R-1150,28,Dew,50.4
R-1150,29,Bubble,50.4
R-1150,29,Dew,50.4
R-1150,30,Bubble,50.4
R-1150,30,Dew,50.4
R-1150,31,Bubble,50.4
R-1150,31,Dew,50.4
R-1150,32,Bubble,50.4
R-1150,32,Dew,50.4
R-1150,33,Bubble,50.4
R-1150,33,Dew,50.4
R-1150,34,Bubble,50.4
R-1150,34,Dew,50.4
R-1150,35,Bubble,50.4
R-1150,35,Dew,50.4
R-1150,36,Bubble,50.4
R-1150,36,Dew,50.4
R-1150,37,Bubble,50.4
R-1150,37,Dew,50.4
R-1150,38,Bubble,50.4
R-1150,38,Dew,50.4
R-1150,39,Bubble,50.4
R-1150,39,Dew,50.4
R-1150,40,Bubble,50.4
R-1150,40,Dew,50.4
R-1150,41,Bubble,50.4
R-1150,41,Dew,50.4
R-1150,42,Bubble,50.4
R-1150,42,Dew,50.4
R-1150,43,Bubble,50.4
R-1150,43,Dew,50.4
R-1150,44,Bubble,50.4
R-1150,44,Dew,50.4
R-1150,45,Bubble,50.4
R-1150,45,Dew,50.4
R-1150,46,Bubble,50.4
R-1150,46,Dew,50.4
R-1150,47,Bubble,50.4
R-1150,47,Dew,50.4
R-1150,48,Bubble,50.4
R-1150,48,Dew,50.4
R-1150,49,Bubble,50.4
R-1150,49,Dew,50.4
R-1150,50,Bubble,50.4
R-1150,50,Dew,50.4
R-1150,51,Bubble,50.4
R-1150,51,Dew,50.4
R-1150,52,Bubble,50.4
R-1150,52,Dew,50.4
R-1150,53,Bubble,50.4
R-1150,53,Dew,50.4
R-1150,54,Bubble,50.4
R-1150,54,Dew,50.4
R-1150,55,Bubble,50.4
R-1150,55,Dew,50.4
R-1150,56,Bubble,50.4
R-1150,56,Dew,50.4
R-1150,57,Bubble,50.4
R-1150,57,Dew,50.4
R-1150,58,Bubble,50.4
R-1150,58,Dew,50.4
R-1150,59,Bubble,50.4
R-1150,59,Dew,50.4
R-1150,60,Bubble,50.4
R-1150,60,Dew,50.4
R-1150,61,Bubble,50.4
R-1150,61,Dew,50.4
R-1150,62,Bubble,50.4
R-1150,62,Dew,50.4
R-1150,63,Bubble,50.4
R-1150,63,Dew,50.4
R-1150,64,Bubble,50.4
R-1150,64,Dew,50.4
R-1150,65,Bubble,50.4
R-1150,65,Dew,50.4
R-1150,66,Bubble,50.4
R-1150,66,Dew,50.4
R-1150,67,Bubble,50.4
R-1150,67,Dew,50.4
R-1150,68,Bubble,50.4
R-1150,68,Dew,50.4
R-1150,69,Bubble,50.4
R-1150,69,Dew,50.4
R-1150,70,Bubble,50.4
R-1150,70,Dew,50.4
R-1270,-50,Bubble,0.9151944368
R-1270,-50,Dew,0.9151944368
R-1270,-49,Bubble,0.9630446614
R-1270,-49,Dew,0.9630446614
R-1270,-48,Bubble,1.012949278
R-1270,-48,Dew,1.012949278
R-1270,-47,Bubble,1.064974131
R-1270,-47,Dew,1.064974131
R-1270,-46,Bubble,1.1191862
R-1270,-46,Dew,1.1191862
R-1270,-45,Bubble,1.175653576
R-1270,-45,Dew,1.175653576
R-1270,-44,Bubble,1.234445443
R-1270,-44,Dew,1.234445443
R-1270,-43,Bubble,1.295632055
R-1270,-43,Dew,1.295632055
R-1270,-42,Bubble,1.359284713
R-1270,-42,Dew,1.359284713
R-1270,-41,Bubble,1.425475737
R-1270,-41,Dew,1.425475737
R-1270,-40,Bubble,1.494278436
R-1270,-40,Dew,1.494278436
R-1270,-39,Bubble,1.565767084
R-1270,-39,Dew,1.565767084
R-1270,-38,Bubble,1.640016883
R-1270,-38,Dew,1.640016883
R-1270,-37,Bubble,1.717103936
R-1270,-37,Dew,1.717103936
R-1270,-36,Bubble,1.797105203
R-1270,-36,Dew,1.797105203
R-1270,-35,Bubble,1.880098476
R-1270,-35,Dew,1.880098476
R-1270,-34,Bubble,1.966162331
R-1270,-34,Dew,1.966162331
R-1270,-33,Bubble,2.055376092
R-1270,-33,Dew,2.055376092
R-1270,-32,Bubble,2.147819791
R-1270,-32,Dew,2.147819791
R-1270,-31,Bubble,2.243574124
R-1270,-31,Dew,2.243574124
R-1270,-30,Bubble,2.342720401
R-1270,-30,Dew,2.342720401
R-1270,-29,Bubble,2.44534051
R-1270,-29,Dew,2.44534051
R-1270,-28,Bubble,2.551516858
R-1270,-28,Dew,2.551516858
R-1270,-27,Bubble,2.661332331
R-1270,-27,Dew,2.661332331
R-1270,-26,Bubble,2.774870236
R-1270,-26,Dew,2.774870236
R-1270,-25,Bubble,2.892214254
R-1270,-25,Dew,2.892214254
R-1270,-24,Bubble,3.013448384
R-1270,-24,Dew,3.013448384
R-1270,-23,Bubble,3.138656888
R-1270,-23,Dew,3.138656888
R-1270,-22,Bubble,3.267924236
R-1270,-22,Dew,3.267924236
R-1270,-21,Bubble,3.401335046
R-1270,-21,Dew,3.401335046
R-1270,-20,Bubble,3.538974032
R-1270,-20,Dew,3.538974032
R-1270,-19,Bubble,3.680925935
R-1270,-19,Dew,3.680925935
R-1270,-18,Bubble,3.827275472
R-1270,-18,Dew,3.827275472
R-1270,-17,Bubble,3.978107268
R-1270,-17,Dew,3.978107268
R-1270,-16,Bubble,4.133505796
R-1270,-16,Dew,4.133505796
R-1270,-15,Bubble,4.293555315
R-1270,-15,Dew,4.293555315
R-1270,-14,Bubble,4.458339804
R-1270,-14,Dew,4.458339804
R-1270,-13,Bubble,4.627942899
R-1270,-13,Dew,4.627942899
R-1270,-12,Bubble,4.802447826
R-1270,-12,Dew,4.802447826
R-1270,-11,Bubble,4.981937342
R-1270,-11,Dew,4.981937342
R-1270,-10,Bubble,5.166493658
R-1270,-10,Dew,5.166493658
R-1270,-9,Bubble,5.356198385
R-1270,-9,Dew,5.356198385
R-1270,-8,Bubble,5.551132459
R-1270,-8,Dew,5.551132459
R-1270,-7,Bubble,5.751376079
R-1270,-7,Dew,5.751376079
R-1270,-6,Bubble,5.957008638
R-1270,-6,Dew,5.957008638
R-1270,-5,Bubble,6.168108659
R-1270,-5,Dew,6.168108659
R-1270,-4,Bubble,6.384753729
R-1270,-4,Dew,6.384753729
R-1270,-3,Bubble,6.60702043
R-1270,-3,Dew,6.60702043
R-1270,-2,Bubble,6.834984277
R-1270,-2,Dew,6.834984277
R-1270,-1,Bubble,7.068719653
R-1270,-1,Dew,7.068719653
R-1270,0,Bubble,7.308299743
R-1270,0,Dew,7.308299743
R-1270,1,Bubble,7.553796469
R-1270,1,Dew,7.553796469
R-1270,2,Bubble,7.805280433
R-1270,2,Dew,7.805280433
R-1270,3,Bubble,8.06282085
R-1270,3,Dew,8.06282085
R-1270,4,Bubble,8.326485487
R-1270,4,Dew,8.326485487
R-1270,5,Bubble,8.596340608
R-1270,5,Dew,8.596340608
R-1270,6,Bubble,8.872450911
R-1270,6,Dew,8.872450911
R-1270,7,Bubble,9.154879473
R-1270,7,Dew,9.154879473
R-1270,8,Bubble,9.443687695
R-1270,8,Dew,9.443687695
R-1270,9,Bubble,9.738935247
R-1270,9,Dew,9.738935247
R-1270,10,Bubble,10.04068001
R-1270,10,Dew,10.04068001
R-1270,11,Bubble,10.34897805
R-1270,11,Dew,10.34897805
R-1270,12,Bubble,10.66388352
R-1270,12,Dew,10.66388352
R-1270,13,Bubble,10.98544868
R-1270,13,Dew,10.98544868
R-1270,14,Bubble,11.31372378
R-1270,14,Dew,11.31372378
R-1270,15,Bubble,11.64875708
R-1270,15,Dew,11.64875708
R-1270,16,Bubble,11.99059478
R-1270,16,Dew,11.99059478
R-1270,17,Bubble,12.33928098
R-1270,17,Dew,12.33928098
R-1270,18,Bubble,12.69485766
R-1270,18,Dew,12.69485766
R-1270,19,Bubble,13.05736462
R-1270,19,Dew,13.05736462
R-1270,20,Bubble,13.42683949
R-1270,20,Dew,13.42683949
R-1270,21,Bubble,13.80331768
R-1270,21,Dew,13.80331768
R-1270,22,Bubble,14.18683235
R-1270,22,Dew,14.18683235
R-1270,23,Bubble,14.57741439
R-1270,23,Dew,14.57741439
R-1270,24,Bubble,14.97509244
R-1270,24,Dew,14.97509244
R-1270,25,Bubble,15.37989281
R-1270,25,Dew,15.37989281
R-1270,26,Bubble,15.79183952
R-1270,26,Dew,15.79183952
R-1270,27,Bubble,16.21095428
R-1270,27,Dew,16.21095428
R-1270,28,Bubble,16.63725645
R-1270,28,Dew,16.63725645
R-1270,29,Bubble,17.0707631
R-1270,29,Dew,17.0707631
R-1270,30,Bubble,17.51148897
R-1270,30,Dew,17.51148897
R-1270,31,Bubble,17.95944647
R-1270,31,Dew,17.95944647
R-1270,32,Bubble,18.41464573
R-1270,32,Dew,18.41464573
R-1270,33,Bubble,18.87709456
R-1270,33,Dew,18.87709456
R-1270,34,Bubble,19.34679852
R-1270,34,Dew,19.34679852
R-1270,35,Bubble,19.8237609
R-1270,35,Dew,19.8237609
R-1270,36,Bubble,20.30798275
R-1270,36,Dew,20.30798275
R-1270,37,Bubble,20.79946294
R-1270,37,Dew,20.79946294
R-1270,38,Bubble,21.29819814
R-1270,38,Dew,21.29819814
R-1270,39,Bubble,21.80418292
R-1270,39,Dew,21.80418292
R-1270,40,Bubble,22.31740971
R-1270,40,Dew,22.31740971
R-1270,41,Bubble,22.83786894
R-1270,41,Dew,22.83786894
R-1270,42,Bubble,23.36554899
R-1270,42,Dew,23.36554899
R-1270,43,Bubble,23.90043632
R-1270,43,Dew,23.90043632
R-1270,44,Bubble,24.44251549
R-1270,44,Dew,24.44251549
R-1270,45,Bubble,24.9917692
R-1270,45,Dew,24.9917692
R-1270,46,Bubble,25.54817841
R-1270,46,Dew,25.54817841
R-1270,47,Bubble,26.11172237
R-1270,47,Dew,26.11172237
R-1270,48,Bubble,26.68237868
R-1270,48,Dew,26.68237868
R-1270,49,Bubble,27.2601234
R-1270,49,Dew,27.2601234
R-1270,50,Bubble,27.84493114
R-1270,50,Dew,27.84493114
R-1270,51,Bubble,28.43677507
R-1270,51,Dew,28.43677507
R-1270,52,Bubble,29.03562709
R-1270,52,Dew,29.03562709
R-1270,53,Bubble,29.64145788
R-1270,53,Dew,29.64145788
R-1270,54,Bubble,30.25423702
R-1270,54,Dew,30.25423702
R-1270,55,Bubble,30.87393305
R-1270,55,Dew,30.87393305
R-1270,56,Bubble,31.50051361
R-1270,56,Dew,31.50051361
R-1270,57,Bubble,32.13394556
R-1270,57,Dew,32.13394556
R-1270,58,Bubble,32.77419501
R-1270,58,Dew,32.77419501
R-1270,59,Bubble,33.42122754
R-1270,59,Dew,33.42122754
R-1270,60,Bubble,34.07500825
R-1270,60,Dew,34.07500825
R-1270,61,Bubble,34.73550189
R-1270,61,Dew,34.73550189
R-1270,62,Bubble,35.40267299
R-1270,62,Dew,35.40267299
R-1270,63,Bubble,36.07648602
R-1270,63,Dew,36.07648602
R-1270,64,Bubble,36.75690546
R-1270,64,Dew,36.75690546
R-1270,65,Bubble,37.44389597
R-1270,65,Dew,37.44389597
R-1270,66,Bubble,38.13742253
R-1270,66,Dew,38.13742253
R-1270,67,Bubble,38.83745055
R-1270,67,Dew,38.83745055
R-1270,68,Bubble,39.54394605
R-1270,68,Dew,39.54394605
R-1270,69,Bubble,40.25687579
R-1270,69,Dew,40.25687579
R-1270,70,Bubble,40.97620739
R-1270,70,Dew,40.97620739
R-170,-50,Bubble,7.152890082
R-170,-50,Dew,7.152890082
R-170,-49,Bubble,7.451050283
R-170,-49,Dew,7.451050283
R-170,-48,Bubble,7.758328954
R-170,-48,Dew,7.758328954
R-170,-47,Bubble,8.074866194
R-170,-47,Dew,8.074866194
R-170,-46,Bubble,8.400799232
R-170,-46,Dew,8.400799232
R-170,-45,Bubble,8.736262258
R-170,-45,Dew,8.736262258
R-170,-44,Bubble,9.081386247
R-170,-44,Dew,9.081386247
R-170,-43,Bubble,9.43629879
R-170,-43,Dew,9.43629879
R-170,-42,Bubble,9.801123931
R-170,-42,Dew,9.801123931
R-170,-41,Bubble,10.175982
R-170,-41,Dew,10.175982
R-170,-40,Bubble,10.56098947
R-170,-40,Dew,10.56098947
R-170,-39,Bubble,10.95625879
R-170,-39,Dew,10.95625879
R-170,-38,Bubble,11.36189824
R-170,-38,Dew,11.36189824
R-170,-37,Bubble,11.7780118
R-170,-37,Dew,11.7780118
R-170,-36,Bubble,12.204699
R-170,-36,Dew,12.204699
R-170,-35,Bubble,12.64205482
R-170,-35,Dew,12.64205482
R-170,-34,Bubble,13.09016952
R-170,-34,Dew,13.09016952
R-170,-33,Bubble,13.5491286
R-170,-33,Dew,13.5491286
R-170,-32,Bubble,14.01901261
R-170,-32,Dew,14.01901261
R-170,-31,Bubble,14.49989712
R-170,-31,Dew,14.49989712
R-170,-30,Bubble,14.99185259
R-170,-30,Dew,14.99185259
R-170,-29,Bubble,15.4949443
R-170,-29,Dew,15.4949443
R-170,-28,Bubble,16.00923229
R-170,-28,Dew,16.00923229
R-170,-27,Bubble,16.5347713
R-170,-27,Dew,16.5347713
R-170,-26,Bubble,17.0716107
R-170,-26,Dew,17.0716107
R-170,-25,Bubble,17.61979446
R-170,-25,Dew,17.61979446
R-170,-24,Bubble,18.17936111
R-170,-24,Dew,18.17936111
R-170,-23,Bubble,18.75034374
R-170,-23,Dew,18.75034374
R-170,-22,Bubble,19.33276998
R-170,-22,Dew,19.33276998
R-170,-21,Bubble,19.92666199
R-170,-21,Dew,19.92666199
R-170,-20,Bubble,20.53203649
R-170,-20,Dew,20.53203649
R-170,-19,Bubble,21.14890481
R-170,-19,Dew,21.14890481
R-170,-18,Bubble,21.77727287
R-170,-18,Dew,21.77727287
R-170,-17,Bubble,22.41714126
R-170,-17,Dew,22.41714126
R-170,-16,Bubble,23.06850534
R-170,-16,Dew,23.06850534
R-170,-15,Bubble,23.73135526
R-170,-15,Dew,23.73135526
R-170,-14,Bubble,24.40567605
R-170,-14,Dew,24.40567605
R-170,-13,Bubble,25.09144779
R-170,-13,Dew,25.09144779
R-170,-12,Bubble,25.78864563
R-170,-12,Dew,25.78864563
R-170,-11,Bubble,26.49724
R-170,-11,Dew,26.49724
R-170,-10,Bubble,27.21719668
R-170,-10,Dew,27.21719668
R-170,-9,Bubble,27.94847703
R-170,-9,Dew,27.94847703
R-170,-8,Bubble,28.69103808
R-170,-8,Dew,28.69103808
R-170,-7,Bubble,29.44483276
R-170,-7,Dew,29.44483276
R-170,-6,Bubble,30.20981008
R-170,-6,Dew,30.20981008
R-170,-5,Bubble,30.98591533
R-170,-5,Dew,30.98591533
R-170,-4,Bubble,31.77309029
R-170,-4,Dew,31.77309029
R-170,-3,Bubble,32.5712735
R-170,-3,Dew,32.5712735
R-170,-2,Bubble,33.38040046
R-170,-2,Dew,33.38040046
R-170,-1,Bubble,34.20040392
R-170,-1,Dew,34.20040392
R-170,0,Bubble,35.03121413
R-170,0,Dew,35.03121413
R-170,1,Bubble,35.87275911
R-170,1,Dew,35.87275911
R-170,2,Bubble,36.72496499
R-170,2,Dew,36.72496499
R-170,3,Bubble,37.58775625
R-170,3,Dew,37.58775625
R-170,4,Bubble,38.46105609
R-170,4,Dew,38.46105609
R-170,5,Bubble,39.34478674
R-170,5,Dew,39.34478674
R-170,6,Bubble,40.23886978
R-170,6,Dew,40.23886978
R-170,7,Bubble,41.14322652
R-170,7,Dew,41.14322652
R-170,8,Bubble,42.05777832
R-170,8,Dew,42.05777832
R-170,9,Bubble,42.98244698
R-170,9,Dew,42.98244698
R-170,10,Bubble,43.91715514
R-170,10,Dew,43.91715514
R-170,11,Bubble,44.8618266
R-170,11,Dew,44.8618266
R-170,12,Bubble,45.81638679
R-170,12,Dew,45.81638679
R-170,13,Bubble,46.7807631
R-170,13,Dew,46.7807631
R-170,14,Bubble,47.75488536
R-170,14,Dew,47.75488536
R-170,15,Bubble,48.7
R-170,15,Dew,48.7
R-170,16,Bubble,48.7
R-170,16,Dew,48.7
R-170,17,Bubble,48.7
R-170,17,Dew,48.7
R-170,18,Bubble,48.7
R-170,18,Dew,48.7
R-170,19,Bubble,48.7
R-170,19,Dew,48.7
R-170,20,Bubble,48.7
R-170,20,Dew,48.7
R-170,21,Bubble,48.7
R-170,21,Dew,48.7
R-170,22,Bubble,48.7
R-170,22,Dew,48.7
R-170,23,Bubble,48.7
R-170,23,Dew,48.7
R-170,24,Bubble,48.7
R-170,24,Dew,48.7
R-170,25,Bubble,48.7
R-170,25,Dew,48.7
R-170,26,Bubble,48.7
R-170,26,Dew,48.7
R-170,27,Bubble,48.7
R-170,27,Dew,48.7
R-170,28,Bubble,48.7
R-170,28,Dew,48.7
R-170,29,Bubble,48.7
R-170,29,Dew,48.7
R-170,30,Bubble,48.7
R-170,30,Dew,48.7
R-170,31,Bubble,48.7
R-170,31,Dew,48.7
R-170,32,Bubble,48.7
R-170,32,Dew,48.7
R-170,33,Bubble,48.7
R-170,33,Dew,48.7
R-170,34,Bubble,48.7
R-170,34,Dew,48.7
R-170,35,Bubble,48.7
R-170,35,Dew,48.7
R-170,36,Bubble,48.7
R-170,36,Dew,48.7
R-170,37,Bubble,48.7
R-170,37,Dew,48.7
R-170,38,Bubble,48.7
R-170,38,Dew,48.7
R-170,39,Bubble,48.7
R-170,39,Dew,48.7
R-170,40,Bubble,48.7
R-170,40,Dew,48.7
R-170,41,Bubble,48.7
R-170,41,Dew,48.7
R-170,42,Bubble,48.7
R-170,42,Dew,48.7
R-170,43,Bubble,48.7
R-170,43,Dew,48.7
R-170,44,Bubble,48.7
R-170,44,Dew,48.7
R-170,45,Bubble,48.7
R-170,45,Dew,48.7
R-170,46,Bubble,48.7
R-170,46,Dew,48.7
R-170,47,Bubble,48.7
R-170,47,Dew,48.7
R-170,48,Bubble,48.7
R-170,48,Dew,48.7
R-170,49,Bubble,48.7
R-170,49,Dew,48.7
R-170,50,Bubble,48.7
R-170,50,Dew,48.7
R-170,51,Bubble,48.7
R-170,51,Dew,48.7
R-170,52,Bubble,48.7
R-170,52,Dew,48.7
R-170,53,Bubble,48.7
R-170,53,Dew,48.7
R-170,54,Bubble,48.7
R-170,54,Dew,48.7
R-170,55,Bubble,48.7
R-170,55,Dew,48.7
R-170,56,Bubble,48.7
R-170,56,Dew,48.7
R-170,57,Bubble,48.7
R-170,57,Dew,48.7
R-170,58,Bubble,48.7
R-170,58,Dew,48.7
R-170,59,Bubble,48.7
R-170,59,Dew,48.7
R-170,60,Bubble,48.7
R-170,60,Dew,48.7
R-170,61,Bubble,48.7
R-170,61,Dew,48.7
R-170,62,Bubble,48.7
R-170,62,Dew,48.7
R-170,63,Bubble,48.7
R-170,63,Dew,48.7
R-170,64,Bubble,48.7
R-170,64,Dew,48.7
R-170,65,Bubble,48.7
R-170,65,Dew,48.7
R-170,66,Bubble,48.7
R-170,66,Dew,48.7
R-170,67,Bubble,48.7
R-170,67,Dew,48.7
R-170,68,Bubble,48.7
R-170,68,Dew,48.7
R-170,69,Bubble,48.7
R-170,69,Dew,48.7
R-170,70,Bubble,48.7
R-170,70,Dew,48.7
R-11,-50,Bubble,0.03159729532
R-11,-50,Dew,0.03159729532
R-11,-49,Bubble,0.03362891478
R-11,-49,Dew,0.03362891478
R-11,-48,Bubble,0.03577135545
R-11,-48,Dew,0.03577135545
R-11,-47,Bubble,0.03802951009
R-11,-47,Dew,0.03802951009
R-11,-46,Bubble,0.04040843096
R-11,-46,Dew,0.04040843096
R-11,-45,Bubble,0.04291333279
R-11,-45,Dew,0.04291333279
R-11,-44,Bubble,0.04554959571
R-11,-44,Dew,0.04554959571
R-11,-43,Bubble,0.04832276819
R-11,-43,Dew,0.04832276819
R-11,-42,Bubble,0.05123856996
R-11,-42,Dew,0.05123856996
R-11,-41,Bubble,0.05430289484
R-11,-41,Dew,0.05430289484
R-11,-40,Bubble,0.0575218137
R-11,-40,Dew,0.0575218137
R-11,-39,Bubble,0.06090157721
R-11,-39,Dew,0.06090157721
R-11,-38,Bubble,0.06444861872
R-11,-38,Dew,0.06444861872
R-11,-37,Bubble,0.06816955705
R-11,-37,Dew,0.06816955705
R-11,-36,Bubble,0.07207119922
R-11,-36,Dew,0.07207119922
R-11,-35,Bubble,0.07616054319
R-11,-35,Dew,0.07616054319
R-11,-34,Bubble,0.08044478061
R-11,-34,Dew,0.08044478061
R-11,-33,Bubble,0.08493129943
R-11,-33,Dew,0.08493129943
R-11,-32,Bubble,0.08962768658
R-11,-32,Dew,0.08962768658
R-11,-31,Bubble,0.09454173051
R-11,-31,Dew,0.09454173051
R-11,-30,Bubble,0.09968142383
R-11,-30,Dew,0.09968142383
R-11,-29,Bubble,0.1050549658
R-11,-29,Dew,0.1050549658
R-11,-28,Bubble,0.1106707646
R-11,-28,Dew,0.1106707646
R-11,-27,Bubble,0.1165374404
R-11,-27,Dew,0.1165374404
R-11,-26,Bubble,0.1226638269
R-11,-26,Dew,0.1226638269
R-11,-25,Bubble,0.1290589742
R-11,-25,Dew,0.1290589742
R-11,-24,Bubble,0.1357321512
R-11,-24,Dew,0.1357321512
R-11,-23,Bubble,0.1426928474
R-11,-23,Dew,0.1426928474
R-11,-22,Bubble,0.1499507755
R-11,-22,Dew,0.1499507755
R-11,-21,Bubble,0.1575158734
R-11,-21,Dew,0.1575158734
R-11,-20,Bubble,0.1653983064
R-11,-20,Dew,0.1653983064
R-11,-19,Bubble,0.173608469
R-11,-19,Dew,0.173608469
R-11,-18,Bubble,0.1821569873
R-11,-18,Dew,0.1821569873
R-11,-17,Bubble,0.1910547205
R-11,-17,Dew,0.1910547205
R-11,-16,Bubble,0.2003127632
R-11,-16,Dew,0.2003127632
R-11,-15,Bubble,0.209942447
R-11,-15,Dew,0.209942447
R-11,-14,Bubble,0.2199553423
R-11,-14,Dew,0.2199553423
R-11,-13,Bubble,0.23036326
R-11,-13,Dew,0.23036326
R-11,-12,Bubble,0.2411782535
R-11,-12,Dew,0.2411782535
R-11,-11,Bubble,0.2524126196
R-11,-11,Dew,0.2524126196
R-11,-10,Bubble,0.2640789009
R-11,-10,Dew,0.2640789009
R-11,-9,Bubble,0.2761898864
R-11,-9,Dew,0.2761898864
R-11,-8,Bubble,0.2887586136
R-11,-8,Dew,0.2887586136
R-11,-7,Bubble,0.3017983698
R-11,-7,Dew,0.3017983698
R-11,-6,Bubble,0.3153226928
R-11,-6,Dew,0.3153226928
R-11,-5,Bubble,0.3293453729
R-11,-5,Dew,0.3293453729
R-11,-4,Bubble,0.3438804536
R-11,-4,Dew,0.3438804536
R-11,-3,Bubble,0.3589422327
R-11,-3,Dew,0.3589422327
R-11,-2,Bubble,0.3745452636
R-11,-2,Dew,0.3745452636
R-11,-1,Bubble,0.3907043562
R-11,-1,Dew,0.3907043562
R-11,0,Bubble,0.4074345777
R-11,0,Dew,0.4074345777
R-11,1,Bubble,0.4247512534
R-11,1,Dew,0.4247512534
R-11,2,Bubble,0.4426699677
R-11,2,Dew,0.4426699677
R-11,3,Bubble,0.4612065647
R-11,3,Dew,0.4612065647
R-11,4,Bubble,0.4803771487
R-11,4,Dew,0.4803771487
R-11,5,Bubble,0.5001980852
R-11,5,Dew,0.5001980852
R-11,6,Bubble,0.5206860009
R-11,6,Dew,0.5206860009
R-11,7,Bubble,0.5418577846
R-11,7,Dew,0.5418577846
R-11,8,Bubble,0.5637305872
R-11,8,Dew,0.5637305872
R-11,9,Bubble,0.5863218223
R-11,9,Dew,0.5863218223
R-11,10,Bubble,0.6103503885
R-11,10,Dew,0.6103503885
R-11,11,Bubble,0.6360438839
R-11,11,Dew,0.6360438839
R-11,12,Bubble,0.6626341251
R-11,12,Dew,0.6626341251
R-11,13,Bubble,0.6901449768
R-11,13,Dew,0.6901449768
R-11,14,Bubble,0.7186006764
R-11,14,Dew,0.7186006764
R-11,15,Bubble,0.7480258316
R-11,15,Dew,0.7480258316
R-11,16,Bubble,0.7784454175
R-11,16,Dew,0.7784454175
R-11,17,Bubble,0.8098847735
R-11,17,Dew,0.8098847735
R-11,18,Bubble,0.8423696
R-11,18,Dew,0.8423696
R-11,19,Bubble,0.8759259542
R-11,19,Dew,0.8759259542
R-11,20,Bubble,0.9105802468
R-11,20,Dew,0.9105802468
R-11,21,Bubble,0.9463592369
R-11,21,Dew,0.9463592369
R-11,22,Bubble,0.9832900277
R-11,22,Dew,0.9832900277
R-11,23,Bubble,1.021400062
R-11,23,Dew,1.021400062
R-11,24,Bubble,1.060717115
R-11,24,Dew,1.060717115
R-11,25,Bubble,1.101269291
R-11,25,Dew,1.101269291
R-11,26,Bubble,1.143085016
R-11,26,Dew,1.143085016
R-11,27,Bubble,1.186193033
R-11,27,Dew,1.186193033
R-11,28,Bubble,1.230622392
R-11,28,Dew,1.230622392
R-11,29,Bubble,1.276402448
R-11,29,Dew,1.276402448
R-11,30,Bubble,1.323562848
R-11,30,Dew,1.323562848
R-11,31,Bubble,1.372133529
R-11,31,Dew,1.372133529
R-11,32,Bubble,1.422144706
R-11,32,Dew,1.422144706
R-11,33,Bubble,1.473626866
R-11,33,Dew,1.473626866
R-11,34,Bubble,1.52661076
R-11,34,Dew,1.52661076
R-11,35,Bubble,1.58112739
R-11,35,Dew,1.58112739
R-11,36,Bubble,1.637208005
R-11,36,Dew,1.637208005
R-11,37,Bubble,1.69488409
R-11,37,Dew,1.69488409
R-11,38,Bubble,1.754187353
R-11,38,Dew,1.754187353
R-11,39,Bubble,1.81514972
R-11,39,Dew,1.81514972
R-11,40,Bubble,1.87780332
R-11,40,Dew,1.87780332
R-11,41,Bubble,1.942180479
R-11,41,Dew,1.942180479
R-11,42,Bubble,2.008313704
R-11,42,Dew,2.008313704
R-11,43,Bubble,2.076235675
R-11,43,Dew,2.076235675
R-11,44,Bubble,2.145979233
R-11,44,Dew,2.145979233
R-11,45,Bubble,2.217577368
R-11,45,Dew,2.217577368
R-11,46,Bubble,2.291063207
R-11,46,Dew,2.291063207
R-11,47,Bubble,2.36647
R-11,47,Dew,2.36647
R-11,48,Bubble,2.44383111
R-11,48,Dew,2.44383111
R-11,49,Bubble,2.523180001
R-11,49,Dew,2.523180001
R-11,50,Bubble,2.604550218
R-11,50,Dew,2.604550218
R-11,51,Bubble,2.687975383
R-11,51,Dew,2.687975383
R-11,52,Bubble,2.773489176
R-11,52,Dew,2.773489176
R-11,53,Bubble,2.861125322
R-11,53,Dew,2.861125322
R-11,54,Bubble,2.950917577
R-11,54,Dew,2.950917577
R-11,55,Bubble,3.042899715
R-11,55,Dew,3.042899715
R-11,56,Bubble,3.137105513
R-11,56,Dew,3.137105513
R-11,57,Bubble,3.233568735
R-11,57,Dew,3.233568735
R-11,58,Bubble,3.332323121
R-11,58,Dew,3.332323121
R-11,59,Bubble,3.433402368
R-11,59,Dew,3.433402368
R-11,60,Bubble,3.536840117
R-11,60,Dew,3.536840117
R-11,61,Bubble,3.642669939
R-11,61,Dew,3.642669939
R-11,62,Bubble,3.750925318
R-11,62,Dew,3.750925318
R-11,63,Bubble,3.861639634
R-11,63,Dew,3.861639634
R-11,64,Bubble,3.974846153
R-11,64,Dew,3.974846153
R-11,65,Bubble,4.090578005
R-11,65,Dew,4.090578005
R-11,66,Bubble,4.208868175
R-11,66,Dew,4.208868175
R-11,67,Bubble,4.32974948
R-11,67,Dew,4.32974948
R-11,68,Bubble,4.453254559
R-11,68,Dew,4.453254559
R-11,69,Bubble,4.579415856
R-11,69,Dew,4.579415856
R-11,70,Bubble,4.708265601
R-11,70,Dew,4.708265601
R-113,-50,Bubble,0.01026245045
R-113,-50,Dew,0.01026245045
R-113,-49,Bubble,0.01097723368
R-113,-49,Dew,0.01097723368
R-113,-48,Bubble,0.01173478107
R-113,-48,Dew,0.01173478107
R-113,-47,Bubble,0.01253720609
R-113,-47,Dew,0.01253720609
R-113,-46,Bubble,0.0133867026
R-113,-46,Dew,0.0133867026
R-113,-45,Bubble,0.01428554678
R-113,-45,Dew,0.01428554678
R-113,-44,Bubble,0.01523609915
R-113,-44,Dew,0.01523609915
R-113,-43,Bubble,0.01624080657
R-113,-43,Dew,0.01624080657
R-113,-42,Bubble,0.01730220422
R-113,-42,Dew,0.01730220422
R-113,-41,Bubble,0.01842291765
R-113,-41,Dew,0.01842291765
R-113,-40,Bubble,0.01960566479
R-113,-40,Dew,0.01960566479
R-113,-39,Bubble,0.02085325797
R-113,-39,Dew,0.02085325797
R-113,-38,Bubble,0.02216860598
R-113,-38,Dew,0.02216860598
R-113,-37,Bubble,0.02355471605
R-113,-37,Dew,0.02355471605
R-113,-36,Bubble,0.02501469595
R-113,-36,Dew,0.02501469595
R-113,-35,Bubble,0.02655175599
R-113,-35,Dew,0.02655175599
R-113,-34,Bubble,0.0281692111
R-113,-34,Dew,0.0281692111
R-113,-33,Bubble,0.02987048279
R-113,-33,Dew,0.02987048279
R-113,-32,Bubble,0.03165910128
R-113,-32,Dew,0.03165910128
R-113,-31,Bubble,0.03353870748
R-113,-31,Dew,0.03353870748
R-113,-30,Bubble,0.035513055
R-113,-30,Dew,0.035513055
R-113,-29,Bubble,0.03758601223
R-113,-29,Dew,0.03758601223
R-113,-28,Bubble,0.03976156433
R-113,-28,Dew,0.03976156433
R-113,-27,Bubble,0.0420438152
R-113,-27,Dew,0.0420438152
R-113,-26,Bubble,0.04443698955
R-113,-26,Dew,0.04443698955
R-113,-25,Bubble,0.04694543484
R-113,-25,Dew,0.04694543484
R-113,-24,Bubble,0.04957362329
R-113,-24,Dew,0.04957362329
R-113,-23,Bubble,0.0523261538
R-113,-23,Dew,0.0523261538
R-113,-22,Bubble,0.05520775397
R-113,-22,Dew,0.05520775397
R-113,-21,Bubble,0.05822328199
R-113,-21,Dew,0.05822328199
R-113,-20,Bubble,0.0613777286
R-113,-20,Dew,0.0613777286
R-113,-19,Bubble,0.06467621896
R-113,-19,Dew,0.06467621896
R-113,-18,Bubble,0.06812401459
R-113,-18,Dew,0.06812401459
R-113,-17,Bubble,0.07172651521
R-113,-17,Dew,0.07172651521
R-113,-16,Bubble,0.0754892606
R-113,-16,Dew,0.0754892606
R-113,-15,Bubble,0.07941793245
R-113,-15,Dew,0.07941793245
R-113,-14,Bubble,0.08351835618
R-113,-14,Dew,0.08351835618
R-113,-13,Bubble,0.08779650271
R-113,-13,Dew,0.08779650271
R-113,-12,Bubble,0.09225849024
R-113,-12,Dew,0.09225849024
R-113,-11,Bubble,0.09691058599
R-113,-11,Dew,0.09691058599
R-113,-10,Bubble,0.101759208
R-113,-10,Dew,0.101759208
R-113,-9,Bubble,0.1068109266
R-113,-9,Dew,0.1068109266
R-113,-8,Bubble,0.1120724665
R-113,-8,Dew,0.1120724665
R-113,-7,Bubble,0.1175507078
R-113,-7,Dew,0.1175507078
R-113,-6,Bubble,0.1232526885
R-113,-6,Dew,0.1232526885
R-113,-5,Bubble,0.1291856051
R-113,-5,Dew,0.1291856051
R-113,-4,Bubble,0.1353568148
R-113,-4,Dew,0.1353568148
R-113,-3,Bubble,0.141773837
R-113,-3,Dew,0.141773837
R-113,-2,Bubble,0.1484443544
R-113,-2,Dew,0.1484443544
R-113,-1,Bubble,0.155376215
R-113,-1,Dew,0.155376215
R-113,0,Bubble,0.1625774331
R-113,0,Dew,0.1625774331
R-113,1,Bubble,0.1700561908
R-113,1,Dew,0.1700561908
R-113,2,Bubble,0.1778208397
R-113,2,Dew,0.1778208397
R-113,3,Bubble,0.1858799016
R-113,3,Dew,0.1858799016
R-113,4,Bubble,0.1942420706
R-113,4,Dew,0.1942420706
R-113,5,Bubble,0.2029162136
R-113,5,Dew,0.2029162136
R-113,6,Bubble,0.2119113721
R-113,6,Dew,0.2119113721
R-113,7,Bubble,0.221236763
R-113,7,Dew,0.221236763
R-113,8,Bubble,0.23090178
R-113,8,Dew,0.23090178
R-113,9,Bubble,0.2409159946
R-113,9,Dew,0.2409159946
R-113,10,Bubble,0.2512891574
R-113,10,Dew,0.2512891574
R-113,11,Bubble,0.2620311988
R-113,11,Dew,0.2620311988
R-113,12,Bubble,0.2731522302
R-113,12,Dew,0.2731522302
R-113,13,Bubble,0.2846625451
R-113,13,Dew,0.2846625451
R-113,14,Bubble,0.2965726198
R-113,14,Dew,0.2965726198
R-113,15,Bubble,0.3088931143
R-113,15,Dew,0.3088931143
R-113,16,Bubble,0.3216348734
R-113,16,Dew,0.3216348734
R-113,17,Bubble,0.3348089272
R-113,17,Dew,0.3348089272
R-113,18,Bubble,0.3484264921
R-113,18,Dew,0.3484264921
R-113,19,Bubble,0.3624989715
R-113,19,Dew,0.3624989715
R-113,20,Bubble,0.377767233
R-113,20,Dew,0.377767233
R-113,21,Bubble,0.3937612616
R-113,21,Dew,0.3937612616
R-113,22,Bubble,0.410321003
R-113,22,Dew,0.410321003
R-113,23,Bubble,0.4274619616
R-113,23,Dew,0.4274619616
R-113,24,Bubble,0.4451999068
R-113,24,Dew,0.4451999068
R-113,25,Bubble,0.4635508725
R-113,25,Dew,0.4635508725
R-113,26,Bubble,0.482531156
R-113,26,Dew,0.482531156
R-113,27,Bubble,0.5021573179
R-113,27,Dew,0.5021573179
R-113,28,Bubble,0.52244618
R-113,28,Dew,0.52244618
R-113,29,Bubble,0.5434148248
R-113,29,Dew,0.5434148248
R-113,30,Bubble,0.5650805939
R-113,30,Dew,0.5650805939
R-113,31,Bubble,0.587461086
R-113,31,Dew,0.587461086
R-113,32,Bubble,0.6105741553
R-113,32,Dew,0.6105741553
R-113,33,Bubble,0.6344379097
R-113,33,Dew,0.6344379097
R-113,34,Bubble,0.6590707079
R-113,34,Dew,0.6590707079
R-113,35,Bubble,0.6844911577
R-113,35,Dew,0.6844911577
R-113,36,Bubble,0.7107181129
R-113,36,Dew,0.7107181129
R-113,37,Bubble,0.7377706708
R-113,37,Dew,0.7377706708
R-113,38,Bubble,0.7656681686
R-113,38,Dew,0.7656681686
R-113,39,Bubble,0.7944301808
R-113,39,Dew,0.7944301808
R-113,40,Bubble,0.8240765154
R-113,40,Dew,0.8240765154
R-113,41,Bubble,0.8546272104
R-113,41,Dew,0.8546272104
R-113,42,Bubble,0.8861025298
R-113,42,Dew,0.8861025298
R-113,43,Bubble,0.9185229595
R-113,43,Dew,0.9185229595
R-113,44,Bubble,0.9519092034
R-113,44,Dew,0.9519092034
R-113,45,Bubble,0.9862821783
R-113,45,Dew,0.9862821783
R-113,46,Bubble,1.02166301
R-113,46,Dew,1.02166301
R-113,47,Bubble,1.058073027
R-113,47,Dew,1.058073027
R-113,48,Bubble,1.095533758
R-113,48,Dew,1.095533758
R-113,49,Bubble,1.134066924
R-113,49,Dew,1.134066924
R-113,50,Bubble,1.173694434
R-113,50,Dew,1.173694434
R-113,51,Bubble,1.214438378
R-113,51,Dew,1.214438378
R-113,52,Bubble,1.256321023
R-113,52,Dew,1.256321023
R-113,53,Bubble,1.299364808
R-113,53,Dew,1.299364808
R-113,54,Bubble,1.343592332
R-113,54,Dew,1.343592332
R-113,55,Bubble,1.389026355
R-113,55,Dew,1.389026355
R-113,56,Bubble,1.435689784
R-113,56,Dew,1.435689784
R-113,57,Bubble,1.483605673
R-113,57,Dew,1.483605673
R-113,58,Bubble,1.53279721
R-113,58,Dew,1.53279721
R-113,59,Bubble,1.583287714
R-113,59,Dew,1.583287714
R-113,60,Bubble,1.635100625
R-113,60,Dew,1.635100625
R-113,61,Bubble,1.688259499
R-113,61,Dew,1.688259499
R-113,62,Bubble,1.742787996
R-113,62,Dew,1.742787996
R-113,63,Bubble,1.798709877
R-113,63,Dew,1.798709877
R-113,64,Bubble,1.856048993
R-113,64,Dew,1.856048993
R-113,65,Bubble,1.914829276
R-113,65,Dew,1.914829276
R-113,66,Bubble,1.975074733
R-113,66,Dew,1.975074733
R-113,67,Bubble,2.036809436
R-113,67,Dew,2.036809436
R-113,68,Bubble,2.100057513
R-113,68,Dew,2.100057513
R-113,69,Bubble,2.16484314
R-113,69,Dew,2.16484314
R-113,70,Bubble,2.231190533
R-113,70,Dew,2.231190533
